solid OpenSCAD_Model
  facet normal -0.866026 -0.499999 0
    outer loop
      vertex 25.4791 10.6689 2.4
      vertex 21.9791 16.7311 3.3
      vertex 21.9791 16.7311 2.4
    endloop
  endfacet
  facet normal -0.866026 -0.499999 0
    outer loop
      vertex 21.9791 16.7311 3.3
      vertex 25.4791 10.6689 2.4
      vertex 25.4791 10.6689 3.3
    endloop
  endfacet
  facet normal -0.497112 0.867686 0
    outer loop
      vertex 21.9887 16.7366 3.15921
      vertex 21.9791 16.7311 2.4
      vertex 21.9791 16.7311 3.3
    endloop
  endfacet
  facet normal -0.500812 0.865556 6.22137e-05
    outer loop
      vertex 22.0172 16.7531 3.02188
      vertex 21.9791 16.7311 2.4
      vertex 21.9887 16.7366 3.15921
    endloop
  endfacet
  facet normal -0.49977 0.866158 -2.28773e-05
    outer loop
      vertex 22.064 16.7801 2.89141
      vertex 21.9791 16.7311 2.4
      vertex 22.0172 16.7531 3.02188
    endloop
  endfacet
  facet normal -0.499582 0.866267 -6.63099e-05
    outer loop
      vertex 22.128 16.817 2.77099
      vertex 21.9791 16.7311 2.4
      vertex 22.064 16.7801 2.89141
    endloop
  endfacet
  facet normal -0.500206 0.865906 0.000267696
    outer loop
      vertex 22.2074 16.8629 2.6636
      vertex 21.9791 16.7311 2.4
      vertex 22.128 16.817 2.77099
    endloop
  endfacet
  facet normal -0.500012 0.866018 4.40111e-05
    outer loop
      vertex 22.3004 16.9166 2.57188
      vertex 21.9791 16.7311 2.4
      vertex 22.2074 16.8629 2.6636
    endloop
  endfacet
  facet normal -0.49995 0.866054 -0.000112116
    outer loop
      vertex 22.4047 16.9768 2.49809
      vertex 21.9791 16.7311 2.4
      vertex 22.3004 16.9166 2.57188
    endloop
  endfacet
  facet normal -0.499903 0.866081 -0.000380649
    outer loop
      vertex 22.5177 17.042 2.44405
      vertex 21.9791 16.7311 2.4
      vertex 22.4047 16.9768 2.49809
    endloop
  endfacet
  facet normal -0.500009 0.866019 0.00134864
    outer loop
      vertex 22.6366 17.1107 2.41108
      vertex 21.9791 16.7311 2.4
      vertex 22.5177 17.042 2.44405
    endloop
  endfacet
  facet normal -0.50001 0.866018 0.00148018
    outer loop
      vertex 21.9791 16.7311 2.4
      vertex 22.6366 17.1107 2.41108
      vertex 22.7585 17.1811 2.4
    endloop
  endfacet
  facet normal 0.503871 -0.863779 0
    outer loop
      vertex 25.4791 10.6689 2.4
      vertex 25.4887 10.6745 3.15921
      vertex 25.4791 10.6689 3.3
    endloop
  endfacet
  facet normal 0.499052 -0.866572 8.15389e-05
    outer loop
      vertex 25.4791 10.6689 2.4
      vertex 25.5172 10.6909 3.02188
      vertex 25.4887 10.6745 3.15921
    endloop
  endfacet
  facet normal 0.500955 -0.865473 -7.39115e-05
    outer loop
      vertex 25.4791 10.6689 2.4
      vertex 25.564 10.718 2.89141
      vertex 25.5172 10.6909 3.02188
    endloop
  endfacet
  facet normal 0.499769 -0.866158 0.00019932
    outer loop
      vertex 25.4791 10.6689 2.4
      vertex 25.628 10.7549 2.77099
      vertex 25.564 10.718 2.89141
    endloop
  endfacet
  facet normal 0.499829 -0.866124 0.000167328
    outer loop
      vertex 25.4791 10.6689 2.4
      vertex 25.7074 10.8007 2.6636
      vertex 25.628 10.7549 2.77099
    endloop
  endfacet
  facet normal 0.500012 -0.866018 -4.40111e-05
    outer loop
      vertex 25.4791 10.6689 2.4
      vertex 25.8004 10.8544 2.57188
      vertex 25.7074 10.8007 2.6636
    endloop
  endfacet
  facet normal 0.49995 -0.866054 0.000112116
    outer loop
      vertex 25.4791 10.6689 2.4
      vertex 25.9047 10.9146 2.49809
      vertex 25.8004 10.8544 2.57188
    endloop
  endfacet
  facet normal 0.50009 -0.865973 -0.000700734
    outer loop
      vertex 25.4791 10.6689 2.4
      vertex 26.0177 10.9799 2.44405
      vertex 25.9047 10.9146 2.49809
    endloop
  endfacet
  facet normal 0.499978 -0.866038 0.00112759
    outer loop
      vertex 25.4791 10.6689 2.4
      vertex 26.1366 11.0485 2.41108
      vertex 26.0177 10.9799 2.44405
    endloop
  endfacet
  facet normal 0.50001 -0.866018 -0.00148018
    outer loop
      vertex 26.1366 11.0485 2.41108
      vertex 25.4791 10.6689 2.4
      vertex 26.2585 11.1189 2.4
    endloop
  endfacet
  facet normal 0.562439 0.324723 0.760406
    outer loop
      vertex 22.3004 16.9166 2.57188
      vertex 25.7074 10.8007 2.6636
      vertex 25.8004 10.8544 2.57188
    endloop
  endfacet
  facet normal 0.562439 0.324723 0.760406
    outer loop
      vertex 25.7074 10.8007 2.6636
      vertex 22.3004 16.9166 2.57188
      vertex 22.2074 16.8629 2.6636
    endloop
  endfacet
  facet normal 0.738181 0.426195 0.522921
    outer loop
      vertex 22.064 16.7801 2.89141
      vertex 25.628 10.7549 2.77099
      vertex 22.128 16.817 2.77099
    endloop
  endfacet
  facet normal 0.738181 0.426195 0.522921
    outer loop
      vertex 25.628 10.7549 2.77099
      vertex 22.064 16.7801 2.89141
      vertex 25.564 10.718 2.89141
    endloop
  endfacet
  facet normal 0.800128 0.46196 0.382608
    outer loop
      vertex 22.0172 16.7531 3.02188
      vertex 25.564 10.718 2.89141
      vertex 22.064 16.7801 2.89141
    endloop
  endfacet
  facet normal 0.800022 0.461891 0.38291
    outer loop
      vertex 25.564 10.718 2.89141
      vertex 22.0172 16.7531 3.02188
      vertex 25.5172 10.6909 3.02188
    endloop
  endfacet
  facet normal 0.658554 0.380215 0.649418
    outer loop
      vertex 22.128 16.817 2.77099
      vertex 25.7074 10.8007 2.6636
      vertex 22.2074 16.8629 2.6636
    endloop
  endfacet
  facet normal 0.658702 0.380307 0.649213
    outer loop
      vertex 25.7074 10.8007 2.6636
      vertex 22.128 16.817 2.77099
      vertex 25.628 10.7549 2.77099
    endloop
  endfacet
  facet normal 0.331311 0.191285 0.923928
    outer loop
      vertex 22.5177 17.042 2.44405
      vertex 25.9047 10.9146 2.49809
      vertex 26.0177 10.9799 2.44405
    endloop
  endfacet
  facet normal 0.331421 0.191345 0.923876
    outer loop
      vertex 25.9047 10.9146 2.49809
      vertex 22.5177 17.042 2.44405
      vertex 22.4047 16.9768 2.49809
    endloop
  endfacet
  facet normal 0.842151 0.486214 0.233189
    outer loop
      vertex 21.9887 16.7366 3.15921
      vertex 25.5172 10.6909 3.02188
      vertex 22.0172 16.7531 3.02188
    endloop
  endfacet
  facet normal 0.842217 0.486261 0.232854
    outer loop
      vertex 25.5172 10.6909 3.02188
      vertex 21.9887 16.7366 3.15921
      vertex 25.4887 10.6745 3.15921
    endloop
  endfacet
  facet normal 0.863361 0.498468 0.0783425
    outer loop
      vertex 21.9791 16.7311 3.3
      vertex 25.4887 10.6745 3.15921
      vertex 21.9887 16.7366 3.15921
    endloop
  endfacet
  facet normal 0.86334 0.498448 0.0786943
    outer loop
      vertex 25.4887 10.6745 3.15921
      vertex 21.9791 16.7311 3.3
      vertex 25.4791 10.6689 3.3
    endloop
  endfacet
  facet normal 0.452464 0.261229 0.852664
    outer loop
      vertex 22.4047 16.9768 2.49809
      vertex 25.8004 10.8544 2.57188
      vertex 25.9047 10.9146 2.49809
    endloop
  endfacet
  facet normal 0.452464 0.261229 0.852664
    outer loop
      vertex 25.8004 10.8544 2.57188
      vertex 22.4047 16.9768 2.49809
      vertex 22.3004 16.9166 2.57188
    endloop
  endfacet
  facet normal 0.202253 0.11677 0.972347
    outer loop
      vertex 22.6366 17.1107 2.41108
      vertex 26.0177 10.9799 2.44405
      vertex 26.1366 11.0485 2.41108
    endloop
  endfacet
  facet normal 0.202182 0.116731 0.972366
    outer loop
      vertex 26.0177 10.9799 2.44405
      vertex 22.6366 17.1107 2.41108
      vertex 22.5177 17.042 2.44405
    endloop
  endfacet
  facet normal 0.0679554 0.0392339 0.996917
    outer loop
      vertex 22.7585 17.1811 2.4
      vertex 26.1366 11.0485 2.41108
      vertex 26.2585 11.1189 2.4
    endloop
  endfacet
  facet normal 0.0679554 0.0392339 0.996917
    outer loop
      vertex 26.1366 11.0485 2.41108
      vertex 22.7585 17.1811 2.4
      vertex 22.6366 17.1107 2.41108
    endloop
  endfacet
  facet normal -0.499982 0.866036 0
    outer loop
      vertex 19.4676 15.2811 15.45
      vertex 20.7667 16.0311 15.2
      vertex 19.4676 15.2811 15.2
    endloop
  endfacet
  facet normal -0.499983 0.866035 -6.0604e-06
    outer loop
      vertex 20.8966 16.1061 16
      vertex 20.7667 16.0311 15.2
      vertex 19.4676 15.2811 15.45
    endloop
  endfacet
  facet normal -0.500011 0.866019 0
    outer loop
      vertex 21.9791 16.7311 16
      vertex 20.7667 16.0311 12.6
      vertex 20.7667 16.0311 15.2
    endloop
  endfacet
  facet normal -0.500011 0.866019 0
    outer loop
      vertex 21.9791 16.7311 16
      vertex 20.7667 16.0311 10.2
      vertex 20.7667 16.0311 12.6
    endloop
  endfacet
  facet normal -0.500011 0.866019 0
    outer loop
      vertex 21.9791 16.7311 2.4
      vertex 20.7667 16.0311 10.2
      vertex 21.9791 16.7311 16
    endloop
  endfacet
  facet normal -0.500011 0.866019 0
    outer loop
      vertex 20.7667 16.0311 10.2
      vertex 21.9791 16.7311 2.4
      vertex 20.7667 16.0311 2.4
    endloop
  endfacet
  facet normal -0.500011 0.866019 0
    outer loop
      vertex 21.9791 16.7311 -1.2207e-05
      vertex 20.7667 16.0311 -7.62939e-07
      vertex 21.9791 16.7311 -7.62939e-07
    endloop
  endfacet
  facet normal -0.500011 0.866019 0
    outer loop
      vertex 20.7667 16.0311 -7.62939e-07
      vertex 21.9791 16.7311 -1.2207e-05
      vertex 20.7667 16.0311 -1.2207e-05
    endloop
  endfacet
  facet normal -0.500011 0.866019 -3.52504e-15
    outer loop
      vertex 20.8966 16.1061 16
      vertex 21.9791 16.7311 16
      vertex 20.7667 16.0311 15.2
    endloop
  endfacet
  facet normal -0.499998 0.866026 0
    outer loop
      vertex 20.7667 16.0311 12.6
      vertex 20.7667 16.0311 10.2
      vertex 20.1778 15.6911 11.4
    endloop
  endfacet
  facet normal 0.499982 -0.866036 0
    outer loop
      vertex 24.2667 9.96891 15.2
      vertex 22.9676 9.21891 15.45
      vertex 22.9676 9.21891 15.2
    endloop
  endfacet
  facet normal 0.499981 -0.866036 -4.43703e-06
    outer loop
      vertex 24.2667 9.96891 15.2
      vertex 24.3966 10.0439 16
      vertex 22.9676 9.21891 15.45
    endloop
  endfacet
  facet normal 0.500006 -0.866022 0
    outer loop
      vertex 24.2667 9.96891 12.6
      vertex 25.4791 10.6689 16
      vertex 24.2667 9.96891 15.2
    endloop
  endfacet
  facet normal 0.500006 -0.866022 0
    outer loop
      vertex 24.2667 9.96891 10.2
      vertex 25.4791 10.6689 16
      vertex 24.2667 9.96891 12.6
    endloop
  endfacet
  facet normal 0.500006 -0.866022 0
    outer loop
      vertex 25.4791 10.6689 2.4
      vertex 24.2667 9.96891 10.2
      vertex 24.2667 9.96891 2.4
    endloop
  endfacet
  facet normal 0.500006 -0.866022 0
    outer loop
      vertex 24.2667 9.96891 10.2
      vertex 25.4791 10.6689 2.4
      vertex 25.4791 10.6689 16
    endloop
  endfacet
  facet normal 0.500006 -0.866022 0
    outer loop
      vertex 24.2667 9.96891 -1.2207e-05
      vertex 25.4791 10.6689 -7.62939e-07
      vertex 24.2667 9.96891 -7.62939e-07
    endloop
  endfacet
  facet normal 0.500006 -0.866022 0
    outer loop
      vertex 25.4791 10.6689 -7.62939e-07
      vertex 24.2667 9.96891 -1.2207e-05
      vertex 25.4791 10.6689 -1.2207e-05
    endloop
  endfacet
  facet normal 0.500011 -0.866019 -1.08252e-05
    outer loop
      vertex 25.4791 10.6689 16
      vertex 24.3966 10.0439 16
      vertex 24.2667 9.96891 15.2
    endloop
  endfacet
  facet normal 0.499998 -0.866026 0
    outer loop
      vertex 24.2667 9.96891 10.2
      vertex 24.2667 9.96891 12.6
      vertex 23.6778 9.62891 11.4
    endloop
  endfacet
  facet normal 0 0 1
    outer loop
      vertex 21.9791 16.7311 16
      vertex 24.3966 10.0439 16
      vertex 25.4791 10.6689 16
    endloop
  endfacet
  facet normal 0 0 1
    outer loop
      vertex 24.3966 10.0439 16
      vertex 21.9791 16.7311 16
      vertex 20.8966 16.1061 16
    endloop
  endfacet
  facet normal -0.273855 -0.15811 0.948686
    outer loop
      vertex 20.8966 16.1061 16
      vertex 22.9676 9.21891 15.45
      vertex 24.3966 10.0439 16
    endloop
  endfacet
  facet normal -0.273854 -0.158109 0.948686
    outer loop
      vertex 22.9676 9.21891 15.45
      vertex 20.8966 16.1061 16
      vertex 19.4676 15.2811 15.45
    endloop
  endfacet
  facet normal -0.866026 -0.499999 0
    outer loop
      vertex 22.9676 9.21891 15.2
      vertex 19.4676 15.2811 15.45
      vertex 19.4676 15.2811 15.2
    endloop
  endfacet
  facet normal -0.866026 -0.499999 0
    outer loop
      vertex 19.4676 15.2811 15.45
      vertex 22.9676 9.21891 15.2
      vertex 22.9676 9.21891 15.45
    endloop
  endfacet
  facet normal 0 0 -1
    outer loop
      vertex 22.9676 9.21891 15.2
      vertex 20.7667 16.0311 15.2
      vertex 24.2667 9.96891 15.2
    endloop
  endfacet
  facet normal 0 -0 -1
    outer loop
      vertex 20.7667 16.0311 15.2
      vertex 22.9676 9.21891 15.2
      vertex 19.4676 15.2811 15.2
    endloop
  endfacet
  facet normal -0.866026 -0.499999 0
    outer loop
      vertex 24.2667 9.96891 12.6
      vertex 20.7667 16.0311 15.2
      vertex 20.7667 16.0311 12.6
    endloop
  endfacet
  facet normal -0.866026 -0.499999 0
    outer loop
      vertex 20.7667 16.0311 15.2
      vertex 24.2667 9.96891 12.6
      vertex 24.2667 9.96891 15.2
    endloop
  endfacet
  facet normal -0.753461 -0.43501 0.493014
    outer loop
      vertex 20.1778 15.6911 11.4
      vertex 24.2667 9.96891 12.6
      vertex 20.7667 16.0311 12.6
    endloop
  endfacet
  facet normal -0.753461 -0.43501 0.493014
    outer loop
      vertex 24.2667 9.96891 12.6
      vertex 20.1778 15.6911 11.4
      vertex 23.6778 9.62891 11.4
    endloop
  endfacet
  facet normal -0.753461 -0.43501 -0.493014
    outer loop
      vertex 24.2667 9.96891 10.2
      vertex 20.1778 15.6911 11.4
      vertex 20.7667 16.0311 10.2
    endloop
  endfacet
  facet normal -0.753461 -0.43501 -0.493014
    outer loop
      vertex 20.1778 15.6911 11.4
      vertex 24.2667 9.96891 10.2
      vertex 23.6778 9.62891 11.4
    endloop
  endfacet
  facet normal -0.866026 -0.499999 0
    outer loop
      vertex 24.2667 9.96891 -1.2207e-05
      vertex 20.7667 16.0311 -7.62939e-07
      vertex 20.7667 16.0311 -1.2207e-05
    endloop
  endfacet
  facet normal -0.866026 -0.499999 0
    outer loop
      vertex 20.7667 16.0311 -7.62939e-07
      vertex 24.2667 9.96891 -1.2207e-05
      vertex 24.2667 9.96891 -7.62939e-07
    endloop
  endfacet
  facet normal -0.866026 -0.499999 0
    outer loop
      vertex 24.2667 9.96891 2.4
      vertex 20.7667 16.0311 10.2
      vertex 20.7667 16.0311 2.4
    endloop
  endfacet
  facet normal -0.866026 -0.499999 0
    outer loop
      vertex 20.7667 16.0311 10.2
      vertex 24.2667 9.96891 2.4
      vertex 24.2667 9.96891 10.2
    endloop
  endfacet
  facet normal 0 0 -1
    outer loop
      vertex 24.2667 9.96891 -1.2207e-05
      vertex 21.9791 16.7311 -1.2207e-05
      vertex 25.4791 10.6689 -1.2207e-05
    endloop
  endfacet
  facet normal 0 -0 -1
    outer loop
      vertex 21.9791 16.7311 -1.2207e-05
      vertex 24.2667 9.96891 -1.2207e-05
      vertex 20.7667 16.0311 -1.2207e-05
    endloop
  endfacet
  facet normal 0.866026 0.499999 0
    outer loop
      vertex 25.4791 10.6689 16
      vertex 21.9791 16.7311 2.4
      vertex 21.9791 16.7311 16
    endloop
  endfacet
  facet normal 0.866026 0.499999 0
    outer loop
      vertex 21.9791 16.7311 2.4
      vertex 25.4791 10.6689 16
      vertex 25.4791 10.6689 2.4
    endloop
  endfacet
  facet normal 0.866026 0.499999 0
    outer loop
      vertex 25.4791 10.6689 -7.62939e-07
      vertex 21.9791 16.7311 -1.2207e-05
      vertex 21.9791 16.7311 -7.62939e-07
    endloop
  endfacet
  facet normal 0.866026 0.499999 0
    outer loop
      vertex 21.9791 16.7311 -1.2207e-05
      vertex 25.4791 10.6689 -7.62939e-07
      vertex 25.4791 10.6689 -1.2207e-05
    endloop
  endfacet
  facet normal 0.866026 -0.499999 0
    outer loop
      vertex -25.4791 10.6689 3.3
      vertex -21.9791 16.7311 2.4
      vertex -21.9791 16.7311 3.3
    endloop
  endfacet
  facet normal 0.866026 -0.499999 0
    outer loop
      vertex -21.9791 16.7311 2.4
      vertex -25.4791 10.6689 3.3
      vertex -25.4791 10.6689 2.4
    endloop
  endfacet
  facet normal -0.503871 -0.863779 0
    outer loop
      vertex -25.4887 10.6745 3.15921
      vertex -25.4791 10.6689 2.4
      vertex -25.4791 10.6689 3.3
    endloop
  endfacet
  facet normal -0.499052 -0.866572 8.15389e-05
    outer loop
      vertex -25.5172 10.6909 3.02188
      vertex -25.4791 10.6689 2.4
      vertex -25.4887 10.6745 3.15921
    endloop
  endfacet
  facet normal -0.500955 -0.865473 -7.39115e-05
    outer loop
      vertex -25.564 10.718 2.89141
      vertex -25.4791 10.6689 2.4
      vertex -25.5172 10.6909 3.02188
    endloop
  endfacet
  facet normal -0.499769 -0.866158 0.00019932
    outer loop
      vertex -25.628 10.7549 2.77099
      vertex -25.4791 10.6689 2.4
      vertex -25.564 10.718 2.89141
    endloop
  endfacet
  facet normal -0.499829 -0.866124 0.000167328
    outer loop
      vertex -25.7074 10.8007 2.6636
      vertex -25.4791 10.6689 2.4
      vertex -25.628 10.7549 2.77099
    endloop
  endfacet
  facet normal -0.500012 -0.866018 -4.40111e-05
    outer loop
      vertex -25.8004 10.8544 2.57188
      vertex -25.4791 10.6689 2.4
      vertex -25.7074 10.8007 2.6636
    endloop
  endfacet
  facet normal -0.49995 -0.866054 0.000112116
    outer loop
      vertex -25.9047 10.9146 2.49809
      vertex -25.4791 10.6689 2.4
      vertex -25.8004 10.8544 2.57188
    endloop
  endfacet
  facet normal -0.50009 -0.865973 -0.000700734
    outer loop
      vertex -26.0177 10.9799 2.44405
      vertex -25.4791 10.6689 2.4
      vertex -25.9047 10.9146 2.49809
    endloop
  endfacet
  facet normal -0.499978 -0.866038 0.00112759
    outer loop
      vertex -26.1366 11.0485 2.41108
      vertex -25.4791 10.6689 2.4
      vertex -26.0177 10.9799 2.44405
    endloop
  endfacet
  facet normal -0.50001 -0.866018 -0.00148018
    outer loop
      vertex -25.4791 10.6689 2.4
      vertex -26.1366 11.0485 2.41108
      vertex -26.2585 11.1189 2.4
    endloop
  endfacet
  facet normal 0.497112 0.867686 -0
    outer loop
      vertex -21.9791 16.7311 2.4
      vertex -21.9887 16.7366 3.15921
      vertex -21.9791 16.7311 3.3
    endloop
  endfacet
  facet normal 0.500812 0.865556 6.22137e-05
    outer loop
      vertex -21.9791 16.7311 2.4
      vertex -22.0172 16.7531 3.02188
      vertex -21.9887 16.7366 3.15921
    endloop
  endfacet
  facet normal 0.49977 0.866158 -2.28773e-05
    outer loop
      vertex -21.9791 16.7311 2.4
      vertex -22.064 16.7801 2.89141
      vertex -22.0172 16.7531 3.02188
    endloop
  endfacet
  facet normal 0.499582 0.866267 -6.63099e-05
    outer loop
      vertex -21.9791 16.7311 2.4
      vertex -22.128 16.817 2.77099
      vertex -22.064 16.7801 2.89141
    endloop
  endfacet
  facet normal 0.500206 0.865906 0.000267696
    outer loop
      vertex -21.9791 16.7311 2.4
      vertex -22.2074 16.8629 2.6636
      vertex -22.128 16.817 2.77099
    endloop
  endfacet
  facet normal 0.500012 0.866018 4.40111e-05
    outer loop
      vertex -21.9791 16.7311 2.4
      vertex -22.3004 16.9166 2.57188
      vertex -22.2074 16.8629 2.6636
    endloop
  endfacet
  facet normal 0.49995 0.866054 -0.000112116
    outer loop
      vertex -21.9791 16.7311 2.4
      vertex -22.4047 16.9768 2.49809
      vertex -22.3004 16.9166 2.57188
    endloop
  endfacet
  facet normal 0.499903 0.866081 -0.000380649
    outer loop
      vertex -21.9791 16.7311 2.4
      vertex -22.5177 17.042 2.44405
      vertex -22.4047 16.9768 2.49809
    endloop
  endfacet
  facet normal 0.500009 0.866019 0.00134864
    outer loop
      vertex -21.9791 16.7311 2.4
      vertex -22.6366 17.1107 2.41108
      vertex -22.5177 17.042 2.44405
    endloop
  endfacet
  facet normal 0.50001 0.866018 0.00148018
    outer loop
      vertex -22.6366 17.1107 2.41108
      vertex -21.9791 16.7311 2.4
      vertex -22.7585 17.1811 2.4
    endloop
  endfacet
  facet normal -0.562439 0.324723 0.760406
    outer loop
      vertex -22.3004 16.9166 2.57188
      vertex -25.7074 10.8007 2.6636
      vertex -22.2074 16.8629 2.6636
    endloop
  endfacet
  facet normal -0.562439 0.324723 0.760406
    outer loop
      vertex -25.7074 10.8007 2.6636
      vertex -22.3004 16.9166 2.57188
      vertex -25.8004 10.8544 2.57188
    endloop
  endfacet
  facet normal -0.738181 0.426195 0.522921
    outer loop
      vertex -25.628 10.7549 2.77099
      vertex -22.064 16.7801 2.89141
      vertex -22.128 16.817 2.77099
    endloop
  endfacet
  facet normal -0.738181 0.426195 0.522921
    outer loop
      vertex -22.064 16.7801 2.89141
      vertex -25.628 10.7549 2.77099
      vertex -25.564 10.718 2.89141
    endloop
  endfacet
  facet normal -0.800128 0.46196 0.382608
    outer loop
      vertex -25.564 10.718 2.89141
      vertex -22.0172 16.7531 3.02188
      vertex -22.064 16.7801 2.89141
    endloop
  endfacet
  facet normal -0.800022 0.461891 0.38291
    outer loop
      vertex -22.0172 16.7531 3.02188
      vertex -25.564 10.718 2.89141
      vertex -25.5172 10.6909 3.02188
    endloop
  endfacet
  facet normal -0.658554 0.380215 0.649418
    outer loop
      vertex -25.7074 10.8007 2.6636
      vertex -22.128 16.817 2.77099
      vertex -22.2074 16.8629 2.6636
    endloop
  endfacet
  facet normal -0.658702 0.380307 0.649213
    outer loop
      vertex -22.128 16.817 2.77099
      vertex -25.7074 10.8007 2.6636
      vertex -25.628 10.7549 2.77099
    endloop
  endfacet
  facet normal -0.331421 0.191345 0.923876
    outer loop
      vertex -22.5177 17.042 2.44405
      vertex -25.9047 10.9146 2.49809
      vertex -22.4047 16.9768 2.49809
    endloop
  endfacet
  facet normal -0.331311 0.191285 0.923928
    outer loop
      vertex -25.9047 10.9146 2.49809
      vertex -22.5177 17.042 2.44405
      vertex -26.0177 10.9799 2.44405
    endloop
  endfacet
  facet normal -0.842151 0.486214 0.233189
    outer loop
      vertex -25.5172 10.6909 3.02188
      vertex -21.9887 16.7366 3.15921
      vertex -22.0172 16.7531 3.02188
    endloop
  endfacet
  facet normal -0.842217 0.486261 0.232854
    outer loop
      vertex -21.9887 16.7366 3.15921
      vertex -25.5172 10.6909 3.02188
      vertex -25.4887 10.6745 3.15921
    endloop
  endfacet
  facet normal -0.863361 0.498468 0.0783425
    outer loop
      vertex -25.4887 10.6745 3.15921
      vertex -21.9791 16.7311 3.3
      vertex -21.9887 16.7366 3.15921
    endloop
  endfacet
  facet normal -0.86334 0.498448 0.0786943
    outer loop
      vertex -21.9791 16.7311 3.3
      vertex -25.4887 10.6745 3.15921
      vertex -25.4791 10.6689 3.3
    endloop
  endfacet
  facet normal -0.452464 0.261229 0.852664
    outer loop
      vertex -22.4047 16.9768 2.49809
      vertex -25.8004 10.8544 2.57188
      vertex -22.3004 16.9166 2.57188
    endloop
  endfacet
  facet normal -0.452464 0.261229 0.852664
    outer loop
      vertex -25.8004 10.8544 2.57188
      vertex -22.4047 16.9768 2.49809
      vertex -25.9047 10.9146 2.49809
    endloop
  endfacet
  facet normal -0.202182 0.116731 0.972366
    outer loop
      vertex -22.6366 17.1107 2.41108
      vertex -26.0177 10.9799 2.44405
      vertex -22.5177 17.042 2.44405
    endloop
  endfacet
  facet normal -0.202253 0.11677 0.972347
    outer loop
      vertex -26.0177 10.9799 2.44405
      vertex -22.6366 17.1107 2.41108
      vertex -26.1366 11.0485 2.41108
    endloop
  endfacet
  facet normal -0.0679554 0.0392339 0.996917
    outer loop
      vertex -22.7585 17.1811 2.4
      vertex -26.1366 11.0485 2.41108
      vertex -22.6366 17.1107 2.41108
    endloop
  endfacet
  facet normal -0.0679554 0.0392339 0.996917
    outer loop
      vertex -26.1366 11.0485 2.41108
      vertex -22.7585 17.1811 2.4
      vertex -26.2585 11.1189 2.4
    endloop
  endfacet
  facet normal -0.499982 -0.866036 0
    outer loop
      vertex -22.9676 9.21891 15.2
      vertex -22.9676 9.21891 15.45
      vertex -24.2667 9.96891 15.2
    endloop
  endfacet
  facet normal -0.499981 -0.866036 -4.43703e-06
    outer loop
      vertex -24.2667 9.96891 15.2
      vertex -22.9676 9.21891 15.45
      vertex -24.3966 10.0439 16
    endloop
  endfacet
  facet normal -0.500006 -0.866022 0
    outer loop
      vertex -25.4791 10.6689 16
      vertex -24.2667 9.96891 12.6
      vertex -24.2667 9.96891 15.2
    endloop
  endfacet
  facet normal -0.500006 -0.866022 0
    outer loop
      vertex -25.4791 10.6689 16
      vertex -24.2667 9.96891 10.2
      vertex -24.2667 9.96891 12.6
    endloop
  endfacet
  facet normal -0.500006 -0.866022 0
    outer loop
      vertex -25.4791 10.6689 2.4
      vertex -24.2667 9.96891 10.2
      vertex -25.4791 10.6689 16
    endloop
  endfacet
  facet normal -0.500006 -0.866022 -0
    outer loop
      vertex -24.2667 9.96891 10.2
      vertex -25.4791 10.6689 2.4
      vertex -24.2667 9.96891 2.4
    endloop
  endfacet
  facet normal -0.500006 -0.866022 0
    outer loop
      vertex -25.4791 10.6689 -1.2207e-05
      vertex -24.2667 9.96891 -7.62939e-07
      vertex -25.4791 10.6689 -7.62939e-07
    endloop
  endfacet
  facet normal -0.500006 -0.866022 -0
    outer loop
      vertex -24.2667 9.96891 -7.62939e-07
      vertex -25.4791 10.6689 -1.2207e-05
      vertex -24.2667 9.96891 -1.2207e-05
    endloop
  endfacet
  facet normal -0.500011 -0.866019 -1.08252e-05
    outer loop
      vertex -24.2667 9.96891 15.2
      vertex -24.3966 10.0439 16
      vertex -25.4791 10.6689 16
    endloop
  endfacet
  facet normal -0.499998 -0.866026 0
    outer loop
      vertex -23.6778 9.62891 11.4
      vertex -24.2667 9.96891 12.6
      vertex -24.2667 9.96891 10.2
    endloop
  endfacet
  facet normal 0.499982 0.866036 0
    outer loop
      vertex -19.4676 15.2811 15.45
      vertex -19.4676 15.2811 15.2
      vertex -20.7667 16.0311 15.2
    endloop
  endfacet
  facet normal 0.499983 0.866035 -6.0604e-06
    outer loop
      vertex -19.4676 15.2811 15.45
      vertex -20.7667 16.0311 15.2
      vertex -20.8966 16.1061 16
    endloop
  endfacet
  facet normal 0.500011 0.866019 -3.52504e-15
    outer loop
      vertex -20.8966 16.1061 16
      vertex -20.7667 16.0311 15.2
      vertex -21.9791 16.7311 16
    endloop
  endfacet
  facet normal 0.500011 0.866019 -0
    outer loop
      vertex -20.7667 16.0311 12.6
      vertex -21.9791 16.7311 16
      vertex -20.7667 16.0311 15.2
    endloop
  endfacet
  facet normal 0.500011 0.866019 -0
    outer loop
      vertex -20.7667 16.0311 10.2
      vertex -21.9791 16.7311 16
      vertex -20.7667 16.0311 12.6
    endloop
  endfacet
  facet normal 0.500011 0.866019 0
    outer loop
      vertex -21.9791 16.7311 2.4
      vertex -20.7667 16.0311 10.2
      vertex -20.7667 16.0311 2.4
    endloop
  endfacet
  facet normal 0.500011 0.866019 0
    outer loop
      vertex -20.7667 16.0311 10.2
      vertex -21.9791 16.7311 2.4
      vertex -21.9791 16.7311 16
    endloop
  endfacet
  facet normal 0.500011 0.866019 -0
    outer loop
      vertex -20.7667 16.0311 -1.2207e-05
      vertex -21.9791 16.7311 -7.62939e-07
      vertex -20.7667 16.0311 -7.62939e-07
    endloop
  endfacet
  facet normal 0.500011 0.866019 0
    outer loop
      vertex -21.9791 16.7311 -7.62939e-07
      vertex -20.7667 16.0311 -1.2207e-05
      vertex -21.9791 16.7311 -1.2207e-05
    endloop
  endfacet
  facet normal 0.499998 0.866026 0
    outer loop
      vertex -20.7667 16.0311 12.6
      vertex -20.1778 15.6911 11.4
      vertex -20.7667 16.0311 10.2
    endloop
  endfacet
  facet normal 0 0 1
    outer loop
      vertex -21.9791 16.7311 16
      vertex -24.3966 10.0439 16
      vertex -20.8966 16.1061 16
    endloop
  endfacet
  facet normal 0 -0 1
    outer loop
      vertex -24.3966 10.0439 16
      vertex -21.9791 16.7311 16
      vertex -25.4791 10.6689 16
    endloop
  endfacet
  facet normal 0.273854 -0.158109 0.948686
    outer loop
      vertex -20.8966 16.1061 16
      vertex -22.9676 9.21891 15.45
      vertex -19.4676 15.2811 15.45
    endloop
  endfacet
  facet normal 0.273855 -0.15811 0.948686
    outer loop
      vertex -22.9676 9.21891 15.45
      vertex -20.8966 16.1061 16
      vertex -24.3966 10.0439 16
    endloop
  endfacet
  facet normal 0.866026 -0.499999 0
    outer loop
      vertex -22.9676 9.21891 15.45
      vertex -19.4676 15.2811 15.2
      vertex -19.4676 15.2811 15.45
    endloop
  endfacet
  facet normal 0.866026 -0.499999 0
    outer loop
      vertex -19.4676 15.2811 15.2
      vertex -22.9676 9.21891 15.45
      vertex -22.9676 9.21891 15.2
    endloop
  endfacet
  facet normal 0 0 -1
    outer loop
      vertex -22.9676 9.21891 15.2
      vertex -20.7667 16.0311 15.2
      vertex -19.4676 15.2811 15.2
    endloop
  endfacet
  facet normal 0 0 -1
    outer loop
      vertex -20.7667 16.0311 15.2
      vertex -22.9676 9.21891 15.2
      vertex -24.2667 9.96891 15.2
    endloop
  endfacet
  facet normal 0.866026 -0.499999 0
    outer loop
      vertex -24.2667 9.96891 15.2
      vertex -20.7667 16.0311 12.6
      vertex -20.7667 16.0311 15.2
    endloop
  endfacet
  facet normal 0.866026 -0.499999 0
    outer loop
      vertex -20.7667 16.0311 12.6
      vertex -24.2667 9.96891 15.2
      vertex -24.2667 9.96891 12.6
    endloop
  endfacet
  facet normal 0.753461 -0.43501 0.493014
    outer loop
      vertex -24.2667 9.96891 12.6
      vertex -20.1778 15.6911 11.4
      vertex -20.7667 16.0311 12.6
    endloop
  endfacet
  facet normal 0.753461 -0.43501 0.493014
    outer loop
      vertex -20.1778 15.6911 11.4
      vertex -24.2667 9.96891 12.6
      vertex -23.6778 9.62891 11.4
    endloop
  endfacet
  facet normal 0.753461 -0.43501 -0.493014
    outer loop
      vertex -20.1778 15.6911 11.4
      vertex -24.2667 9.96891 10.2
      vertex -20.7667 16.0311 10.2
    endloop
  endfacet
  facet normal 0.753461 -0.43501 -0.493014
    outer loop
      vertex -24.2667 9.96891 10.2
      vertex -20.1778 15.6911 11.4
      vertex -23.6778 9.62891 11.4
    endloop
  endfacet
  facet normal 0.866026 -0.499999 0
    outer loop
      vertex -24.2667 9.96891 -7.62939e-07
      vertex -20.7667 16.0311 -1.2207e-05
      vertex -20.7667 16.0311 -7.62939e-07
    endloop
  endfacet
  facet normal 0.866026 -0.499999 0
    outer loop
      vertex -20.7667 16.0311 -1.2207e-05
      vertex -24.2667 9.96891 -7.62939e-07
      vertex -24.2667 9.96891 -1.2207e-05
    endloop
  endfacet
  facet normal 0.866026 -0.499999 0
    outer loop
      vertex -24.2667 9.96891 10.2
      vertex -20.7667 16.0311 2.4
      vertex -20.7667 16.0311 10.2
    endloop
  endfacet
  facet normal 0.866026 -0.499999 0
    outer loop
      vertex -20.7667 16.0311 2.4
      vertex -24.2667 9.96891 10.2
      vertex -24.2667 9.96891 2.4
    endloop
  endfacet
  facet normal 0 0 -1
    outer loop
      vertex -24.2667 9.96891 -1.2207e-05
      vertex -21.9791 16.7311 -1.2207e-05
      vertex -20.7667 16.0311 -1.2207e-05
    endloop
  endfacet
  facet normal 0 0 -1
    outer loop
      vertex -21.9791 16.7311 -1.2207e-05
      vertex -24.2667 9.96891 -1.2207e-05
      vertex -25.4791 10.6689 -1.2207e-05
    endloop
  endfacet
  facet normal -0.866026 0.499999 0
    outer loop
      vertex -25.4791 10.6689 2.4
      vertex -21.9791 16.7311 16
      vertex -21.9791 16.7311 2.4
    endloop
  endfacet
  facet normal -0.866026 0.499999 0
    outer loop
      vertex -21.9791 16.7311 16
      vertex -25.4791 10.6689 2.4
      vertex -25.4791 10.6689 16
    endloop
  endfacet
  facet normal -0.866026 0.499999 0
    outer loop
      vertex -25.4791 10.6689 -1.2207e-05
      vertex -21.9791 16.7311 -7.62939e-07
      vertex -21.9791 16.7311 -1.2207e-05
    endloop
  endfacet
  facet normal -0.866026 0.499999 0
    outer loop
      vertex -21.9791 16.7311 -7.62939e-07
      vertex -25.4791 10.6689 -1.2207e-05
      vertex -25.4791 10.6689 -7.62939e-07
    endloop
  endfacet
  facet normal 0.866026 0.499999 0
    outer loop
      vertex -21.9791 -16.7311 3.3
      vertex -25.4791 -10.6689 2.4
      vertex -25.4791 -10.6689 3.3
    endloop
  endfacet
  facet normal 0.866026 0.499999 0
    outer loop
      vertex -25.4791 -10.6689 2.4
      vertex -21.9791 -16.7311 3.3
      vertex -21.9791 -16.7311 2.4
    endloop
  endfacet
  facet normal 0.497112 -0.867686 0
    outer loop
      vertex -21.9887 -16.7366 3.15921
      vertex -21.9791 -16.7311 2.4
      vertex -21.9791 -16.7311 3.3
    endloop
  endfacet
  facet normal 0.500812 -0.865556 6.22137e-05
    outer loop
      vertex -22.0172 -16.7531 3.02188
      vertex -21.9791 -16.7311 2.4
      vertex -21.9887 -16.7366 3.15921
    endloop
  endfacet
  facet normal 0.49977 -0.866158 -2.28773e-05
    outer loop
      vertex -22.064 -16.7801 2.89141
      vertex -21.9791 -16.7311 2.4
      vertex -22.0172 -16.7531 3.02188
    endloop
  endfacet
  facet normal 0.499582 -0.866267 -6.63099e-05
    outer loop
      vertex -22.128 -16.817 2.77099
      vertex -21.9791 -16.7311 2.4
      vertex -22.064 -16.7801 2.89141
    endloop
  endfacet
  facet normal 0.500206 -0.865906 0.000267696
    outer loop
      vertex -22.2074 -16.8629 2.6636
      vertex -21.9791 -16.7311 2.4
      vertex -22.128 -16.817 2.77099
    endloop
  endfacet
  facet normal 0.500012 -0.866018 4.40111e-05
    outer loop
      vertex -22.3004 -16.9166 2.57188
      vertex -21.9791 -16.7311 2.4
      vertex -22.2074 -16.8629 2.6636
    endloop
  endfacet
  facet normal 0.49995 -0.866054 -0.000112116
    outer loop
      vertex -22.4047 -16.9768 2.49809
      vertex -21.9791 -16.7311 2.4
      vertex -22.3004 -16.9166 2.57188
    endloop
  endfacet
  facet normal 0.499903 -0.866081 -0.000380649
    outer loop
      vertex -22.5177 -17.042 2.44405
      vertex -21.9791 -16.7311 2.4
      vertex -22.4047 -16.9768 2.49809
    endloop
  endfacet
  facet normal 0.500009 -0.866019 0.00134864
    outer loop
      vertex -22.6366 -17.1107 2.41108
      vertex -21.9791 -16.7311 2.4
      vertex -22.5177 -17.042 2.44405
    endloop
  endfacet
  facet normal 0.50001 -0.866018 0.00148018
    outer loop
      vertex -21.9791 -16.7311 2.4
      vertex -22.6366 -17.1107 2.41108
      vertex -22.7585 -17.1811 2.4
    endloop
  endfacet
  facet normal -0.503871 0.863779 0
    outer loop
      vertex -25.4791 -10.6689 2.4
      vertex -25.4887 -10.6745 3.15921
      vertex -25.4791 -10.6689 3.3
    endloop
  endfacet
  facet normal -0.499052 0.866572 8.15389e-05
    outer loop
      vertex -25.4791 -10.6689 2.4
      vertex -25.5172 -10.6909 3.02188
      vertex -25.4887 -10.6745 3.15921
    endloop
  endfacet
  facet normal -0.500955 0.865473 -7.39115e-05
    outer loop
      vertex -25.4791 -10.6689 2.4
      vertex -25.564 -10.718 2.89141
      vertex -25.5172 -10.6909 3.02188
    endloop
  endfacet
  facet normal -0.499769 0.866158 0.00019932
    outer loop
      vertex -25.4791 -10.6689 2.4
      vertex -25.628 -10.7549 2.77099
      vertex -25.564 -10.718 2.89141
    endloop
  endfacet
  facet normal -0.499829 0.866124 0.000167328
    outer loop
      vertex -25.4791 -10.6689 2.4
      vertex -25.7074 -10.8007 2.6636
      vertex -25.628 -10.7549 2.77099
    endloop
  endfacet
  facet normal -0.500012 0.866018 -4.40111e-05
    outer loop
      vertex -25.4791 -10.6689 2.4
      vertex -25.8004 -10.8544 2.57188
      vertex -25.7074 -10.8007 2.6636
    endloop
  endfacet
  facet normal -0.49995 0.866054 0.000112116
    outer loop
      vertex -25.4791 -10.6689 2.4
      vertex -25.9047 -10.9146 2.49809
      vertex -25.8004 -10.8544 2.57188
    endloop
  endfacet
  facet normal -0.50009 0.865973 -0.000700734
    outer loop
      vertex -25.4791 -10.6689 2.4
      vertex -26.0177 -10.9799 2.44405
      vertex -25.9047 -10.9146 2.49809
    endloop
  endfacet
  facet normal -0.499978 0.866038 0.00112759
    outer loop
      vertex -25.4791 -10.6689 2.4
      vertex -26.1366 -11.0485 2.41108
      vertex -26.0177 -10.9799 2.44405
    endloop
  endfacet
  facet normal -0.50001 0.866018 -0.00148018
    outer loop
      vertex -26.1366 -11.0485 2.41108
      vertex -25.4791 -10.6689 2.4
      vertex -26.2585 -11.1189 2.4
    endloop
  endfacet
  facet normal -0.562439 -0.324723 0.760406
    outer loop
      vertex -25.7074 -10.8007 2.6636
      vertex -22.3004 -16.9166 2.57188
      vertex -22.2074 -16.8629 2.6636
    endloop
  endfacet
  facet normal -0.562439 -0.324723 0.760406
    outer loop
      vertex -22.3004 -16.9166 2.57188
      vertex -25.7074 -10.8007 2.6636
      vertex -25.8004 -10.8544 2.57188
    endloop
  endfacet
  facet normal -0.738181 -0.426195 0.522921
    outer loop
      vertex -25.628 -10.7549 2.77099
      vertex -22.064 -16.7801 2.89141
      vertex -25.564 -10.718 2.89141
    endloop
  endfacet
  facet normal -0.738181 -0.426195 0.522921
    outer loop
      vertex -22.064 -16.7801 2.89141
      vertex -25.628 -10.7549 2.77099
      vertex -22.128 -16.817 2.77099
    endloop
  endfacet
  facet normal -0.800022 -0.461891 0.38291
    outer loop
      vertex -25.564 -10.718 2.89141
      vertex -22.0172 -16.7531 3.02188
      vertex -25.5172 -10.6909 3.02188
    endloop
  endfacet
  facet normal -0.800128 -0.46196 0.382608
    outer loop
      vertex -22.0172 -16.7531 3.02188
      vertex -25.564 -10.718 2.89141
      vertex -22.064 -16.7801 2.89141
    endloop
  endfacet
  facet normal -0.658702 -0.380307 0.649213
    outer loop
      vertex -25.7074 -10.8007 2.6636
      vertex -22.128 -16.817 2.77099
      vertex -25.628 -10.7549 2.77099
    endloop
  endfacet
  facet normal -0.658554 -0.380215 0.649418
    outer loop
      vertex -22.128 -16.817 2.77099
      vertex -25.7074 -10.8007 2.6636
      vertex -22.2074 -16.8629 2.6636
    endloop
  endfacet
  facet normal -0.331421 -0.191345 0.923876
    outer loop
      vertex -25.9047 -10.9146 2.49809
      vertex -22.5177 -17.042 2.44405
      vertex -22.4047 -16.9768 2.49809
    endloop
  endfacet
  facet normal -0.331311 -0.191285 0.923928
    outer loop
      vertex -22.5177 -17.042 2.44405
      vertex -25.9047 -10.9146 2.49809
      vertex -26.0177 -10.9799 2.44405
    endloop
  endfacet
  facet normal -0.842217 -0.486261 0.232854
    outer loop
      vertex -25.5172 -10.6909 3.02188
      vertex -21.9887 -16.7366 3.15921
      vertex -25.4887 -10.6745 3.15921
    endloop
  endfacet
  facet normal -0.842151 -0.486214 0.233189
    outer loop
      vertex -21.9887 -16.7366 3.15921
      vertex -25.5172 -10.6909 3.02188
      vertex -22.0172 -16.7531 3.02188
    endloop
  endfacet
  facet normal -0.86334 -0.498448 0.0786943
    outer loop
      vertex -25.4887 -10.6745 3.15921
      vertex -21.9791 -16.7311 3.3
      vertex -25.4791 -10.6689 3.3
    endloop
  endfacet
  facet normal -0.863361 -0.498468 0.0783425
    outer loop
      vertex -21.9791 -16.7311 3.3
      vertex -25.4887 -10.6745 3.15921
      vertex -21.9887 -16.7366 3.15921
    endloop
  endfacet
  facet normal -0.452464 -0.261229 0.852664
    outer loop
      vertex -25.8004 -10.8544 2.57188
      vertex -22.4047 -16.9768 2.49809
      vertex -22.3004 -16.9166 2.57188
    endloop
  endfacet
  facet normal -0.452464 -0.261229 0.852664
    outer loop
      vertex -22.4047 -16.9768 2.49809
      vertex -25.8004 -10.8544 2.57188
      vertex -25.9047 -10.9146 2.49809
    endloop
  endfacet
  facet normal -0.202182 -0.116731 0.972366
    outer loop
      vertex -26.0177 -10.9799 2.44405
      vertex -22.6366 -17.1107 2.41108
      vertex -22.5177 -17.042 2.44405
    endloop
  endfacet
  facet normal -0.202253 -0.11677 0.972347
    outer loop
      vertex -22.6366 -17.1107 2.41108
      vertex -26.0177 -10.9799 2.44405
      vertex -26.1366 -11.0485 2.41108
    endloop
  endfacet
  facet normal -0.0679554 -0.0392339 0.996917
    outer loop
      vertex -26.1366 -11.0485 2.41108
      vertex -22.7585 -17.1811 2.4
      vertex -22.6366 -17.1107 2.41108
    endloop
  endfacet
  facet normal -0.0679554 -0.0392339 0.996917
    outer loop
      vertex -22.7585 -17.1811 2.4
      vertex -26.1366 -11.0485 2.41108
      vertex -26.2585 -11.1189 2.4
    endloop
  endfacet
  facet normal 0.499982 -0.866036 0
    outer loop
      vertex -19.4676 -15.2811 15.2
      vertex -19.4676 -15.2811 15.45
      vertex -20.7667 -16.0311 15.2
    endloop
  endfacet
  facet normal 0.499983 -0.866035 -6.0604e-06
    outer loop
      vertex -20.7667 -16.0311 15.2
      vertex -19.4676 -15.2811 15.45
      vertex -20.8966 -16.1061 16
    endloop
  endfacet
  facet normal 0.500011 -0.866019 0
    outer loop
      vertex -21.9791 -16.7311 16
      vertex -20.7667 -16.0311 12.6
      vertex -20.7667 -16.0311 15.2
    endloop
  endfacet
  facet normal 0.500011 -0.866019 0
    outer loop
      vertex -21.9791 -16.7311 16
      vertex -20.7667 -16.0311 10.2
      vertex -20.7667 -16.0311 12.6
    endloop
  endfacet
  facet normal 0.500011 -0.866019 0
    outer loop
      vertex -21.9791 -16.7311 2.4
      vertex -20.7667 -16.0311 10.2
      vertex -21.9791 -16.7311 16
    endloop
  endfacet
  facet normal 0.500011 -0.866019 0
    outer loop
      vertex -20.7667 -16.0311 10.2
      vertex -21.9791 -16.7311 2.4
      vertex -20.7667 -16.0311 2.4
    endloop
  endfacet
  facet normal 0.500011 -0.866019 0
    outer loop
      vertex -21.9791 -16.7311 -1.2207e-05
      vertex -20.7667 -16.0311 -7.62939e-07
      vertex -21.9791 -16.7311 -7.62939e-07
    endloop
  endfacet
  facet normal 0.500011 -0.866019 0
    outer loop
      vertex -20.7667 -16.0311 -7.62939e-07
      vertex -21.9791 -16.7311 -1.2207e-05
      vertex -20.7667 -16.0311 -1.2207e-05
    endloop
  endfacet
  facet normal 0.500011 -0.866019 -3.52504e-15
    outer loop
      vertex -20.7667 -16.0311 15.2
      vertex -20.8966 -16.1061 16
      vertex -21.9791 -16.7311 16
    endloop
  endfacet
  facet normal 0.499998 -0.866026 0
    outer loop
      vertex -20.1778 -15.6911 11.4
      vertex -20.7667 -16.0311 12.6
      vertex -20.7667 -16.0311 10.2
    endloop
  endfacet
  facet normal -0.499982 0.866036 0
    outer loop
      vertex -22.9676 -9.21891 15.45
      vertex -22.9676 -9.21891 15.2
      vertex -24.2667 -9.96891 15.2
    endloop
  endfacet
  facet normal -0.499981 0.866036 -4.43703e-06
    outer loop
      vertex -22.9676 -9.21891 15.45
      vertex -24.2667 -9.96891 15.2
      vertex -24.3966 -10.0439 16
    endloop
  endfacet
  facet normal -0.500011 0.866019 -1.08252e-05
    outer loop
      vertex -24.3966 -10.0439 16
      vertex -24.2667 -9.96891 15.2
      vertex -25.4791 -10.6689 16
    endloop
  endfacet
  facet normal -0.500006 0.866022 0
    outer loop
      vertex -24.2667 -9.96891 12.6
      vertex -25.4791 -10.6689 16
      vertex -24.2667 -9.96891 15.2
    endloop
  endfacet
  facet normal -0.500006 0.866022 0
    outer loop
      vertex -24.2667 -9.96891 10.2
      vertex -25.4791 -10.6689 16
      vertex -24.2667 -9.96891 12.6
    endloop
  endfacet
  facet normal -0.500006 0.866022 0
    outer loop
      vertex -25.4791 -10.6689 2.4
      vertex -24.2667 -9.96891 10.2
      vertex -24.2667 -9.96891 2.4
    endloop
  endfacet
  facet normal -0.500006 0.866022 0
    outer loop
      vertex -24.2667 -9.96891 10.2
      vertex -25.4791 -10.6689 2.4
      vertex -25.4791 -10.6689 16
    endloop
  endfacet
  facet normal -0.500006 0.866022 0
    outer loop
      vertex -24.2667 -9.96891 -1.2207e-05
      vertex -25.4791 -10.6689 -7.62939e-07
      vertex -24.2667 -9.96891 -7.62939e-07
    endloop
  endfacet
  facet normal -0.500006 0.866022 0
    outer loop
      vertex -25.4791 -10.6689 -7.62939e-07
      vertex -24.2667 -9.96891 -1.2207e-05
      vertex -25.4791 -10.6689 -1.2207e-05
    endloop
  endfacet
  facet normal -0.499998 0.866026 0
    outer loop
      vertex -24.2667 -9.96891 12.6
      vertex -23.6778 -9.62891 11.4
      vertex -24.2667 -9.96891 10.2
    endloop
  endfacet
  facet normal 0 0 1
    outer loop
      vertex -24.3966 -10.0439 16
      vertex -21.9791 -16.7311 16
      vertex -20.8966 -16.1061 16
    endloop
  endfacet
  facet normal 0 0 1
    outer loop
      vertex -21.9791 -16.7311 16
      vertex -24.3966 -10.0439 16
      vertex -25.4791 -10.6689 16
    endloop
  endfacet
  facet normal 0.273854 0.158109 0.948686
    outer loop
      vertex -22.9676 -9.21891 15.45
      vertex -20.8966 -16.1061 16
      vertex -19.4676 -15.2811 15.45
    endloop
  endfacet
  facet normal 0.273855 0.15811 0.948686
    outer loop
      vertex -20.8966 -16.1061 16
      vertex -22.9676 -9.21891 15.45
      vertex -24.3966 -10.0439 16
    endloop
  endfacet
  facet normal 0.866026 0.499999 0
    outer loop
      vertex -19.4676 -15.2811 15.45
      vertex -22.9676 -9.21891 15.2
      vertex -22.9676 -9.21891 15.45
    endloop
  endfacet
  facet normal 0.866026 0.499999 0
    outer loop
      vertex -22.9676 -9.21891 15.2
      vertex -19.4676 -15.2811 15.45
      vertex -19.4676 -15.2811 15.2
    endloop
  endfacet
  facet normal 0 0 -1
    outer loop
      vertex -20.7667 -16.0311 15.2
      vertex -22.9676 -9.21891 15.2
      vertex -19.4676 -15.2811 15.2
    endloop
  endfacet
  facet normal 0 -0 -1
    outer loop
      vertex -22.9676 -9.21891 15.2
      vertex -20.7667 -16.0311 15.2
      vertex -24.2667 -9.96891 15.2
    endloop
  endfacet
  facet normal 0.866026 0.499999 0
    outer loop
      vertex -20.7667 -16.0311 15.2
      vertex -24.2667 -9.96891 12.6
      vertex -24.2667 -9.96891 15.2
    endloop
  endfacet
  facet normal 0.866026 0.499999 0
    outer loop
      vertex -24.2667 -9.96891 12.6
      vertex -20.7667 -16.0311 15.2
      vertex -20.7667 -16.0311 12.6
    endloop
  endfacet
  facet normal 0.753461 0.43501 0.493014
    outer loop
      vertex -24.2667 -9.96891 12.6
      vertex -20.1778 -15.6911 11.4
      vertex -23.6778 -9.62891 11.4
    endloop
  endfacet
  facet normal 0.753461 0.43501 0.493014
    outer loop
      vertex -20.1778 -15.6911 11.4
      vertex -24.2667 -9.96891 12.6
      vertex -20.7667 -16.0311 12.6
    endloop
  endfacet
  facet normal 0.753461 0.43501 -0.493014
    outer loop
      vertex -20.1778 -15.6911 11.4
      vertex -24.2667 -9.96891 10.2
      vertex -23.6778 -9.62891 11.4
    endloop
  endfacet
  facet normal 0.753461 0.43501 -0.493014
    outer loop
      vertex -24.2667 -9.96891 10.2
      vertex -20.1778 -15.6911 11.4
      vertex -20.7667 -16.0311 10.2
    endloop
  endfacet
  facet normal 0.866026 0.499999 0
    outer loop
      vertex -20.7667 -16.0311 -7.62939e-07
      vertex -24.2667 -9.96891 -1.2207e-05
      vertex -24.2667 -9.96891 -7.62939e-07
    endloop
  endfacet
  facet normal 0.866026 0.499999 0
    outer loop
      vertex -24.2667 -9.96891 -1.2207e-05
      vertex -20.7667 -16.0311 -7.62939e-07
      vertex -20.7667 -16.0311 -1.2207e-05
    endloop
  endfacet
  facet normal 0.866026 0.499999 0
    outer loop
      vertex -20.7667 -16.0311 10.2
      vertex -24.2667 -9.96891 2.4
      vertex -24.2667 -9.96891 10.2
    endloop
  endfacet
  facet normal 0.866026 0.499999 0
    outer loop
      vertex -24.2667 -9.96891 2.4
      vertex -20.7667 -16.0311 10.2
      vertex -20.7667 -16.0311 2.4
    endloop
  endfacet
  facet normal 0 0 -1
    outer loop
      vertex -21.9791 -16.7311 -1.2207e-05
      vertex -24.2667 -9.96891 -1.2207e-05
      vertex -20.7667 -16.0311 -1.2207e-05
    endloop
  endfacet
  facet normal 0 -0 -1
    outer loop
      vertex -24.2667 -9.96891 -1.2207e-05
      vertex -21.9791 -16.7311 -1.2207e-05
      vertex -25.4791 -10.6689 -1.2207e-05
    endloop
  endfacet
  facet normal -0.866026 -0.499999 0
    outer loop
      vertex -21.9791 -16.7311 2.4
      vertex -25.4791 -10.6689 16
      vertex -25.4791 -10.6689 2.4
    endloop
  endfacet
  facet normal -0.866026 -0.499999 0
    outer loop
      vertex -25.4791 -10.6689 16
      vertex -21.9791 -16.7311 2.4
      vertex -21.9791 -16.7311 16
    endloop
  endfacet
  facet normal -0.866026 -0.499999 0
    outer loop
      vertex -21.9791 -16.7311 -1.2207e-05
      vertex -25.4791 -10.6689 -7.62939e-07
      vertex -25.4791 -10.6689 -1.2207e-05
    endloop
  endfacet
  facet normal -0.866026 -0.499999 0
    outer loop
      vertex -25.4791 -10.6689 -7.62939e-07
      vertex -21.9791 -16.7311 -1.2207e-05
      vertex -21.9791 -16.7311 -7.62939e-07
    endloop
  endfacet
  facet normal -0.866026 0.499999 0
    outer loop
      vertex 21.9791 -16.7311 2.4
      vertex 25.4791 -10.6689 3.3
      vertex 25.4791 -10.6689 2.4
    endloop
  endfacet
  facet normal -0.866026 0.499999 0
    outer loop
      vertex 25.4791 -10.6689 3.3
      vertex 21.9791 -16.7311 2.4
      vertex 21.9791 -16.7311 3.3
    endloop
  endfacet
  facet normal 0.503871 0.863779 0
    outer loop
      vertex 25.4887 -10.6745 3.15921
      vertex 25.4791 -10.6689 2.4
      vertex 25.4791 -10.6689 3.3
    endloop
  endfacet
  facet normal 0.499052 0.866572 8.15389e-05
    outer loop
      vertex 25.5172 -10.6909 3.02188
      vertex 25.4791 -10.6689 2.4
      vertex 25.4887 -10.6745 3.15921
    endloop
  endfacet
  facet normal 0.500955 0.865473 -7.39115e-05
    outer loop
      vertex 25.564 -10.718 2.89141
      vertex 25.4791 -10.6689 2.4
      vertex 25.5172 -10.6909 3.02188
    endloop
  endfacet
  facet normal 0.499769 0.866158 0.00019932
    outer loop
      vertex 25.628 -10.7549 2.77099
      vertex 25.4791 -10.6689 2.4
      vertex 25.564 -10.718 2.89141
    endloop
  endfacet
  facet normal 0.499829 0.866124 0.000167328
    outer loop
      vertex 25.7074 -10.8007 2.6636
      vertex 25.4791 -10.6689 2.4
      vertex 25.628 -10.7549 2.77099
    endloop
  endfacet
  facet normal 0.500012 0.866018 -4.40111e-05
    outer loop
      vertex 25.8004 -10.8544 2.57188
      vertex 25.4791 -10.6689 2.4
      vertex 25.7074 -10.8007 2.6636
    endloop
  endfacet
  facet normal 0.49995 0.866054 0.000112116
    outer loop
      vertex 25.9047 -10.9146 2.49809
      vertex 25.4791 -10.6689 2.4
      vertex 25.8004 -10.8544 2.57188
    endloop
  endfacet
  facet normal 0.50009 0.865973 -0.000700734
    outer loop
      vertex 26.0177 -10.9799 2.44405
      vertex 25.4791 -10.6689 2.4
      vertex 25.9047 -10.9146 2.49809
    endloop
  endfacet
  facet normal 0.499978 0.866038 0.00112759
    outer loop
      vertex 26.1366 -11.0485 2.41108
      vertex 25.4791 -10.6689 2.4
      vertex 26.0177 -10.9799 2.44405
    endloop
  endfacet
  facet normal 0.50001 0.866018 -0.00148018
    outer loop
      vertex 25.4791 -10.6689 2.4
      vertex 26.1366 -11.0485 2.41108
      vertex 26.2585 -11.1189 2.4
    endloop
  endfacet
  facet normal -0.497112 -0.867686 0
    outer loop
      vertex 21.9791 -16.7311 2.4
      vertex 21.9887 -16.7366 3.15921
      vertex 21.9791 -16.7311 3.3
    endloop
  endfacet
  facet normal -0.500812 -0.865556 6.22137e-05
    outer loop
      vertex 21.9791 -16.7311 2.4
      vertex 22.0172 -16.7531 3.02188
      vertex 21.9887 -16.7366 3.15921
    endloop
  endfacet
  facet normal -0.49977 -0.866158 -2.28773e-05
    outer loop
      vertex 21.9791 -16.7311 2.4
      vertex 22.064 -16.7801 2.89141
      vertex 22.0172 -16.7531 3.02188
    endloop
  endfacet
  facet normal -0.499582 -0.866267 -6.63099e-05
    outer loop
      vertex 21.9791 -16.7311 2.4
      vertex 22.128 -16.817 2.77099
      vertex 22.064 -16.7801 2.89141
    endloop
  endfacet
  facet normal -0.500206 -0.865906 0.000267696
    outer loop
      vertex 21.9791 -16.7311 2.4
      vertex 22.2074 -16.8629 2.6636
      vertex 22.128 -16.817 2.77099
    endloop
  endfacet
  facet normal -0.500012 -0.866018 4.40111e-05
    outer loop
      vertex 21.9791 -16.7311 2.4
      vertex 22.3004 -16.9166 2.57188
      vertex 22.2074 -16.8629 2.6636
    endloop
  endfacet
  facet normal -0.49995 -0.866054 -0.000112116
    outer loop
      vertex 21.9791 -16.7311 2.4
      vertex 22.4047 -16.9768 2.49809
      vertex 22.3004 -16.9166 2.57188
    endloop
  endfacet
  facet normal -0.499903 -0.866081 -0.000380649
    outer loop
      vertex 21.9791 -16.7311 2.4
      vertex 22.5177 -17.042 2.44405
      vertex 22.4047 -16.9768 2.49809
    endloop
  endfacet
  facet normal -0.500009 -0.866019 0.00134864
    outer loop
      vertex 21.9791 -16.7311 2.4
      vertex 22.6366 -17.1107 2.41108
      vertex 22.5177 -17.042 2.44405
    endloop
  endfacet
  facet normal -0.50001 -0.866018 0.00148018
    outer loop
      vertex 22.6366 -17.1107 2.41108
      vertex 21.9791 -16.7311 2.4
      vertex 22.7585 -17.1811 2.4
    endloop
  endfacet
  facet normal 0.562439 -0.324723 0.760406
    outer loop
      vertex 25.7074 -10.8007 2.6636
      vertex 22.3004 -16.9166 2.57188
      vertex 25.8004 -10.8544 2.57188
    endloop
  endfacet
  facet normal 0.562439 -0.324723 0.760406
    outer loop
      vertex 22.3004 -16.9166 2.57188
      vertex 25.7074 -10.8007 2.6636
      vertex 22.2074 -16.8629 2.6636
    endloop
  endfacet
  facet normal 0.738181 -0.426195 0.522921
    outer loop
      vertex 22.064 -16.7801 2.89141
      vertex 25.628 -10.7549 2.77099
      vertex 25.564 -10.718 2.89141
    endloop
  endfacet
  facet normal 0.738181 -0.426195 0.522921
    outer loop
      vertex 25.628 -10.7549 2.77099
      vertex 22.064 -16.7801 2.89141
      vertex 22.128 -16.817 2.77099
    endloop
  endfacet
  facet normal 0.800022 -0.461891 0.38291
    outer loop
      vertex 22.0172 -16.7531 3.02188
      vertex 25.564 -10.718 2.89141
      vertex 25.5172 -10.6909 3.02188
    endloop
  endfacet
  facet normal 0.800128 -0.46196 0.382608
    outer loop
      vertex 25.564 -10.718 2.89141
      vertex 22.0172 -16.7531 3.02188
      vertex 22.064 -16.7801 2.89141
    endloop
  endfacet
  facet normal 0.658702 -0.380307 0.649213
    outer loop
      vertex 22.128 -16.817 2.77099
      vertex 25.7074 -10.8007 2.6636
      vertex 25.628 -10.7549 2.77099
    endloop
  endfacet
  facet normal 0.658554 -0.380215 0.649418
    outer loop
      vertex 25.7074 -10.8007 2.6636
      vertex 22.128 -16.817 2.77099
      vertex 22.2074 -16.8629 2.6636
    endloop
  endfacet
  facet normal 0.331311 -0.191285 0.923928
    outer loop
      vertex 25.9047 -10.9146 2.49809
      vertex 22.5177 -17.042 2.44405
      vertex 26.0177 -10.9799 2.44405
    endloop
  endfacet
  facet normal 0.331421 -0.191345 0.923876
    outer loop
      vertex 22.5177 -17.042 2.44405
      vertex 25.9047 -10.9146 2.49809
      vertex 22.4047 -16.9768 2.49809
    endloop
  endfacet
  facet normal 0.842217 -0.486261 0.232854
    outer loop
      vertex 21.9887 -16.7366 3.15921
      vertex 25.5172 -10.6909 3.02188
      vertex 25.4887 -10.6745 3.15921
    endloop
  endfacet
  facet normal 0.842151 -0.486214 0.233189
    outer loop
      vertex 25.5172 -10.6909 3.02188
      vertex 21.9887 -16.7366 3.15921
      vertex 22.0172 -16.7531 3.02188
    endloop
  endfacet
  facet normal 0.86334 -0.498448 0.0786943
    outer loop
      vertex 21.9791 -16.7311 3.3
      vertex 25.4887 -10.6745 3.15921
      vertex 25.4791 -10.6689 3.3
    endloop
  endfacet
  facet normal 0.863361 -0.498468 0.0783425
    outer loop
      vertex 25.4887 -10.6745 3.15921
      vertex 21.9791 -16.7311 3.3
      vertex 21.9887 -16.7366 3.15921
    endloop
  endfacet
  facet normal 0.452464 -0.261229 0.852664
    outer loop
      vertex 25.8004 -10.8544 2.57188
      vertex 22.4047 -16.9768 2.49809
      vertex 25.9047 -10.9146 2.49809
    endloop
  endfacet
  facet normal 0.452464 -0.261229 0.852664
    outer loop
      vertex 22.4047 -16.9768 2.49809
      vertex 25.8004 -10.8544 2.57188
      vertex 22.3004 -16.9166 2.57188
    endloop
  endfacet
  facet normal 0.202253 -0.11677 0.972347
    outer loop
      vertex 26.0177 -10.9799 2.44405
      vertex 22.6366 -17.1107 2.41108
      vertex 26.1366 -11.0485 2.41108
    endloop
  endfacet
  facet normal 0.202182 -0.116731 0.972366
    outer loop
      vertex 22.6366 -17.1107 2.41108
      vertex 26.0177 -10.9799 2.44405
      vertex 22.5177 -17.042 2.44405
    endloop
  endfacet
  facet normal 0.0679554 -0.0392339 0.996917
    outer loop
      vertex 26.1366 -11.0485 2.41108
      vertex 22.7585 -17.1811 2.4
      vertex 26.2585 -11.1189 2.4
    endloop
  endfacet
  facet normal 0.0679554 -0.0392339 0.996917
    outer loop
      vertex 22.7585 -17.1811 2.4
      vertex 26.1366 -11.0485 2.41108
      vertex 22.6366 -17.1107 2.41108
    endloop
  endfacet
  facet normal 0.499982 0.866036 0
    outer loop
      vertex 22.9676 -9.21891 15.45
      vertex 24.2667 -9.96891 15.2
      vertex 22.9676 -9.21891 15.2
    endloop
  endfacet
  facet normal 0.499981 0.866036 -4.43703e-06
    outer loop
      vertex 24.3966 -10.0439 16
      vertex 24.2667 -9.96891 15.2
      vertex 22.9676 -9.21891 15.45
    endloop
  endfacet
  facet normal 0.500006 0.866022 0
    outer loop
      vertex 25.4791 -10.6689 16
      vertex 24.2667 -9.96891 12.6
      vertex 24.2667 -9.96891 15.2
    endloop
  endfacet
  facet normal 0.500006 0.866022 0
    outer loop
      vertex 25.4791 -10.6689 16
      vertex 24.2667 -9.96891 10.2
      vertex 24.2667 -9.96891 12.6
    endloop
  endfacet
  facet normal 0.500006 0.866022 -0
    outer loop
      vertex 25.4791 -10.6689 2.4
      vertex 24.2667 -9.96891 10.2
      vertex 25.4791 -10.6689 16
    endloop
  endfacet
  facet normal 0.500006 0.866022 0
    outer loop
      vertex 24.2667 -9.96891 10.2
      vertex 25.4791 -10.6689 2.4
      vertex 24.2667 -9.96891 2.4
    endloop
  endfacet
  facet normal 0.500006 0.866022 -0
    outer loop
      vertex 25.4791 -10.6689 -1.2207e-05
      vertex 24.2667 -9.96891 -7.62939e-07
      vertex 25.4791 -10.6689 -7.62939e-07
    endloop
  endfacet
  facet normal 0.500006 0.866022 0
    outer loop
      vertex 24.2667 -9.96891 -7.62939e-07
      vertex 25.4791 -10.6689 -1.2207e-05
      vertex 24.2667 -9.96891 -1.2207e-05
    endloop
  endfacet
  facet normal 0.500011 0.866019 -1.08252e-05
    outer loop
      vertex 24.3966 -10.0439 16
      vertex 25.4791 -10.6689 16
      vertex 24.2667 -9.96891 15.2
    endloop
  endfacet
  facet normal 0.499998 0.866026 0
    outer loop
      vertex 24.2667 -9.96891 12.6
      vertex 24.2667 -9.96891 10.2
      vertex 23.6778 -9.62891 11.4
    endloop
  endfacet
  facet normal -0.499982 -0.866036 0
    outer loop
      vertex 20.7667 -16.0311 15.2
      vertex 19.4676 -15.2811 15.45
      vertex 19.4676 -15.2811 15.2
    endloop
  endfacet
  facet normal -0.499983 -0.866035 -6.0604e-06
    outer loop
      vertex 20.7667 -16.0311 15.2
      vertex 20.8966 -16.1061 16
      vertex 19.4676 -15.2811 15.45
    endloop
  endfacet
  facet normal -0.500011 -0.866019 0
    outer loop
      vertex 20.7667 -16.0311 12.6
      vertex 21.9791 -16.7311 16
      vertex 20.7667 -16.0311 15.2
    endloop
  endfacet
  facet normal -0.500011 -0.866019 0
    outer loop
      vertex 20.7667 -16.0311 10.2
      vertex 21.9791 -16.7311 16
      vertex 20.7667 -16.0311 12.6
    endloop
  endfacet
  facet normal -0.500011 -0.866019 0
    outer loop
      vertex 21.9791 -16.7311 2.4
      vertex 20.7667 -16.0311 10.2
      vertex 20.7667 -16.0311 2.4
    endloop
  endfacet
  facet normal -0.500011 -0.866019 0
    outer loop
      vertex 20.7667 -16.0311 10.2
      vertex 21.9791 -16.7311 2.4
      vertex 21.9791 -16.7311 16
    endloop
  endfacet
  facet normal -0.500011 -0.866019 0
    outer loop
      vertex 20.7667 -16.0311 -1.2207e-05
      vertex 21.9791 -16.7311 -7.62939e-07
      vertex 20.7667 -16.0311 -7.62939e-07
    endloop
  endfacet
  facet normal -0.500011 -0.866019 -0
    outer loop
      vertex 21.9791 -16.7311 -7.62939e-07
      vertex 20.7667 -16.0311 -1.2207e-05
      vertex 21.9791 -16.7311 -1.2207e-05
    endloop
  endfacet
  facet normal -0.500011 -0.866019 -3.55279e-15
    outer loop
      vertex 21.9791 -16.7311 16
      vertex 20.8966 -16.1061 16
      vertex 20.7667 -16.0311 15.2
    endloop
  endfacet
  facet normal -0.499998 -0.866026 0
    outer loop
      vertex 20.7667 -16.0311 10.2
      vertex 20.7667 -16.0311 12.6
      vertex 20.1778 -15.6911 11.4
    endloop
  endfacet
  facet normal 0 0 1
    outer loop
      vertex 24.3966 -10.0439 16
      vertex 21.9791 -16.7311 16
      vertex 25.4791 -10.6689 16
    endloop
  endfacet
  facet normal 0 -0 1
    outer loop
      vertex 21.9791 -16.7311 16
      vertex 24.3966 -10.0439 16
      vertex 20.8966 -16.1061 16
    endloop
  endfacet
  facet normal -0.273855 0.15811 0.948686
    outer loop
      vertex 22.9676 -9.21891 15.45
      vertex 20.8966 -16.1061 16
      vertex 24.3966 -10.0439 16
    endloop
  endfacet
  facet normal -0.273854 0.158109 0.948686
    outer loop
      vertex 20.8966 -16.1061 16
      vertex 22.9676 -9.21891 15.45
      vertex 19.4676 -15.2811 15.45
    endloop
  endfacet
  facet normal -0.866026 0.499999 0
    outer loop
      vertex 19.4676 -15.2811 15.2
      vertex 22.9676 -9.21891 15.45
      vertex 22.9676 -9.21891 15.2
    endloop
  endfacet
  facet normal -0.866026 0.499999 0
    outer loop
      vertex 22.9676 -9.21891 15.45
      vertex 19.4676 -15.2811 15.2
      vertex 19.4676 -15.2811 15.45
    endloop
  endfacet
  facet normal 0 0 -1
    outer loop
      vertex 20.7667 -16.0311 15.2
      vertex 22.9676 -9.21891 15.2
      vertex 24.2667 -9.96891 15.2
    endloop
  endfacet
  facet normal 0 0 -1
    outer loop
      vertex 22.9676 -9.21891 15.2
      vertex 20.7667 -16.0311 15.2
      vertex 19.4676 -15.2811 15.2
    endloop
  endfacet
  facet normal -0.866026 0.499999 0
    outer loop
      vertex 20.7667 -16.0311 12.6
      vertex 24.2667 -9.96891 15.2
      vertex 24.2667 -9.96891 12.6
    endloop
  endfacet
  facet normal -0.866026 0.499999 0
    outer loop
      vertex 24.2667 -9.96891 15.2
      vertex 20.7667 -16.0311 12.6
      vertex 20.7667 -16.0311 15.2
    endloop
  endfacet
  facet normal -0.753461 0.43501 0.493014
    outer loop
      vertex 20.1778 -15.6911 11.4
      vertex 24.2667 -9.96891 12.6
      vertex 23.6778 -9.62891 11.4
    endloop
  endfacet
  facet normal -0.753461 0.43501 0.493014
    outer loop
      vertex 24.2667 -9.96891 12.6
      vertex 20.1778 -15.6911 11.4
      vertex 20.7667 -16.0311 12.6
    endloop
  endfacet
  facet normal -0.753461 0.43501 -0.493014
    outer loop
      vertex 24.2667 -9.96891 10.2
      vertex 20.1778 -15.6911 11.4
      vertex 23.6778 -9.62891 11.4
    endloop
  endfacet
  facet normal -0.753461 0.43501 -0.493014
    outer loop
      vertex 20.1778 -15.6911 11.4
      vertex 24.2667 -9.96891 10.2
      vertex 20.7667 -16.0311 10.2
    endloop
  endfacet
  facet normal -0.866026 0.499999 0
    outer loop
      vertex 20.7667 -16.0311 -1.2207e-05
      vertex 24.2667 -9.96891 -7.62939e-07
      vertex 24.2667 -9.96891 -1.2207e-05
    endloop
  endfacet
  facet normal -0.866026 0.499999 0
    outer loop
      vertex 24.2667 -9.96891 -7.62939e-07
      vertex 20.7667 -16.0311 -1.2207e-05
      vertex 20.7667 -16.0311 -7.62939e-07
    endloop
  endfacet
  facet normal -0.866026 0.499999 0
    outer loop
      vertex 20.7667 -16.0311 2.4
      vertex 24.2667 -9.96891 10.2
      vertex 24.2667 -9.96891 2.4
    endloop
  endfacet
  facet normal -0.866026 0.499999 0
    outer loop
      vertex 24.2667 -9.96891 10.2
      vertex 20.7667 -16.0311 2.4
      vertex 20.7667 -16.0311 10.2
    endloop
  endfacet
  facet normal 0 0 -1
    outer loop
      vertex 21.9791 -16.7311 -1.2207e-05
      vertex 24.2667 -9.96891 -1.2207e-05
      vertex 25.4791 -10.6689 -1.2207e-05
    endloop
  endfacet
  facet normal 0 0 -1
    outer loop
      vertex 24.2667 -9.96891 -1.2207e-05
      vertex 21.9791 -16.7311 -1.2207e-05
      vertex 20.7667 -16.0311 -1.2207e-05
    endloop
  endfacet
  facet normal 0.866026 -0.499999 0
    outer loop
      vertex 21.9791 -16.7311 16
      vertex 25.4791 -10.6689 2.4
      vertex 25.4791 -10.6689 16
    endloop
  endfacet
  facet normal 0.866026 -0.499999 0
    outer loop
      vertex 25.4791 -10.6689 2.4
      vertex 21.9791 -16.7311 16
      vertex 21.9791 -16.7311 2.4
    endloop
  endfacet
  facet normal 0.866026 -0.499999 0
    outer loop
      vertex 21.9791 -16.7311 -7.62939e-07
      vertex 25.4791 -10.6689 -1.2207e-05
      vertex 25.4791 -10.6689 -7.62939e-07
    endloop
  endfacet
  facet normal 0.866026 -0.499999 0
    outer loop
      vertex 25.4791 -10.6689 -1.2207e-05
      vertex 21.9791 -16.7311 -7.62939e-07
      vertex 21.9791 -16.7311 -1.2207e-05
    endloop
  endfacet
  facet normal 0.156461 -0.987684 0
    outer loop
      vertex 17.0416 -33.703 -7.62939e-07
      vertex 17.8048 -33.5821 2.4
      vertex 17.0416 -33.703 2.4
    endloop
  endfacet
  facet normal 0.156461 -0.987684 0
    outer loop
      vertex 17.8048 -33.5821 2.4
      vertex 17.0416 -33.703 -7.62939e-07
      vertex 17.8048 -33.5821 -7.62939e-07
    endloop
  endfacet
  facet normal -0.0940823 0.995564 0
    outer loop
      vertex -16.2723 33.7757 -7.62939e-07
      vertex -17.0416 33.703 2.4
      vertex -16.2723 33.7757 2.4
    endloop
  endfacet
  facet normal -0.0940823 0.995564 0
    outer loop
      vertex -17.0416 33.703 2.4
      vertex -16.2723 33.7757 -7.62939e-07
      vertex -17.0416 33.703 -7.62939e-07
    endloop
  endfacet
  facet normal 0.0940823 -0.995564 0
    outer loop
      vertex 16.2723 -33.7757 -7.62939e-07
      vertex 17.0416 -33.703 2.4
      vertex 16.2723 -33.7757 2.4
    endloop
  endfacet
  facet normal 0.0940823 -0.995564 0
    outer loop
      vertex 17.0416 -33.703 2.4
      vertex 16.2723 -33.7757 -7.62939e-07
      vertex 17.0416 -33.703 -7.62939e-07
    endloop
  endfacet
  facet normal 0.891011 0.453982 0
    outer loop
      vertex 26.6294 26.7371 2.4
      vertex 26.2786 27.4256 -7.62939e-07
      vertex 26.2786 27.4256 2.4
    endloop
  endfacet
  facet normal 0.891011 0.453982 0
    outer loop
      vertex 26.2786 27.4256 -7.62939e-07
      vertex 26.6294 26.7371 2.4
      vertex 26.6294 26.7371 -7.62939e-07
    endloop
  endfacet
  facet normal -0.975934 0.218068 0
    outer loop
      vertex -27.5821 23.8048 -7.62939e-07
      vertex -27.4136 24.5589 2.4
      vertex -27.4136 24.5589 -7.62939e-07
    endloop
  endfacet
  facet normal -0.975934 0.218068 0
    outer loop
      vertex -27.4136 24.5589 2.4
      vertex -27.5821 23.8048 -7.62939e-07
      vertex -27.5821 23.8048 2.4
    endloop
  endfacet
  facet normal 0.156461 0.987684 -0
    outer loop
      vertex 17.8048 33.5821 -7.62939e-07
      vertex 17.0416 33.703 2.4
      vertex 17.8048 33.5821 2.4
    endloop
  endfacet
  facet normal 0.156461 0.987684 0
    outer loop
      vertex 17.0416 33.703 2.4
      vertex 17.8048 33.5821 -7.62939e-07
      vertex 17.0416 33.703 -7.62939e-07
    endloop
  endfacet
  facet normal 0.8271 0.562055 0
    outer loop
      vertex 25.8852 28.0907 2.4
      vertex 25.4509 28.7298 -7.62939e-07
      vertex 25.4509 28.7298 2.4
    endloop
  endfacet
  facet normal 0.8271 0.562055 0
    outer loop
      vertex 25.4509 28.7298 -7.62939e-07
      vertex 25.8852 28.0907 2.4
      vertex 25.8852 28.0907 -7.62939e-07
    endloop
  endfacet
  facet normal 0.5091 -0.860707 0
    outer loop
      vertex 21.4256 -32.2786 -7.62939e-07
      vertex 22.0907 -31.8852 2.4
      vertex 21.4256 -32.2786 2.4
    endloop
  endfacet
  facet normal 0.5091 -0.860707 0
    outer loop
      vertex 22.0907 -31.8852 2.4
      vertex 21.4256 -32.2786 -7.62939e-07
      vertex 22.0907 -31.8852 -7.62939e-07
    endloop
  endfacet
  facet normal -0.0940823 -0.995564 0
    outer loop
      vertex -17.0416 -33.703 -7.62939e-07
      vertex -16.2723 -33.7757 2.4
      vertex -17.0416 -33.703 2.4
    endloop
  endfacet
  facet normal -0.0940823 -0.995564 -0
    outer loop
      vertex -16.2723 -33.7757 2.4
      vertex -17.0416 -33.703 -7.62939e-07
      vertex -16.2723 -33.7757 -7.62939e-07
    endloop
  endfacet
  facet normal -0.453982 0.891011 0
    outer loop
      vertex -20.7371 32.6294 -7.62939e-07
      vertex -21.4256 32.2786 2.4
      vertex -20.7371 32.6294 2.4
    endloop
  endfacet
  facet normal -0.453982 0.891011 0
    outer loop
      vertex -21.4256 32.2786 2.4
      vertex -20.7371 32.6294 -7.62939e-07
      vertex -21.4256 32.2786 -7.62939e-07
    endloop
  endfacet
  facet normal -1 0 0
    outer loop
      vertex -27.8 -21.5 -7.62939e-07
      vertex -27.8 21.5 2.4
      vertex -27.8 21.5 -7.62939e-07
    endloop
  endfacet
  facet normal -1 -0 0
    outer loop
      vertex -27.8 21.5 2.4
      vertex -27.8 -21.5 -7.62939e-07
      vertex -27.8 -21.5 2.4
    endloop
  endfacet
  facet normal -0.750102 -0.661322 0
    outer loop
      vertex -24.4663 -29.9199 -7.62939e-07
      vertex -24.9773 -29.3403 2.4
      vertex -24.9773 -29.3403 -7.62939e-07
    endloop
  endfacet
  facet normal -0.750102 -0.661322 0
    outer loop
      vertex -24.9773 -29.3403 2.4
      vertex -24.4663 -29.9199 -7.62939e-07
      vertex -24.4663 -29.9199 2.4
    endloop
  endfacet
  facet normal -0.218068 -0.975934 0
    outer loop
      vertex -18.5589 -33.4136 -7.62939e-07
      vertex -17.8048 -33.5821 2.4
      vertex -18.5589 -33.4136 2.4
    endloop
  endfacet
  facet normal -0.218068 -0.975934 -0
    outer loop
      vertex -17.8048 -33.5821 2.4
      vertex -18.5589 -33.4136 -7.62939e-07
      vertex -17.8048 -33.5821 -7.62939e-07
    endloop
  endfacet
  facet normal -0.156461 -0.987684 0
    outer loop
      vertex -17.8048 -33.5821 -7.62939e-07
      vertex -17.0416 -33.703 2.4
      vertex -17.8048 -33.5821 2.4
    endloop
  endfacet
  facet normal -0.156461 -0.987684 -0
    outer loop
      vertex -17.0416 -33.703 2.4
      vertex -17.8048 -33.5821 -7.62939e-07
      vertex -17.0416 -33.703 -7.62939e-07
    endloop
  endfacet
  facet normal 0 -1 0
    outer loop
      vertex -15.5 -33.8 -7.62939e-07
      vertex 15.5 -33.8 2.4
      vertex -15.5 -33.8 2.4
    endloop
  endfacet
  facet normal 0 -1 -0
    outer loop
      vertex 15.5 -33.8 2.4
      vertex -15.5 -33.8 -7.62939e-07
      vertex 15.5 -33.8 -7.62939e-07
    endloop
  endfacet
  facet normal 0 1 -0
    outer loop
      vertex 15.5 33.8 -7.62939e-07
      vertex -15.5 33.8 2.4
      vertex 15.5 33.8 2.4
    endloop
  endfacet
  facet normal 0 1 0
    outer loop
      vertex -15.5 33.8 2.4
      vertex 15.5 33.8 -7.62939e-07
      vertex -15.5 33.8 -7.62939e-07
    endloop
  endfacet
  facet normal 0.707107 0.707107 0
    outer loop
      vertex 24.4663 29.9199 2.4
      vertex 23.9199 30.4663 -7.62939e-07
      vertex 23.9199 30.4663 2.4
    endloop
  endfacet
  facet normal 0.707107 0.707107 0
    outer loop
      vertex 23.9199 30.4663 -7.62939e-07
      vertex 24.4663 29.9199 2.4
      vertex 24.4663 29.9199 -7.62939e-07
    endloop
  endfacet
  facet normal -0.0314489 0.999505 0
    outer loop
      vertex -15.5 33.8 -7.62939e-07
      vertex -16.2723 33.7757 2.4
      vertex -15.5 33.8 2.4
    endloop
  endfacet
  facet normal -0.0314489 0.999505 0
    outer loop
      vertex -16.2723 33.7757 2.4
      vertex -15.5 33.8 -7.62939e-07
      vertex -16.2723 33.7757 -7.62939e-07
    endloop
  endfacet
  facet normal 1 -0 0
    outer loop
      vertex 27.8 -21.5 2.4
      vertex 27.8 21.5 -7.62939e-07
      vertex 27.8 21.5 2.4
    endloop
  endfacet
  facet normal 1 0 0
    outer loop
      vertex 27.8 21.5 -7.62939e-07
      vertex 27.8 -21.5 2.4
      vertex 27.8 -21.5 -7.62939e-07
    endloop
  endfacet
  facet normal 0.975934 0.218068 0
    outer loop
      vertex 27.5821 23.8048 2.4
      vertex 27.4136 24.5589 -7.62939e-07
      vertex 27.4136 24.5589 2.4
    endloop
  endfacet
  facet normal 0.975934 0.218068 0
    outer loop
      vertex 27.4136 24.5589 -7.62939e-07
      vertex 27.5821 23.8048 2.4
      vertex 27.5821 23.8048 -7.62939e-07
    endloop
  endfacet
  facet normal 0.987684 -0.156461 0
    outer loop
      vertex 27.5821 -23.8048 2.4
      vertex 27.703 -23.0416 -7.62939e-07
      vertex 27.703 -23.0416 2.4
    endloop
  endfacet
  facet normal 0.987684 -0.156461 0
    outer loop
      vertex 27.703 -23.0416 -7.62939e-07
      vertex 27.5821 -23.8048 2.4
      vertex 27.5821 -23.8048 -7.62939e-07
    endloop
  endfacet
  facet normal -0.338811 0.940854 0
    outer loop
      vertex -19.3009 33.198 -7.62939e-07
      vertex -20.0279 32.9362 2.4
      vertex -19.3009 33.198 2.4
    endloop
  endfacet
  facet normal -0.338811 0.940854 0
    outer loop
      vertex -20.0279 32.9362 2.4
      vertex -19.3009 33.198 -7.62939e-07
      vertex -20.0279 32.9362 -7.62939e-07
    endloop
  endfacet
  facet normal -0.5091 0.860707 0
    outer loop
      vertex -21.4256 32.2786 -7.62939e-07
      vertex -22.0907 31.8852 2.4
      vertex -21.4256 32.2786 2.4
    endloop
  endfacet
  facet normal -0.5091 0.860707 0
    outer loop
      vertex -22.0907 31.8852 2.4
      vertex -21.4256 32.2786 -7.62939e-07
      vertex -22.0907 31.8852 -7.62939e-07
    endloop
  endfacet
  facet normal -0.790125 0.612946 0
    outer loop
      vertex -25.4509 28.7298 -7.62939e-07
      vertex -24.9773 29.3403 2.4
      vertex -24.9773 29.3403 -7.62939e-07
    endloop
  endfacet
  facet normal -0.790125 0.612946 0
    outer loop
      vertex -24.9773 29.3403 2.4
      vertex -25.4509 28.7298 -7.62939e-07
      vertex -25.4509 28.7298 2.4
    endloop
  endfacet
  facet normal -0.987684 -0.156461 0
    outer loop
      vertex -27.5821 -23.8048 -7.62939e-07
      vertex -27.703 -23.0416 2.4
      vertex -27.703 -23.0416 -7.62939e-07
    endloop
  endfacet
  facet normal -0.987684 -0.156461 0
    outer loop
      vertex -27.703 -23.0416 2.4
      vertex -27.5821 -23.8048 -7.62939e-07
      vertex -27.5821 -23.8048 2.4
    endloop
  endfacet
  facet normal -0.960284 -0.279026 0
    outer loop
      vertex -27.198 -25.3009 -7.62939e-07
      vertex -27.4136 -24.5589 2.4
      vertex -27.4136 -24.5589 -7.62939e-07
    endloop
  endfacet
  facet normal -0.960284 -0.279026 0
    outer loop
      vertex -27.4136 -24.5589 2.4
      vertex -27.198 -25.3009 -7.62939e-07
      vertex -27.198 -25.3009 2.4
    endloop
  endfacet
  facet normal 0 0 1
    outer loop
      vertex -26.2585 -11.1189 2.4
      vertex -23 -0.000485541 2.4
      vertex -23 0 2.4
    endloop
  endfacet
  facet normal 0 0 1
    outer loop
      vertex -26.2585 -11.1189 2.4
      vertex -23 0 2.4
      vertex -26.2585 11.1189 2.4
    endloop
  endfacet
  facet normal 0 0 1
    outer loop
      vertex -23 -0.000485541 2.4
      vertex -26.2585 -11.1189 2.4
      vertex -25.4791 -10.6689 2.4
    endloop
  endfacet
  facet normal 0 0 1
    outer loop
      vertex -20.9411 22.2544 2.4
      vertex -18.75 22.6 2.4
      vertex -20.8352 22.3746 2.4
    endloop
  endfacet
  facet normal 0 0 1
    outer loop
      vertex -21.0544 22.1411 2.4
      vertex -18.75 22.6 2.4
      vertex -20.9411 22.2544 2.4
    endloop
  endfacet
  facet normal 0 0 1
    outer loop
      vertex -21.1746 22.0352 2.4
      vertex -18.75 22.6 2.4
      vertex -21.0544 22.1411 2.4
    endloop
  endfacet
  facet normal 0 0 1
    outer loop
      vertex -21.3012 21.937 2.4
      vertex -18.75 22.6 2.4
      vertex -21.1746 22.0352 2.4
    endloop
  endfacet
  facet normal 0 0 1
    outer loop
      vertex -18.75 22.6 2.4
      vertex -21.3012 21.937 2.4
      vertex -20.7667 16.0311 2.4
    endloop
  endfacet
  facet normal -0 0 1
    outer loop
      vertex -21.4337 21.847 2.4
      vertex -20.7667 16.0311 2.4
      vertex -21.3012 21.937 2.4
    endloop
  endfacet
  facet normal 0 0 1
    outer loop
      vertex -21.9791 16.7311 2.4
      vertex -21.4337 21.847 2.4
      vertex -21.5715 21.7654 2.4
    endloop
  endfacet
  facet normal 0 0 1
    outer loop
      vertex -21.9791 16.7311 2.4
      vertex -21.5715 21.7654 2.4
      vertex -21.7143 21.6927 2.4
    endloop
  endfacet
  facet normal 0 0 1
    outer loop
      vertex -21.9791 16.7311 2.4
      vertex -21.7143 21.6927 2.4
      vertex -21.8613 21.6291 2.4
    endloop
  endfacet
  facet normal 0 0 1
    outer loop
      vertex -21.4337 21.847 2.4
      vertex -21.9791 16.7311 2.4
      vertex -20.7667 16.0311 2.4
    endloop
  endfacet
  facet normal -0 0 1
    outer loop
      vertex -22.012 21.5748 2.4
      vertex -21.9791 16.7311 2.4
      vertex -21.8613 21.6291 2.4
    endloop
  endfacet
  facet normal 0 0 1
    outer loop
      vertex -22.7585 17.1811 2.4
      vertex -22.012 21.5748 2.4
      vertex -22.1658 21.5301 2.4
    endloop
  endfacet
  facet normal 0 0 1
    outer loop
      vertex -22.7585 17.1811 2.4
      vertex -22.1658 21.5301 2.4
      vertex -22.3222 21.4952 2.4
    endloop
  endfacet
  facet normal 0 0 1
    outer loop
      vertex -22.7585 17.1811 2.4
      vertex -22.3222 21.4952 2.4
      vertex -22.4804 21.4701 2.4
    endloop
  endfacet
  facet normal 0 0 1
    outer loop
      vertex -22.7585 17.1811 2.4
      vertex -22.4804 21.4701 2.4
      vertex -22.6399 21.455 2.4
    endloop
  endfacet
  facet normal 0 0 1
    outer loop
      vertex -22.012 21.5748 2.4
      vertex -22.7585 17.1811 2.4
      vertex -21.9791 16.7311 2.4
    endloop
  endfacet
  facet normal -0 0 1
    outer loop
      vertex -22.8 21.45 2.4
      vertex -22.7585 17.1811 2.4
      vertex -22.6399 21.455 2.4
    endloop
  endfacet
  facet normal 0 0 1
    outer loop
      vertex -22.9601 21.455 2.4
      vertex -22.7585 17.1811 2.4
      vertex -22.8 21.45 2.4
    endloop
  endfacet
  facet normal 0 0 1
    outer loop
      vertex -23.1196 21.4701 2.4
      vertex -22.7585 17.1811 2.4
      vertex -22.9601 21.455 2.4
    endloop
  endfacet
  facet normal 0 0 1
    outer loop
      vertex -23.2778 21.4952 2.4
      vertex -22.7585 17.1811 2.4
      vertex -23.1196 21.4701 2.4
    endloop
  endfacet
  facet normal 0 0 1
    outer loop
      vertex -23.4342 21.5301 2.4
      vertex -22.7585 17.1811 2.4
      vertex -23.2778 21.4952 2.4
    endloop
  endfacet
  facet normal 0 0 1
    outer loop
      vertex -23.588 21.5748 2.4
      vertex -22.7585 17.1811 2.4
      vertex -23.4342 21.5301 2.4
    endloop
  endfacet
  facet normal 0 0 1
    outer loop
      vertex -23.7387 21.6291 2.4
      vertex -22.7585 17.1811 2.4
      vertex -23.588 21.5748 2.4
    endloop
  endfacet
  facet normal 0 0 1
    outer loop
      vertex -23.8857 21.6927 2.4
      vertex -22.7585 17.1811 2.4
      vertex -23.7387 21.6291 2.4
    endloop
  endfacet
  facet normal 0 0 1
    outer loop
      vertex -24.0285 21.7654 2.4
      vertex -22.7585 17.1811 2.4
      vertex -23.8857 21.6927 2.4
    endloop
  endfacet
  facet normal 0 0 1
    outer loop
      vertex -27.8 21.5 2.4
      vertex -24.0285 21.7654 2.4
      vertex -24.1663 21.847 2.4
    endloop
  endfacet
  facet normal 0 0 1
    outer loop
      vertex -27.8 21.5 2.4
      vertex -24.1663 21.847 2.4
      vertex -24.2988 21.937 2.4
    endloop
  endfacet
  facet normal 0 0 1
    outer loop
      vertex -27.8 21.5 2.4
      vertex -24.2988 21.937 2.4
      vertex -24.4254 22.0352 2.4
    endloop
  endfacet
  facet normal 0 0 1
    outer loop
      vertex -27.8 21.5 2.4
      vertex -24.4254 22.0352 2.4
      vertex -24.5456 22.1411 2.4
    endloop
  endfacet
  facet normal 0 0 1
    outer loop
      vertex -27.8 21.5 2.4
      vertex -24.5456 22.1411 2.4
      vertex -24.6589 22.2544 2.4
    endloop
  endfacet
  facet normal 0 0 1
    outer loop
      vertex -26.85 22.6 2.4
      vertex -24.6589 22.2544 2.4
      vertex -24.7648 22.3746 2.4
    endloop
  endfacet
  facet normal 0 0 1
    outer loop
      vertex -26.85 22.6 2.4
      vertex -24.7648 22.3746 2.4
      vertex -24.863 22.5012 2.4
    endloop
  endfacet
  facet normal -0 0 1
    outer loop
      vertex -26.85 22.6 2.4
      vertex -24.863 22.5012 2.4
      vertex -24.9302 22.6 2.4
    endloop
  endfacet
  facet normal 0 0 1
    outer loop
      vertex -24.0285 21.7654 2.4
      vertex -27.8 21.5 2.4
      vertex -22.7585 17.1811 2.4
    endloop
  endfacet
  facet normal 0 0 1
    outer loop
      vertex -22.7585 17.1811 2.4
      vertex -27.8 21.5 2.4
      vertex -26.2585 11.1189 2.4
    endloop
  endfacet
  facet normal 0 0 1
    outer loop
      vertex -24.6589 22.2544 2.4
      vertex -26.85 22.6 2.4
      vertex -27.8 21.5 2.4
    endloop
  endfacet
  facet normal 0 0 1
    outer loop
      vertex -20.7667 -16.0311 2.4
      vertex -18.6074 -13.5191 2.4
      vertex -19.4195 -12.324 2.4
    endloop
  endfacet
  facet normal 0 0 1
    outer loop
      vertex -21.8 -11 2.4
      vertex -19.4195 -12.324 2.4
      vertex -20.1551 -11.0803 2.4
    endloop
  endfacet
  facet normal -0 0 1
    outer loop
      vertex -21.8 -11 2.4
      vertex -20.1551 -11.0803 2.4
      vertex -20.196 -11 2.4
    endloop
  endfacet
  facet normal 0 0 1
    outer loop
      vertex -18.6074 -13.5191 2.4
      vertex -20.7667 -16.0311 2.4
      vertex -18.75 -22.6 2.4
    endloop
  endfacet
  facet normal -0 0 1
    outer loop
      vertex -21.3012 -21.937 2.4
      vertex -18.75 -22.6 2.4
      vertex -20.7667 -16.0311 2.4
    endloop
  endfacet
  facet normal 0 0 1
    outer loop
      vertex -18.75 -22.6 2.4
      vertex -20.737 -22.5012 2.4
      vertex -20.6698 -22.6 2.4
    endloop
  endfacet
  facet normal 0 0 1
    outer loop
      vertex -19.4195 -12.324 2.4
      vertex -21.8 -11 2.4
      vertex -20.7667 -16.0311 2.4
    endloop
  endfacet
  facet normal 0 0 1
    outer loop
      vertex -21.8753 -10.9976 2.4
      vertex -20.7667 -16.0311 2.4
      vertex -21.8 -11 2.4
    endloop
  endfacet
  facet normal 0 0 1
    outer loop
      vertex -21.9504 -10.9905 2.4
      vertex -20.7667 -16.0311 2.4
      vertex -21.8753 -10.9976 2.4
    endloop
  endfacet
  facet normal 0 0 1
    outer loop
      vertex -22.0248 -10.9787 2.4
      vertex -20.7667 -16.0311 2.4
      vertex -21.9504 -10.9905 2.4
    endloop
  endfacet
  facet normal 0 0 1
    outer loop
      vertex -22.0984 -10.9623 2.4
      vertex -20.7667 -16.0311 2.4
      vertex -22.0248 -10.9787 2.4
    endloop
  endfacet
  facet normal 0 0 1
    outer loop
      vertex -22.1708 -10.9413 2.4
      vertex -20.7667 -16.0311 2.4
      vertex -22.0984 -10.9623 2.4
    endloop
  endfacet
  facet normal 0 0 1
    outer loop
      vertex -22.2417 -10.9157 2.4
      vertex -20.7667 -16.0311 2.4
      vertex -22.1708 -10.9413 2.4
    endloop
  endfacet
  facet normal 0 0 1
    outer loop
      vertex -22.3109 -10.8858 2.4
      vertex -20.7667 -16.0311 2.4
      vertex -22.2417 -10.9157 2.4
    endloop
  endfacet
  facet normal 0 0 1
    outer loop
      vertex -22.3781 -10.8516 2.4
      vertex -20.7667 -16.0311 2.4
      vertex -22.3109 -10.8858 2.4
    endloop
  endfacet
  facet normal 0 0 1
    outer loop
      vertex -22.443 -10.8132 2.4
      vertex -20.7667 -16.0311 2.4
      vertex -22.3781 -10.8516 2.4
    endloop
  endfacet
  facet normal 0 0 1
    outer loop
      vertex -22.5053 -10.7708 2.4
      vertex -20.7667 -16.0311 2.4
      vertex -22.443 -10.8132 2.4
    endloop
  endfacet
  facet normal 0 0 1
    outer loop
      vertex -24.2667 -9.96891 2.4
      vertex -22.5053 -10.7708 2.4
      vertex -22.5649 -10.7246 2.4
    endloop
  endfacet
  facet normal 0 0 1
    outer loop
      vertex -24.2667 -9.96891 2.4
      vertex -22.5649 -10.7246 2.4
      vertex -22.6214 -10.6747 2.4
    endloop
  endfacet
  facet normal 0 0 1
    outer loop
      vertex -24.2667 -9.96891 2.4
      vertex -22.6214 -10.6747 2.4
      vertex -22.6747 -10.6214 2.4
    endloop
  endfacet
  facet normal 0 0 1
    outer loop
      vertex -24.2667 -9.96891 2.4
      vertex -22.6747 -10.6214 2.4
      vertex -22.7246 -10.5649 2.4
    endloop
  endfacet
  facet normal 0 0 1
    outer loop
      vertex -24.2667 -9.96891 2.4
      vertex -22.7246 -10.5649 2.4
      vertex -22.7708 -10.5053 2.4
    endloop
  endfacet
  facet normal 0 0 1
    outer loop
      vertex -24.2667 -9.96891 2.4
      vertex -22.7708 -10.5053 2.4
      vertex -22.8132 -10.443 2.4
    endloop
  endfacet
  facet normal 0 0 1
    outer loop
      vertex -24.2667 -9.96891 2.4
      vertex -22.8132 -10.443 2.4
      vertex -22.8516 -10.3781 2.4
    endloop
  endfacet
  facet normal 0 0 1
    outer loop
      vertex -24.2667 -9.96891 2.4
      vertex -22.8516 -10.3781 2.4
      vertex -22.8858 -10.3109 2.4
    endloop
  endfacet
  facet normal 0 0 1
    outer loop
      vertex -24.2667 -9.96891 2.4
      vertex -22.8858 -10.3109 2.4
      vertex -22.9157 -10.2417 2.4
    endloop
  endfacet
  facet normal 0 0 1
    outer loop
      vertex -23 -0.000485541 2.4
      vertex -24.2667 -9.96891 2.4
      vertex -23 -9.79999 2.4
    endloop
  endfacet
  facet normal 0 0 1
    outer loop
      vertex -22.5053 -10.7708 2.4
      vertex -24.2667 -9.96891 2.4
      vertex -20.7667 -16.0311 2.4
    endloop
  endfacet
  facet normal 0 0 1
    outer loop
      vertex -22.9413 -10.1708 2.4
      vertex -24.2667 -9.96891 2.4
      vertex -22.9157 -10.2417 2.4
    endloop
  endfacet
  facet normal 0 0 1
    outer loop
      vertex -22.9623 -10.0984 2.4
      vertex -24.2667 -9.96891 2.4
      vertex -22.9413 -10.1708 2.4
    endloop
  endfacet
  facet normal 0 0 1
    outer loop
      vertex -22.9787 -10.0248 2.4
      vertex -24.2667 -9.96891 2.4
      vertex -22.9623 -10.0984 2.4
    endloop
  endfacet
  facet normal 0 0 1
    outer loop
      vertex -22.9905 -9.95039 2.4
      vertex -24.2667 -9.96891 2.4
      vertex -22.9787 -10.0248 2.4
    endloop
  endfacet
  facet normal 0 0 1
    outer loop
      vertex -22.9976 -9.87534 2.4
      vertex -24.2667 -9.96891 2.4
      vertex -22.9905 -9.95039 2.4
    endloop
  endfacet
  facet normal 0 0 1
    outer loop
      vertex -23 -9.79999 2.4
      vertex -24.2667 -9.96891 2.4
      vertex -22.9976 -9.87534 2.4
    endloop
  endfacet
  facet normal 0 0 1
    outer loop
      vertex -25.4791 10.6689 2.4
      vertex -26.2585 11.1189 2.4
      vertex -23 0.000485541 2.4
    endloop
  endfacet
  facet normal 0 0 1
    outer loop
      vertex -23 -0.000485541 2.4
      vertex -25.4791 -10.6689 2.4
      vertex -24.2667 -9.96891 2.4
    endloop
  endfacet
  facet normal 0 0 1
    outer loop
      vertex -16.7663 15.7446 2.4
      vertex -20.7667 16.0311 2.4
      vertex -17.7218 14.6608 2.4
    endloop
  endfacet
  facet normal 0 0 1
    outer loop
      vertex -17.7218 14.6608 2.4
      vertex -20.7667 16.0311 2.4
      vertex -18.6074 13.5191 2.4
    endloop
  endfacet
  facet normal 0 0 1
    outer loop
      vertex -18.6074 13.5191 2.4
      vertex -20.7667 16.0311 2.4
      vertex -19.4195 12.324 2.4
    endloop
  endfacet
  facet normal 0 0 1
    outer loop
      vertex -21.8 11 2.4
      vertex -19.4195 12.324 2.4
      vertex -20.7667 16.0311 2.4
    endloop
  endfacet
  facet normal 0 0 1
    outer loop
      vertex -20.737 22.5012 2.4
      vertex -18.75 22.6 2.4
      vertex -20.6698 22.6 2.4
    endloop
  endfacet
  facet normal 0 0 1
    outer loop
      vertex -20.8352 22.3746 2.4
      vertex -18.75 22.6 2.4
      vertex -20.737 22.5012 2.4
    endloop
  endfacet
  facet normal 0 0 1
    outer loop
      vertex -19.4195 12.324 2.4
      vertex -21.8 11 2.4
      vertex -20.1551 11.0803 2.4
    endloop
  endfacet
  facet normal 0 0 1
    outer loop
      vertex -20.1551 11.0803 2.4
      vertex -21.8 11 2.4
      vertex -20.196 11 2.4
    endloop
  endfacet
  facet normal 0 0 1
    outer loop
      vertex -20.7667 16.0311 2.4
      vertex -21.8753 10.9976 2.4
      vertex -21.8 11 2.4
    endloop
  endfacet
  facet normal 0 0 1
    outer loop
      vertex -20.7667 16.0311 2.4
      vertex -21.9504 10.9905 2.4
      vertex -21.8753 10.9976 2.4
    endloop
  endfacet
  facet normal 0 0 1
    outer loop
      vertex -20.7667 16.0311 2.4
      vertex -22.0248 10.9787 2.4
      vertex -21.9504 10.9905 2.4
    endloop
  endfacet
  facet normal 0 0 1
    outer loop
      vertex -20.7667 16.0311 2.4
      vertex -22.0984 10.9623 2.4
      vertex -22.0248 10.9787 2.4
    endloop
  endfacet
  facet normal 0 0 1
    outer loop
      vertex -20.7667 16.0311 2.4
      vertex -22.1708 10.9413 2.4
      vertex -22.0984 10.9623 2.4
    endloop
  endfacet
  facet normal 0 0 1
    outer loop
      vertex -20.7667 16.0311 2.4
      vertex -22.2417 10.9157 2.4
      vertex -22.1708 10.9413 2.4
    endloop
  endfacet
  facet normal 0 0 1
    outer loop
      vertex -20.7667 16.0311 2.4
      vertex -22.3109 10.8858 2.4
      vertex -22.2417 10.9157 2.4
    endloop
  endfacet
  facet normal 0 0 1
    outer loop
      vertex -20.7667 16.0311 2.4
      vertex -22.3781 10.8516 2.4
      vertex -22.3109 10.8858 2.4
    endloop
  endfacet
  facet normal 0 0 1
    outer loop
      vertex -20.7667 16.0311 2.4
      vertex -22.443 10.8132 2.4
      vertex -22.3781 10.8516 2.4
    endloop
  endfacet
  facet normal 0 0 1
    outer loop
      vertex -20.7667 16.0311 2.4
      vertex -22.5053 10.7708 2.4
      vertex -22.443 10.8132 2.4
    endloop
  endfacet
  facet normal 0 0 1
    outer loop
      vertex -24.2667 9.96891 2.4
      vertex -22.5053 10.7708 2.4
      vertex -20.7667 16.0311 2.4
    endloop
  endfacet
  facet normal 0 0 1
    outer loop
      vertex -22.5053 10.7708 2.4
      vertex -24.2667 9.96891 2.4
      vertex -22.5649 10.7246 2.4
    endloop
  endfacet
  facet normal 0 0 1
    outer loop
      vertex -22.5649 10.7246 2.4
      vertex -24.2667 9.96891 2.4
      vertex -22.6214 10.6747 2.4
    endloop
  endfacet
  facet normal 0 0 1
    outer loop
      vertex -22.6214 10.6747 2.4
      vertex -24.2667 9.96891 2.4
      vertex -22.6747 10.6214 2.4
    endloop
  endfacet
  facet normal 0 0 1
    outer loop
      vertex -22.6747 10.6214 2.4
      vertex -24.2667 9.96891 2.4
      vertex -22.7246 10.5649 2.4
    endloop
  endfacet
  facet normal 0 0 1
    outer loop
      vertex -22.7246 10.5649 2.4
      vertex -24.2667 9.96891 2.4
      vertex -22.7708 10.5053 2.4
    endloop
  endfacet
  facet normal 0 0 1
    outer loop
      vertex -22.7708 10.5053 2.4
      vertex -24.2667 9.96891 2.4
      vertex -22.8132 10.443 2.4
    endloop
  endfacet
  facet normal 0 0 1
    outer loop
      vertex -22.8132 10.443 2.4
      vertex -24.2667 9.96891 2.4
      vertex -22.8516 10.3781 2.4
    endloop
  endfacet
  facet normal 0 0 1
    outer loop
      vertex -22.8516 10.3781 2.4
      vertex -24.2667 9.96891 2.4
      vertex -22.8858 10.3109 2.4
    endloop
  endfacet
  facet normal 0 0 1
    outer loop
      vertex -24.2667 9.96891 2.4
      vertex -23 0.000485541 2.4
      vertex -23 9.79999 2.4
    endloop
  endfacet
  facet normal 0 0 1
    outer loop
      vertex -25.4791 10.6689 2.4
      vertex -23 0.000485541 2.4
      vertex -24.2667 9.96891 2.4
    endloop
  endfacet
  facet normal 0 0 1
    outer loop
      vertex -22.9976 9.87534 2.4
      vertex -24.2667 9.96891 2.4
      vertex -23 9.79999 2.4
    endloop
  endfacet
  facet normal 0 0 1
    outer loop
      vertex -22.9905 9.95039 2.4
      vertex -24.2667 9.96891 2.4
      vertex -22.9976 9.87534 2.4
    endloop
  endfacet
  facet normal 0 0 1
    outer loop
      vertex -22.9787 10.0248 2.4
      vertex -24.2667 9.96891 2.4
      vertex -22.9905 9.95039 2.4
    endloop
  endfacet
  facet normal 0 0 1
    outer loop
      vertex -22.9623 10.0984 2.4
      vertex -24.2667 9.96891 2.4
      vertex -22.9787 10.0248 2.4
    endloop
  endfacet
  facet normal 0 0 1
    outer loop
      vertex -22.9413 10.1708 2.4
      vertex -24.2667 9.96891 2.4
      vertex -22.9623 10.0984 2.4
    endloop
  endfacet
  facet normal 0 0 1
    outer loop
      vertex -22.9157 10.2417 2.4
      vertex -24.2667 9.96891 2.4
      vertex -22.9413 10.1708 2.4
    endloop
  endfacet
  facet normal 0 0 1
    outer loop
      vertex -22.8858 10.3109 2.4
      vertex -24.2667 9.96891 2.4
      vertex -22.9157 10.2417 2.4
    endloop
  endfacet
  facet normal 0 0 1
    outer loop
      vertex -18.75 -22.6 2.4
      vertex -20.8352 -22.3746 2.4
      vertex -20.737 -22.5012 2.4
    endloop
  endfacet
  facet normal 0 0 1
    outer loop
      vertex -18.75 -22.6 2.4
      vertex -20.9411 -22.2544 2.4
      vertex -20.8352 -22.3746 2.4
    endloop
  endfacet
  facet normal 0 0 1
    outer loop
      vertex -18.75 -22.6 2.4
      vertex -21.0544 -22.1411 2.4
      vertex -20.9411 -22.2544 2.4
    endloop
  endfacet
  facet normal 0 0 1
    outer loop
      vertex -18.75 -22.6 2.4
      vertex -21.1746 -22.0352 2.4
      vertex -21.0544 -22.1411 2.4
    endloop
  endfacet
  facet normal 0 0 1
    outer loop
      vertex -18.75 -22.6 2.4
      vertex -21.3012 -21.937 2.4
      vertex -21.1746 -22.0352 2.4
    endloop
  endfacet
  facet normal 0 0 1
    outer loop
      vertex -20.7667 -16.0311 2.4
      vertex -21.4337 -21.847 2.4
      vertex -21.3012 -21.937 2.4
    endloop
  endfacet
  facet normal -0 0 1
    outer loop
      vertex -21.9791 -16.7311 2.4
      vertex -21.4337 -21.847 2.4
      vertex -20.7667 -16.0311 2.4
    endloop
  endfacet
  facet normal 0 0 1
    outer loop
      vertex -21.4337 -21.847 2.4
      vertex -21.9791 -16.7311 2.4
      vertex -21.5715 -21.7654 2.4
    endloop
  endfacet
  facet normal 0 0 1
    outer loop
      vertex -21.5715 -21.7654 2.4
      vertex -21.9791 -16.7311 2.4
      vertex -21.7143 -21.6927 2.4
    endloop
  endfacet
  facet normal 0 0 1
    outer loop
      vertex -21.7143 -21.6927 2.4
      vertex -21.9791 -16.7311 2.4
      vertex -21.8613 -21.6291 2.4
    endloop
  endfacet
  facet normal 0 0 1
    outer loop
      vertex -21.9791 -16.7311 2.4
      vertex -22.012 -21.5748 2.4
      vertex -21.8613 -21.6291 2.4
    endloop
  endfacet
  facet normal -0 0 1
    outer loop
      vertex -22.7585 -17.1811 2.4
      vertex -22.012 -21.5748 2.4
      vertex -21.9791 -16.7311 2.4
    endloop
  endfacet
  facet normal 0 0 1
    outer loop
      vertex -22.012 -21.5748 2.4
      vertex -22.7585 -17.1811 2.4
      vertex -22.1658 -21.5301 2.4
    endloop
  endfacet
  facet normal 0 0 1
    outer loop
      vertex -22.1658 -21.5301 2.4
      vertex -22.7585 -17.1811 2.4
      vertex -22.3222 -21.4952 2.4
    endloop
  endfacet
  facet normal 0 0 1
    outer loop
      vertex -22.3222 -21.4952 2.4
      vertex -22.7585 -17.1811 2.4
      vertex -22.4804 -21.4701 2.4
    endloop
  endfacet
  facet normal 0 0 1
    outer loop
      vertex -22.4804 -21.4701 2.4
      vertex -22.7585 -17.1811 2.4
      vertex -22.6399 -21.455 2.4
    endloop
  endfacet
  facet normal 0 0 1
    outer loop
      vertex -22.7585 -17.1811 2.4
      vertex -22.8 -21.45 2.4
      vertex -22.6399 -21.455 2.4
    endloop
  endfacet
  facet normal 0 0 1
    outer loop
      vertex -22.7585 -17.1811 2.4
      vertex -22.9601 -21.455 2.4
      vertex -22.8 -21.45 2.4
    endloop
  endfacet
  facet normal 0 0 1
    outer loop
      vertex -22.7585 -17.1811 2.4
      vertex -23.1196 -21.4701 2.4
      vertex -22.9601 -21.455 2.4
    endloop
  endfacet
  facet normal 0 0 1
    outer loop
      vertex -22.7585 -17.1811 2.4
      vertex -23.2778 -21.4952 2.4
      vertex -23.1196 -21.4701 2.4
    endloop
  endfacet
  facet normal 0 0 1
    outer loop
      vertex -22.7585 -17.1811 2.4
      vertex -23.4342 -21.5301 2.4
      vertex -23.2778 -21.4952 2.4
    endloop
  endfacet
  facet normal 0 0 1
    outer loop
      vertex -22.7585 -17.1811 2.4
      vertex -23.588 -21.5748 2.4
      vertex -23.4342 -21.5301 2.4
    endloop
  endfacet
  facet normal 0 0 1
    outer loop
      vertex -22.7585 -17.1811 2.4
      vertex -23.7387 -21.6291 2.4
      vertex -23.588 -21.5748 2.4
    endloop
  endfacet
  facet normal 0 0 1
    outer loop
      vertex -22.7585 -17.1811 2.4
      vertex -23.8857 -21.6927 2.4
      vertex -23.7387 -21.6291 2.4
    endloop
  endfacet
  facet normal 0 0 1
    outer loop
      vertex -22.7585 -17.1811 2.4
      vertex -24.0285 -21.7654 2.4
      vertex -23.8857 -21.6927 2.4
    endloop
  endfacet
  facet normal -0 0 1
    outer loop
      vertex -27.8 -21.5 2.4
      vertex -24.0285 -21.7654 2.4
      vertex -22.7585 -17.1811 2.4
    endloop
  endfacet
  facet normal 0 0 1
    outer loop
      vertex -24.0285 -21.7654 2.4
      vertex -27.8 -21.5 2.4
      vertex -24.1663 -21.847 2.4
    endloop
  endfacet
  facet normal 0 0 1
    outer loop
      vertex -24.1663 -21.847 2.4
      vertex -27.8 -21.5 2.4
      vertex -24.2988 -21.937 2.4
    endloop
  endfacet
  facet normal 0 0 1
    outer loop
      vertex -24.2988 -21.937 2.4
      vertex -27.8 -21.5 2.4
      vertex -24.4254 -22.0352 2.4
    endloop
  endfacet
  facet normal 0 0 1
    outer loop
      vertex -24.4254 -22.0352 2.4
      vertex -27.8 -21.5 2.4
      vertex -24.5456 -22.1411 2.4
    endloop
  endfacet
  facet normal 0 0 1
    outer loop
      vertex -24.5456 -22.1411 2.4
      vertex -27.8 -21.5 2.4
      vertex -24.6589 -22.2544 2.4
    endloop
  endfacet
  facet normal 0 -0 1
    outer loop
      vertex -26.85 -22.6 2.4
      vertex -24.6589 -22.2544 2.4
      vertex -27.8 -21.5 2.4
    endloop
  endfacet
  facet normal 0 0 1
    outer loop
      vertex -24.6589 -22.2544 2.4
      vertex -26.85 -22.6 2.4
      vertex -24.7648 -22.3746 2.4
    endloop
  endfacet
  facet normal 0 0 1
    outer loop
      vertex -27.8 -21.5 2.4
      vertex -22.7585 -17.1811 2.4
      vertex -26.2585 -11.1189 2.4
    endloop
  endfacet
  facet normal 0 0 1
    outer loop
      vertex -24.7648 -22.3746 2.4
      vertex -26.85 -22.6 2.4
      vertex -24.863 -22.5012 2.4
    endloop
  endfacet
  facet normal 0 0 1
    outer loop
      vertex -26.2585 11.1189 2.4
      vertex -27.8 21.5 2.4
      vertex -26.2585 -11.1189 2.4
    endloop
  endfacet
  facet normal 0 0 1
    outer loop
      vertex -23 0.000485541 2.4
      vertex -26.2585 11.1189 2.4
      vertex -23 0 2.4
    endloop
  endfacet
  facet normal 0 0 1
    outer loop
      vertex 22.5926 4.30977 2.4
      vertex 25.4791 10.6689 2.4
      vertex 24.2667 9.96891 2.4
    endloop
  endfacet
  facet normal 0 0 1
    outer loop
      vertex 25.4791 10.6689 2.4
      vertex 23 0 2.4
      vertex 25.4791 -10.6689 2.4
    endloop
  endfacet
  facet normal -0 0 1
    outer loop
      vertex 22.9546 -1.44418 2.4
      vertex 25.4791 -10.6689 2.4
      vertex 23 0 2.4
    endloop
  endfacet
  facet normal 0 0 1
    outer loop
      vertex 25.4791 10.6689 2.4
      vertex 22.9546 1.44418 2.4
      vertex 23 0 2.4
    endloop
  endfacet
  facet normal 0 0 1
    outer loop
      vertex 25.4791 10.6689 2.4
      vertex 22.8186 2.88266 2.4
      vertex 22.9546 1.44418 2.4
    endloop
  endfacet
  facet normal 0 0 1
    outer loop
      vertex 25.4791 10.6689 2.4
      vertex 22.5926 4.30977 2.4
      vertex 22.8186 2.88266 2.4
    endloop
  endfacet
  facet normal 0 0 1
    outer loop
      vertex 24.2667 9.96891 2.4
      vertex 22.2774 5.71987 2.4
      vertex 22.5926 4.30977 2.4
    endloop
  endfacet
  facet normal 0 0 1
    outer loop
      vertex 24.2667 9.96891 2.4
      vertex 21.8743 7.10739 2.4
      vertex 22.2774 5.71987 2.4
    endloop
  endfacet
  facet normal 0 0 1
    outer loop
      vertex 24.2667 9.96891 2.4
      vertex 21.3849 8.46686 2.4
      vertex 21.8743 7.10739 2.4
    endloop
  endfacet
  facet normal 0 0 1
    outer loop
      vertex 24.2667 9.96891 2.4
      vertex 20.811 9.79292 2.4
      vertex 21.3849 8.46686 2.4
    endloop
  endfacet
  facet normal -0 0 1
    outer loop
      vertex 20.1551 11.0803 2.4
      vertex 24.2667 9.96891 2.4
      vertex 20.7667 16.0311 2.4
    endloop
  endfacet
  facet normal -0 0 1
    outer loop
      vertex 18.75 22.6 2.4
      vertex 20.737 22.5012 2.4
      vertex 20.6698 22.6 2.4
    endloop
  endfacet
  facet normal 0 0 1
    outer loop
      vertex 20.737 22.5012 2.4
      vertex 18.75 22.6 2.4
      vertex 20.7667 16.0311 2.4
    endloop
  endfacet
  facet normal 0 0 1
    outer loop
      vertex 24.2667 9.96891 2.4
      vertex 20.1551 11.0803 2.4
      vertex 20.811 9.79292 2.4
    endloop
  endfacet
  facet normal 0 0 1
    outer loop
      vertex 20.7667 16.0311 2.4
      vertex 19.4195 12.324 2.4
      vertex 20.1551 11.0803 2.4
    endloop
  endfacet
  facet normal -0 0 1
    outer loop
      vertex 15.7446 16.7663 2.4
      vertex 20.7667 16.0311 2.4
      vertex 18.75 22.6 2.4
    endloop
  endfacet
  facet normal 0 0 1
    outer loop
      vertex 20.7667 16.0311 2.4
      vertex 18.6074 13.5191 2.4
      vertex 19.4195 12.324 2.4
    endloop
  endfacet
  facet normal 0 0 1
    outer loop
      vertex 26.2585 11.1189 2.4
      vertex 25.4791 10.6689 2.4
      vertex 26.2585 -11.1189 2.4
    endloop
  endfacet
  facet normal -0 0 1
    outer loop
      vertex 25.4791 -10.6689 2.4
      vertex 26.2585 -11.1189 2.4
      vertex 25.4791 10.6689 2.4
    endloop
  endfacet
  facet normal -0 0 1
    outer loop
      vertex 26.2585 -11.1189 2.4
      vertex 27.8 -21.5 2.4
      vertex 26.2585 11.1189 2.4
    endloop
  endfacet
  facet normal 0 0 1
    outer loop
      vertex 24.863 22.5012 2.4
      vertex 26.85 22.6 2.4
      vertex 24.9302 22.6 2.4
    endloop
  endfacet
  facet normal 0 0 1
    outer loop
      vertex 24.7648 22.3746 2.4
      vertex 26.85 22.6 2.4
      vertex 24.863 22.5012 2.4
    endloop
  endfacet
  facet normal 0 0 1
    outer loop
      vertex 24.6589 22.2544 2.4
      vertex 26.85 22.6 2.4
      vertex 24.7648 22.3746 2.4
    endloop
  endfacet
  facet normal 0 0 1
    outer loop
      vertex 27.8 21.5 2.4
      vertex 24.6589 22.2544 2.4
      vertex 24.5456 22.1411 2.4
    endloop
  endfacet
  facet normal 0 0 1
    outer loop
      vertex 27.8 21.5 2.4
      vertex 24.5456 22.1411 2.4
      vertex 24.4254 22.0352 2.4
    endloop
  endfacet
  facet normal 0 0 1
    outer loop
      vertex 27.8 21.5 2.4
      vertex 24.4254 22.0352 2.4
      vertex 24.2988 21.937 2.4
    endloop
  endfacet
  facet normal -0 0 1
    outer loop
      vertex 24.1663 21.847 2.4
      vertex 27.8 21.5 2.4
      vertex 24.2988 21.937 2.4
    endloop
  endfacet
  facet normal -0 0 1
    outer loop
      vertex 24.0285 21.7654 2.4
      vertex 27.8 21.5 2.4
      vertex 24.1663 21.847 2.4
    endloop
  endfacet
  facet normal 0 0 1
    outer loop
      vertex 27.8 21.5 2.4
      vertex 24.0285 21.7654 2.4
      vertex 22.7585 17.1811 2.4
    endloop
  endfacet
  facet normal 0 0 1
    outer loop
      vertex 22.7585 17.1811 2.4
      vertex 24.0285 21.7654 2.4
      vertex 23.8857 21.6927 2.4
    endloop
  endfacet
  facet normal 0 0 1
    outer loop
      vertex 22.7585 17.1811 2.4
      vertex 23.8857 21.6927 2.4
      vertex 23.7387 21.6291 2.4
    endloop
  endfacet
  facet normal 0 0 1
    outer loop
      vertex 22.7585 17.1811 2.4
      vertex 23.7387 21.6291 2.4
      vertex 23.588 21.5748 2.4
    endloop
  endfacet
  facet normal 0 0 1
    outer loop
      vertex 22.7585 17.1811 2.4
      vertex 23.588 21.5748 2.4
      vertex 23.4342 21.5301 2.4
    endloop
  endfacet
  facet normal 0 0 1
    outer loop
      vertex 22.7585 17.1811 2.4
      vertex 23.4342 21.5301 2.4
      vertex 23.2778 21.4952 2.4
    endloop
  endfacet
  facet normal 0 0 1
    outer loop
      vertex 22.7585 17.1811 2.4
      vertex 23.2778 21.4952 2.4
      vertex 23.1196 21.4701 2.4
    endloop
  endfacet
  facet normal 0 0 1
    outer loop
      vertex 22.7585 17.1811 2.4
      vertex 23.1196 21.4701 2.4
      vertex 22.9601 21.455 2.4
    endloop
  endfacet
  facet normal 0 0 1
    outer loop
      vertex 22.7585 17.1811 2.4
      vertex 22.9601 21.455 2.4
      vertex 22.8 21.45 2.4
    endloop
  endfacet
  facet normal 0 0 1
    outer loop
      vertex 27.8 21.5 2.4
      vertex 22.7585 17.1811 2.4
      vertex 26.2585 11.1189 2.4
    endloop
  endfacet
  facet normal 0 0 1
    outer loop
      vertex 22.6399 21.455 2.4
      vertex 22.7585 17.1811 2.4
      vertex 22.8 21.45 2.4
    endloop
  endfacet
  facet normal 0 0 1
    outer loop
      vertex 22.4804 21.4701 2.4
      vertex 22.7585 17.1811 2.4
      vertex 22.6399 21.455 2.4
    endloop
  endfacet
  facet normal 0 0 1
    outer loop
      vertex 22.3222 21.4952 2.4
      vertex 22.7585 17.1811 2.4
      vertex 22.4804 21.4701 2.4
    endloop
  endfacet
  facet normal 0 0 1
    outer loop
      vertex 22.1658 21.5301 2.4
      vertex 22.7585 17.1811 2.4
      vertex 22.3222 21.4952 2.4
    endloop
  endfacet
  facet normal 0 0 1
    outer loop
      vertex 22.012 21.5748 2.4
      vertex 22.7585 17.1811 2.4
      vertex 22.1658 21.5301 2.4
    endloop
  endfacet
  facet normal 0 0 1
    outer loop
      vertex 22.012 21.5748 2.4
      vertex 21.9791 16.7311 2.4
      vertex 22.7585 17.1811 2.4
    endloop
  endfacet
  facet normal 0 0 1
    outer loop
      vertex 21.8613 21.6291 2.4
      vertex 21.9791 16.7311 2.4
      vertex 22.012 21.5748 2.4
    endloop
  endfacet
  facet normal 0 0 1
    outer loop
      vertex 21.7143 21.6927 2.4
      vertex 21.9791 16.7311 2.4
      vertex 21.8613 21.6291 2.4
    endloop
  endfacet
  facet normal 0 0 1
    outer loop
      vertex 21.5715 21.7654 2.4
      vertex 21.9791 16.7311 2.4
      vertex 21.7143 21.6927 2.4
    endloop
  endfacet
  facet normal 0 0 1
    outer loop
      vertex 21.4337 21.847 2.4
      vertex 21.9791 16.7311 2.4
      vertex 21.5715 21.7654 2.4
    endloop
  endfacet
  facet normal 0 0 1
    outer loop
      vertex 20.7667 16.0311 2.4
      vertex 21.4337 21.847 2.4
      vertex 21.3012 21.937 2.4
    endloop
  endfacet
  facet normal 0 0 1
    outer loop
      vertex 20.7667 16.0311 2.4
      vertex 21.3012 21.937 2.4
      vertex 21.1746 22.0352 2.4
    endloop
  endfacet
  facet normal 0 0 1
    outer loop
      vertex 20.7667 16.0311 2.4
      vertex 21.1746 22.0352 2.4
      vertex 21.0544 22.1411 2.4
    endloop
  endfacet
  facet normal 0 0 1
    outer loop
      vertex 20.7667 16.0311 2.4
      vertex 21.0544 22.1411 2.4
      vertex 20.9411 22.2544 2.4
    endloop
  endfacet
  facet normal 0 0 1
    outer loop
      vertex 20.7667 16.0311 2.4
      vertex 20.9411 22.2544 2.4
      vertex 20.8352 22.3746 2.4
    endloop
  endfacet
  facet normal 0 0 1
    outer loop
      vertex 21.4337 21.847 2.4
      vertex 20.7667 16.0311 2.4
      vertex 21.9791 16.7311 2.4
    endloop
  endfacet
  facet normal 0 -0 1
    outer loop
      vertex 20.7667 16.0311 2.4
      vertex 20.8352 22.3746 2.4
      vertex 20.737 22.5012 2.4
    endloop
  endfacet
  facet normal 0 0 1
    outer loop
      vertex 26.85 22.6 2.4
      vertex 27.8 21.5 2.4
      vertex 27.7757 22.2723 2.4
    endloop
  endfacet
  facet normal -0 0 1
    outer loop
      vertex 24.6589 22.2544 2.4
      vertex 27.8 21.5 2.4
      vertex 26.85 22.6 2.4
    endloop
  endfacet
  facet normal -0 0 1
    outer loop
      vertex 26.85 22.6 2.4
      vertex 27.7757 22.2723 2.4
      vertex 27.703 23.0416 2.4
    endloop
  endfacet
  facet normal 0 0 1
    outer loop
      vertex 27.8 21.5 2.4
      vertex 26.2585 11.1189 2.4
      vertex 27.8 -21.5 2.4
    endloop
  endfacet
  facet normal 0 0 1
    outer loop
      vertex 26.85 22.6 2.4
      vertex 27.703 23.0416 2.4
      vertex 27.5821 23.8048 2.4
    endloop
  endfacet
  facet normal 0 0 1
    outer loop
      vertex 27.8 -21.5 2.4
      vertex 26.85 -22.6 2.4
      vertex 27.7757 -22.2723 2.4
    endloop
  endfacet
  facet normal 0 0 1
    outer loop
      vertex 26.85 22.6 2.4
      vertex 27.5821 23.8048 2.4
      vertex 27.4136 24.5589 2.4
    endloop
  endfacet
  facet normal 0 0 1
    outer loop
      vertex 27.7757 -22.2723 2.4
      vertex 26.85 -22.6 2.4
      vertex 27.703 -23.0416 2.4
    endloop
  endfacet
  facet normal 0 0 1
    outer loop
      vertex 26.85 25.4 2.4
      vertex 27.4136 24.5589 2.4
      vertex 27.198 25.3009 2.4
    endloop
  endfacet
  facet normal 0 0 1
    outer loop
      vertex 27.703 -23.0416 2.4
      vertex 26.85 -22.6 2.4
      vertex 27.5821 -23.8048 2.4
    endloop
  endfacet
  facet normal -0 0 1
    outer loop
      vertex 26.85 25.4 2.4
      vertex 27.198 25.3009 2.4
      vertex 26.9362 26.0279 2.4
    endloop
  endfacet
  facet normal 0 0 1
    outer loop
      vertex 27.5821 -23.8048 2.4
      vertex 26.85 -22.6 2.4
      vertex 27.4136 -24.5589 2.4
    endloop
  endfacet
  facet normal 0 0 1
    outer loop
      vertex 27.4136 24.5589 2.4
      vertex 26.85 25.4 2.4
      vertex 26.85 22.6 2.4
    endloop
  endfacet
  facet normal 0 0 1
    outer loop
      vertex 24.9302 25.4 2.4
      vertex 26.9362 26.0279 2.4
      vertex 26.6294 26.7371 2.4
    endloop
  endfacet
  facet normal 0 0 1
    outer loop
      vertex 24.6589 25.7456 2.4
      vertex 26.6294 26.7371 2.4
      vertex 26.2786 27.4256 2.4
    endloop
  endfacet
  facet normal 0 0 1
    outer loop
      vertex 24.2988 26.063 2.4
      vertex 26.2786 27.4256 2.4
      vertex 25.8852 28.0907 2.4
    endloop
  endfacet
  facet normal 0 0 1
    outer loop
      vertex 23.8857 26.3073 2.4
      vertex 25.8852 28.0907 2.4
      vertex 25.4509 28.7298 2.4
    endloop
  endfacet
  facet normal 0 0 1
    outer loop
      vertex 23.4342 26.4699 2.4
      vertex 25.4509 28.7298 2.4
      vertex 24.9773 29.3403 2.4
    endloop
  endfacet
  facet normal 0 0 1
    outer loop
      vertex 26.2786 27.4256 2.4
      vertex 24.5456 25.8589 2.4
      vertex 24.6589 25.7456 2.4
    endloop
  endfacet
  facet normal 0 0 1
    outer loop
      vertex 26.9362 26.0279 2.4
      vertex 24.9302 25.4 2.4
      vertex 26.85 25.4 2.4
    endloop
  endfacet
  facet normal 0 -0 1
    outer loop
      vertex 24.9302 25.4 2.4
      vertex 26.6294 26.7371 2.4
      vertex 24.863 25.4988 2.4
    endloop
  endfacet
  facet normal 0 0 1
    outer loop
      vertex 26.6294 26.7371 2.4
      vertex 24.7648 25.6254 2.4
      vertex 24.863 25.4988 2.4
    endloop
  endfacet
  facet normal 0 0 1
    outer loop
      vertex 26.6294 26.7371 2.4
      vertex 24.6589 25.7456 2.4
      vertex 24.7648 25.6254 2.4
    endloop
  endfacet
  facet normal 0 0 1
    outer loop
      vertex 23.1196 26.5299 2.4
      vertex 24.9773 29.3403 2.4
      vertex 24.4663 29.9199 2.4
    endloop
  endfacet
  facet normal 0 0 1
    outer loop
      vertex 26.2786 27.4256 2.4
      vertex 24.4254 25.9648 2.4
      vertex 24.5456 25.8589 2.4
    endloop
  endfacet
  facet normal 0 0 1
    outer loop
      vertex 26.2786 27.4256 2.4
      vertex 24.2988 26.063 2.4
      vertex 24.4254 25.9648 2.4
    endloop
  endfacet
  facet normal 0 0 1
    outer loop
      vertex 25.8852 28.0907 2.4
      vertex 24.1663 26.153 2.4
      vertex 24.2988 26.063 2.4
    endloop
  endfacet
  facet normal 0 0 1
    outer loop
      vertex 25.8852 28.0907 2.4
      vertex 24.0285 26.2346 2.4
      vertex 24.1663 26.153 2.4
    endloop
  endfacet
  facet normal 0 0 1
    outer loop
      vertex 22.8 26.55 2.4
      vertex 24.4663 29.9199 2.4
      vertex 23.9199 30.4663 2.4
    endloop
  endfacet
  facet normal 0 0 1
    outer loop
      vertex 25.8852 28.0907 2.4
      vertex 23.8857 26.3073 2.4
      vertex 24.0285 26.2346 2.4
    endloop
  endfacet
  facet normal 0 0 1
    outer loop
      vertex 25.4509 28.7298 2.4
      vertex 23.7387 26.3709 2.4
      vertex 23.8857 26.3073 2.4
    endloop
  endfacet
  facet normal 0 0 1
    outer loop
      vertex 25.4509 28.7298 2.4
      vertex 23.588 26.4252 2.4
      vertex 23.7387 26.3709 2.4
    endloop
  endfacet
  facet normal 0 0 1
    outer loop
      vertex 25.4509 28.7298 2.4
      vertex 23.4342 26.4699 2.4
      vertex 23.588 26.4252 2.4
    endloop
  endfacet
  facet normal 0 0 1
    outer loop
      vertex 22.4804 26.5299 2.4
      vertex 23.9199 30.4663 2.4
      vertex 23.3403 30.9773 2.4
    endloop
  endfacet
  facet normal 0 0 1
    outer loop
      vertex 24.9773 29.3403 2.4
      vertex 23.2778 26.5048 2.4
      vertex 23.4342 26.4699 2.4
    endloop
  endfacet
  facet normal 0 0 1
    outer loop
      vertex 24.9773 29.3403 2.4
      vertex 23.1196 26.5299 2.4
      vertex 23.2778 26.5048 2.4
    endloop
  endfacet
  facet normal 0 0 1
    outer loop
      vertex 24.4663 29.9199 2.4
      vertex 22.9601 26.545 2.4
      vertex 23.1196 26.5299 2.4
    endloop
  endfacet
  facet normal 0 0 1
    outer loop
      vertex 24.4663 29.9199 2.4
      vertex 22.8 26.55 2.4
      vertex 22.9601 26.545 2.4
    endloop
  endfacet
  facet normal 0 0 1
    outer loop
      vertex 22.1658 26.4699 2.4
      vertex 23.3403 30.9773 2.4
      vertex 22.7298 31.4509 2.4
    endloop
  endfacet
  facet normal 0 0 1
    outer loop
      vertex 23.9199 30.4663 2.4
      vertex 22.6399 26.545 2.4
      vertex 22.8 26.55 2.4
    endloop
  endfacet
  facet normal 0 0 1
    outer loop
      vertex 23.9199 30.4663 2.4
      vertex 22.4804 26.5299 2.4
      vertex 22.6399 26.545 2.4
    endloop
  endfacet
  facet normal 0 0 1
    outer loop
      vertex 23.3403 30.9773 2.4
      vertex 22.3222 26.5048 2.4
      vertex 22.4804 26.5299 2.4
    endloop
  endfacet
  facet normal 0 0 1
    outer loop
      vertex 23.3403 30.9773 2.4
      vertex 22.1658 26.4699 2.4
      vertex 22.3222 26.5048 2.4
    endloop
  endfacet
  facet normal 0 0 1
    outer loop
      vertex 21.8613 26.3709 2.4
      vertex 22.7298 31.4509 2.4
      vertex 22.0907 31.8852 2.4
    endloop
  endfacet
  facet normal 0 0 1
    outer loop
      vertex 22.7298 31.4509 2.4
      vertex 22.012 26.4252 2.4
      vertex 22.1658 26.4699 2.4
    endloop
  endfacet
  facet normal 0 0 1
    outer loop
      vertex 22.7298 31.4509 2.4
      vertex 21.8613 26.3709 2.4
      vertex 22.012 26.4252 2.4
    endloop
  endfacet
  facet normal 0 0 1
    outer loop
      vertex 22.0907 31.8852 2.4
      vertex 21.7143 26.3073 2.4
      vertex 21.8613 26.3709 2.4
    endloop
  endfacet
  facet normal 0 0 1
    outer loop
      vertex 22.0907 31.8852 2.4
      vertex 21.5715 26.2346 2.4
      vertex 21.7143 26.3073 2.4
    endloop
  endfacet
  facet normal 0 0 1
    outer loop
      vertex 21.4256 32.2786 2.4
      vertex 21.5715 26.2346 2.4
      vertex 22.0907 31.8852 2.4
    endloop
  endfacet
  facet normal 0 0 1
    outer loop
      vertex 21.5715 26.2346 2.4
      vertex 21.4256 32.2786 2.4
      vertex 21.4337 26.153 2.4
    endloop
  endfacet
  facet normal 0 0 1
    outer loop
      vertex 20.7371 32.6294 2.4
      vertex 21.4337 26.153 2.4
      vertex 21.4256 32.2786 2.4
    endloop
  endfacet
  facet normal 0 0 1
    outer loop
      vertex 21.4337 26.153 2.4
      vertex 20.7371 32.6294 2.4
      vertex 21.3012 26.063 2.4
    endloop
  endfacet
  facet normal 0 0 1
    outer loop
      vertex 18.75 25.4 2.4
      vertex 21.3012 26.063 2.4
      vertex 20.7371 32.6294 2.4
    endloop
  endfacet
  facet normal 0 0 1
    outer loop
      vertex 21.3012 26.063 2.4
      vertex 18.75 25.4 2.4
      vertex 21.1746 25.9648 2.4
    endloop
  endfacet
  facet normal 0 0 1
    outer loop
      vertex 21.1746 25.9648 2.4
      vertex 18.75 25.4 2.4
      vertex 21.0544 25.8589 2.4
    endloop
  endfacet
  facet normal 0 0 1
    outer loop
      vertex 21.0544 25.8589 2.4
      vertex 18.75 25.4 2.4
      vertex 20.9411 25.7456 2.4
    endloop
  endfacet
  facet normal 0 0 1
    outer loop
      vertex 20.9411 25.7456 2.4
      vertex 18.75 25.4 2.4
      vertex 20.8352 25.6254 2.4
    endloop
  endfacet
  facet normal 0 0 1
    outer loop
      vertex 20.8352 25.6254 2.4
      vertex 18.75 25.4 2.4
      vertex 20.737 25.4988 2.4
    endloop
  endfacet
  facet normal 0 0 1
    outer loop
      vertex 18.75 25.4 2.4
      vertex 20.7371 32.6294 2.4
      vertex 20.0279 32.9362 2.4
    endloop
  endfacet
  facet normal 0 0 1
    outer loop
      vertex 18.75 25.4 2.4
      vertex 20.0279 32.9362 2.4
      vertex 19.3009 33.198 2.4
    endloop
  endfacet
  facet normal 0 0 1
    outer loop
      vertex 20.737 25.4988 2.4
      vertex 18.75 25.4 2.4
      vertex 20.6698 25.4 2.4
    endloop
  endfacet
  facet normal 0 0 1
    outer loop
      vertex 11.0803 20.1551 2.4
      vertex 18.75 22.6 2.4
      vertex 18.75 25.4 2.4
    endloop
  endfacet
  facet normal 0 0 1
    outer loop
      vertex 18.5589 33.4136 2.4
      vertex 18.75 25.4 2.4
      vertex 19.3009 33.198 2.4
    endloop
  endfacet
  facet normal 0 0 1
    outer loop
      vertex 17.8048 33.5821 2.4
      vertex 18.75 25.4 2.4
      vertex 18.5589 33.4136 2.4
    endloop
  endfacet
  facet normal 0 0 1
    outer loop
      vertex 17.0416 33.703 2.4
      vertex 18.75 25.4 2.4
      vertex 17.8048 33.5821 2.4
    endloop
  endfacet
  facet normal 0 0 1
    outer loop
      vertex 20.7667 16.0311 2.4
      vertex 17.7218 14.6608 2.4
      vertex 18.6074 13.5191 2.4
    endloop
  endfacet
  facet normal 0 0 1
    outer loop
      vertex 16.2723 33.7757 2.4
      vertex 18.75 25.4 2.4
      vertex 17.0416 33.703 2.4
    endloop
  endfacet
  facet normal 0 0 1
    outer loop
      vertex 20.7667 16.0311 2.4
      vertex 16.7663 15.7446 2.4
      vertex 17.7218 14.6608 2.4
    endloop
  endfacet
  facet normal 0 0 1
    outer loop
      vertex 15.5 33.8 2.4
      vertex 18.75 25.4 2.4
      vertex 16.2723 33.7757 2.4
    endloop
  endfacet
  facet normal 0 0 1
    outer loop
      vertex 20.7667 16.0311 2.4
      vertex 15.7446 16.7663 2.4
      vertex 16.7663 15.7446 2.4
    endloop
  endfacet
  facet normal 0 0 1
    outer loop
      vertex 9.79292 20.811 2.4
      vertex 18.75 25.4 2.4
      vertex 15.5 33.8 2.4
    endloop
  endfacet
  facet normal 0 0 1
    outer loop
      vertex 18.75 22.6 2.4
      vertex 14.6608 17.7218 2.4
      vertex 15.7446 16.7663 2.4
    endloop
  endfacet
  facet normal 0 0 1
    outer loop
      vertex 18.75 22.6 2.4
      vertex 13.5191 18.6074 2.4
      vertex 14.6608 17.7218 2.4
    endloop
  endfacet
  facet normal 0 0 1
    outer loop
      vertex 18.75 22.6 2.4
      vertex 12.324 19.4195 2.4
      vertex 13.5191 18.6074 2.4
    endloop
  endfacet
  facet normal 0 0 1
    outer loop
      vertex 18.75 22.6 2.4
      vertex 11.0803 20.1551 2.4
      vertex 12.324 19.4195 2.4
    endloop
  endfacet
  facet normal 0 0 1
    outer loop
      vertex 18.75 25.4 2.4
      vertex 9.79292 20.811 2.4
      vertex 11.0803 20.1551 2.4
    endloop
  endfacet
  facet normal 0 0 1
    outer loop
      vertex 15.5 33.8 2.4
      vertex 8.46686 21.3849 2.4
      vertex 9.79292 20.811 2.4
    endloop
  endfacet
  facet normal 0 0 1
    outer loop
      vertex 15.5 33.8 2.4
      vertex 7.10739 21.8743 2.4
      vertex 8.46686 21.3849 2.4
    endloop
  endfacet
  facet normal 0 0 1
    outer loop
      vertex 15.5 33.8 2.4
      vertex 5.71987 22.2774 2.4
      vertex 7.10739 21.8743 2.4
    endloop
  endfacet
  facet normal 0 0 1
    outer loop
      vertex 15.5 33.8 2.4
      vertex 4.30977 22.5926 2.4
      vertex 5.71987 22.2774 2.4
    endloop
  endfacet
  facet normal 0 0 1
    outer loop
      vertex 15.5 33.8 2.4
      vertex 2.88266 22.8186 2.4
      vertex 4.30977 22.5926 2.4
    endloop
  endfacet
  facet normal 0 0 1
    outer loop
      vertex 15.5 33.8 2.4
      vertex 1.44418 22.9546 2.4
      vertex 2.88266 22.8186 2.4
    endloop
  endfacet
  facet normal 0 0 1
    outer loop
      vertex 15.5 33.8 2.4
      vertex 0 23 2.4
      vertex 1.44418 22.9546 2.4
    endloop
  endfacet
  facet normal -0 0 1
    outer loop
      vertex -15.5 33.8 2.4
      vertex 0 23 2.4
      vertex 15.5 33.8 2.4
    endloop
  endfacet
  facet normal 0 0 1
    outer loop
      vertex 0 23 2.4
      vertex -15.5 33.8 2.4
      vertex -1.44418 22.9546 2.4
    endloop
  endfacet
  facet normal 0 0 1
    outer loop
      vertex -1.44418 22.9546 2.4
      vertex -15.5 33.8 2.4
      vertex -2.88266 22.8186 2.4
    endloop
  endfacet
  facet normal 0 0 1
    outer loop
      vertex -2.88266 22.8186 2.4
      vertex -15.5 33.8 2.4
      vertex -4.30977 22.5926 2.4
    endloop
  endfacet
  facet normal 0 0 1
    outer loop
      vertex -4.30977 22.5926 2.4
      vertex -15.5 33.8 2.4
      vertex -5.71987 22.2774 2.4
    endloop
  endfacet
  facet normal 0 0 1
    outer loop
      vertex -5.71987 22.2774 2.4
      vertex -15.5 33.8 2.4
      vertex -7.10739 21.8743 2.4
    endloop
  endfacet
  facet normal 0 0 1
    outer loop
      vertex -7.10739 21.8743 2.4
      vertex -15.5 33.8 2.4
      vertex -8.46686 21.3849 2.4
    endloop
  endfacet
  facet normal 0 0 1
    outer loop
      vertex -8.46686 21.3849 2.4
      vertex -15.5 33.8 2.4
      vertex -9.79292 20.811 2.4
    endloop
  endfacet
  facet normal -0 0 1
    outer loop
      vertex -18.75 25.4 2.4
      vertex -9.79292 20.811 2.4
      vertex -15.5 33.8 2.4
    endloop
  endfacet
  facet normal 0 0 1
    outer loop
      vertex -9.79292 20.811 2.4
      vertex -18.75 25.4 2.4
      vertex -11.0803 20.1551 2.4
    endloop
  endfacet
  facet normal -0 0 1
    outer loop
      vertex -18.75 22.6 2.4
      vertex -11.0803 20.1551 2.4
      vertex -18.75 25.4 2.4
    endloop
  endfacet
  facet normal 0 0 1
    outer loop
      vertex -11.0803 20.1551 2.4
      vertex -18.75 22.6 2.4
      vertex -12.324 19.4195 2.4
    endloop
  endfacet
  facet normal 0 0 1
    outer loop
      vertex -12.324 19.4195 2.4
      vertex -18.75 22.6 2.4
      vertex -13.5191 18.6074 2.4
    endloop
  endfacet
  facet normal 0 0 1
    outer loop
      vertex -18.75 25.4 2.4
      vertex -15.5 33.8 2.4
      vertex -16.2723 33.7757 2.4
    endloop
  endfacet
  facet normal 0 0 1
    outer loop
      vertex -13.5191 18.6074 2.4
      vertex -18.75 22.6 2.4
      vertex -14.6608 17.7218 2.4
    endloop
  endfacet
  facet normal 0 0 1
    outer loop
      vertex -18.75 25.4 2.4
      vertex -16.2723 33.7757 2.4
      vertex -17.0416 33.703 2.4
    endloop
  endfacet
  facet normal 0 0 1
    outer loop
      vertex -14.6608 17.7218 2.4
      vertex -18.75 22.6 2.4
      vertex -15.7446 16.7663 2.4
    endloop
  endfacet
  facet normal 0 0 1
    outer loop
      vertex -18.75 25.4 2.4
      vertex -17.0416 33.703 2.4
      vertex -17.8048 33.5821 2.4
    endloop
  endfacet
  facet normal 0 0 1
    outer loop
      vertex -18.75 25.4 2.4
      vertex -17.8048 33.5821 2.4
      vertex -18.5589 33.4136 2.4
    endloop
  endfacet
  facet normal 0 0 1
    outer loop
      vertex -20.7667 16.0311 2.4
      vertex -15.7446 16.7663 2.4
      vertex -18.75 22.6 2.4
    endloop
  endfacet
  facet normal 0 0 1
    outer loop
      vertex -15.7446 16.7663 2.4
      vertex -20.7667 16.0311 2.4
      vertex -16.7663 15.7446 2.4
    endloop
  endfacet
  facet normal -0 0 1
    outer loop
      vertex -19.3009 33.198 2.4
      vertex -18.75 25.4 2.4
      vertex -18.5589 33.4136 2.4
    endloop
  endfacet
  facet normal -0 0 1
    outer loop
      vertex -20.0279 32.9362 2.4
      vertex -18.75 25.4 2.4
      vertex -19.3009 33.198 2.4
    endloop
  endfacet
  facet normal -0 0 1
    outer loop
      vertex -20.7371 32.6294 2.4
      vertex -18.75 25.4 2.4
      vertex -20.0279 32.9362 2.4
    endloop
  endfacet
  facet normal 0 0 1
    outer loop
      vertex -18.75 25.4 2.4
      vertex -20.737 25.4988 2.4
      vertex -20.6698 25.4 2.4
    endloop
  endfacet
  facet normal -0 0 1
    outer loop
      vertex -21.3012 26.063 2.4
      vertex -18.75 25.4 2.4
      vertex -20.7371 32.6294 2.4
    endloop
  endfacet
  facet normal 0 0 1
    outer loop
      vertex -18.75 25.4 2.4
      vertex -20.8352 25.6254 2.4
      vertex -20.737 25.4988 2.4
    endloop
  endfacet
  facet normal 0 0 1
    outer loop
      vertex -18.75 25.4 2.4
      vertex -20.9411 25.7456 2.4
      vertex -20.8352 25.6254 2.4
    endloop
  endfacet
  facet normal 0 0 1
    outer loop
      vertex -18.75 25.4 2.4
      vertex -21.0544 25.8589 2.4
      vertex -20.9411 25.7456 2.4
    endloop
  endfacet
  facet normal 0 0 1
    outer loop
      vertex -18.75 25.4 2.4
      vertex -21.1746 25.9648 2.4
      vertex -21.0544 25.8589 2.4
    endloop
  endfacet
  facet normal 0 0 1
    outer loop
      vertex -18.75 25.4 2.4
      vertex -21.3012 26.063 2.4
      vertex -21.1746 25.9648 2.4
    endloop
  endfacet
  facet normal 0 0 1
    outer loop
      vertex -21.4337 26.153 2.4
      vertex -20.7371 32.6294 2.4
      vertex -21.4256 32.2786 2.4
    endloop
  endfacet
  facet normal 0 0 1
    outer loop
      vertex -20.7371 32.6294 2.4
      vertex -21.4337 26.153 2.4
      vertex -21.3012 26.063 2.4
    endloop
  endfacet
  facet normal 0 0 1
    outer loop
      vertex -21.4256 32.2786 2.4
      vertex -21.5715 26.2346 2.4
      vertex -21.4337 26.153 2.4
    endloop
  endfacet
  facet normal -0 0 1
    outer loop
      vertex -22.0907 31.8852 2.4
      vertex -21.5715 26.2346 2.4
      vertex -21.4256 32.2786 2.4
    endloop
  endfacet
  facet normal 0 0 1
    outer loop
      vertex -21.5715 26.2346 2.4
      vertex -22.0907 31.8852 2.4
      vertex -21.7143 26.3073 2.4
    endloop
  endfacet
  facet normal 0 0 1
    outer loop
      vertex -21.7143 26.3073 2.4
      vertex -22.0907 31.8852 2.4
      vertex -21.8613 26.3709 2.4
    endloop
  endfacet
  facet normal -0 0 1
    outer loop
      vertex -22.7298 31.4509 2.4
      vertex -21.8613 26.3709 2.4
      vertex -22.0907 31.8852 2.4
    endloop
  endfacet
  facet normal 0 0 1
    outer loop
      vertex -21.8613 26.3709 2.4
      vertex -22.7298 31.4509 2.4
      vertex -22.012 26.4252 2.4
    endloop
  endfacet
  facet normal 0 0 1
    outer loop
      vertex -22.012 26.4252 2.4
      vertex -22.7298 31.4509 2.4
      vertex -22.1658 26.4699 2.4
    endloop
  endfacet
  facet normal -0 0 1
    outer loop
      vertex -23.3403 30.9773 2.4
      vertex -22.1658 26.4699 2.4
      vertex -22.7298 31.4509 2.4
    endloop
  endfacet
  facet normal 0 0 1
    outer loop
      vertex -22.1658 26.4699 2.4
      vertex -23.3403 30.9773 2.4
      vertex -22.3222 26.5048 2.4
    endloop
  endfacet
  facet normal 0 0 1
    outer loop
      vertex -22.3222 26.5048 2.4
      vertex -23.3403 30.9773 2.4
      vertex -22.4804 26.5299 2.4
    endloop
  endfacet
  facet normal -0 0 1
    outer loop
      vertex -23.9199 30.4663 2.4
      vertex -22.4804 26.5299 2.4
      vertex -23.3403 30.9773 2.4
    endloop
  endfacet
  facet normal 0 0 1
    outer loop
      vertex -22.4804 26.5299 2.4
      vertex -23.9199 30.4663 2.4
      vertex -22.6399 26.545 2.4
    endloop
  endfacet
  facet normal 0 0 1
    outer loop
      vertex -22.6399 26.545 2.4
      vertex -23.9199 30.4663 2.4
      vertex -22.8 26.55 2.4
    endloop
  endfacet
  facet normal -0 0 1
    outer loop
      vertex -24.4663 29.9199 2.4
      vertex -22.8 26.55 2.4
      vertex -23.9199 30.4663 2.4
    endloop
  endfacet
  facet normal 0 0 1
    outer loop
      vertex -22.8 26.55 2.4
      vertex -24.4663 29.9199 2.4
      vertex -22.9601 26.545 2.4
    endloop
  endfacet
  facet normal 0 0 1
    outer loop
      vertex -22.9601 26.545 2.4
      vertex -24.4663 29.9199 2.4
      vertex -23.1196 26.5299 2.4
    endloop
  endfacet
  facet normal -0 0 1
    outer loop
      vertex -24.9773 29.3403 2.4
      vertex -23.1196 26.5299 2.4
      vertex -24.4663 29.9199 2.4
    endloop
  endfacet
  facet normal 0 0 1
    outer loop
      vertex -23.1196 26.5299 2.4
      vertex -24.9773 29.3403 2.4
      vertex -23.2778 26.5048 2.4
    endloop
  endfacet
  facet normal 0 0 1
    outer loop
      vertex -23.2778 26.5048 2.4
      vertex -24.9773 29.3403 2.4
      vertex -23.4342 26.4699 2.4
    endloop
  endfacet
  facet normal -0 0 1
    outer loop
      vertex -25.4509 28.7298 2.4
      vertex -23.4342 26.4699 2.4
      vertex -24.9773 29.3403 2.4
    endloop
  endfacet
  facet normal 0 0 1
    outer loop
      vertex -23.4342 26.4699 2.4
      vertex -25.4509 28.7298 2.4
      vertex -23.588 26.4252 2.4
    endloop
  endfacet
  facet normal 0 0 1
    outer loop
      vertex -23.588 26.4252 2.4
      vertex -25.4509 28.7298 2.4
      vertex -23.7387 26.3709 2.4
    endloop
  endfacet
  facet normal 0 0 1
    outer loop
      vertex -23.7387 26.3709 2.4
      vertex -25.4509 28.7298 2.4
      vertex -23.8857 26.3073 2.4
    endloop
  endfacet
  facet normal -0 0 1
    outer loop
      vertex -25.8852 28.0907 2.4
      vertex -23.8857 26.3073 2.4
      vertex -25.4509 28.7298 2.4
    endloop
  endfacet
  facet normal 0 0 1
    outer loop
      vertex -23.8857 26.3073 2.4
      vertex -25.8852 28.0907 2.4
      vertex -24.0285 26.2346 2.4
    endloop
  endfacet
  facet normal 0 0 1
    outer loop
      vertex -24.0285 26.2346 2.4
      vertex -25.8852 28.0907 2.4
      vertex -24.1663 26.153 2.4
    endloop
  endfacet
  facet normal 0 0 1
    outer loop
      vertex -24.1663 26.153 2.4
      vertex -25.8852 28.0907 2.4
      vertex -24.2988 26.063 2.4
    endloop
  endfacet
  facet normal -0 0 1
    outer loop
      vertex -26.2786 27.4256 2.4
      vertex -24.2988 26.063 2.4
      vertex -25.8852 28.0907 2.4
    endloop
  endfacet
  facet normal 0 0 1
    outer loop
      vertex -24.2988 26.063 2.4
      vertex -26.2786 27.4256 2.4
      vertex -24.4254 25.9648 2.4
    endloop
  endfacet
  facet normal 0 0 1
    outer loop
      vertex -24.4254 25.9648 2.4
      vertex -26.2786 27.4256 2.4
      vertex -24.5456 25.8589 2.4
    endloop
  endfacet
  facet normal 0 0 1
    outer loop
      vertex -24.5456 25.8589 2.4
      vertex -26.2786 27.4256 2.4
      vertex -24.6589 25.7456 2.4
    endloop
  endfacet
  facet normal -0 0 1
    outer loop
      vertex -26.6294 26.7371 2.4
      vertex -24.6589 25.7456 2.4
      vertex -26.2786 27.4256 2.4
    endloop
  endfacet
  facet normal 0 0 1
    outer loop
      vertex -24.6589 25.7456 2.4
      vertex -26.6294 26.7371 2.4
      vertex -24.7648 25.6254 2.4
    endloop
  endfacet
  facet normal 0 0 1
    outer loop
      vertex -24.7648 25.6254 2.4
      vertex -26.6294 26.7371 2.4
      vertex -24.863 25.4988 2.4
    endloop
  endfacet
  facet normal 0 0 1
    outer loop
      vertex -24.863 25.4988 2.4
      vertex -26.6294 26.7371 2.4
      vertex -24.9302 25.4 2.4
    endloop
  endfacet
  facet normal -0 0 1
    outer loop
      vertex -26.9362 26.0279 2.4
      vertex -24.9302 25.4 2.4
      vertex -26.6294 26.7371 2.4
    endloop
  endfacet
  facet normal -0 0 1
    outer loop
      vertex -27.4136 24.5589 2.4
      vertex -26.85 22.6 2.4
      vertex -26.85 25.4 2.4
    endloop
  endfacet
  facet normal 0 0 1
    outer loop
      vertex -27.8 -21.5 2.4
      vertex -26.2585 -11.1189 2.4
      vertex -27.8 21.5 2.4
    endloop
  endfacet
  facet normal 0 0 1
    outer loop
      vertex -27.198 25.3009 2.4
      vertex -26.85 25.4 2.4
      vertex -26.9362 26.0279 2.4
    endloop
  endfacet
  facet normal 0 0 1
    outer loop
      vertex -24.9302 25.4 2.4
      vertex -26.9362 26.0279 2.4
      vertex -26.85 25.4 2.4
    endloop
  endfacet
  facet normal 0 0 1
    outer loop
      vertex 26.85 -25.4 2.4
      vertex 27.4136 -24.5589 2.4
      vertex 26.85 -22.6 2.4
    endloop
  endfacet
  facet normal 0 0 1
    outer loop
      vertex 27.4136 -24.5589 2.4
      vertex 26.85 -25.4 2.4
      vertex 27.198 -25.3009 2.4
    endloop
  endfacet
  facet normal 0 0 1
    outer loop
      vertex 27.198 -25.3009 2.4
      vertex 26.85 -25.4 2.4
      vertex 26.9362 -26.0279 2.4
    endloop
  endfacet
  facet normal -0 0 1
    outer loop
      vertex 24.9302 -25.4 2.4
      vertex 26.9362 -26.0279 2.4
      vertex 26.85 -25.4 2.4
    endloop
  endfacet
  facet normal 0 0 1
    outer loop
      vertex 26.9362 -26.0279 2.4
      vertex 24.9302 -25.4 2.4
      vertex 26.6294 -26.7371 2.4
    endloop
  endfacet
  facet normal -0 0 1
    outer loop
      vertex 24.7648 -25.6254 2.4
      vertex 26.6294 -26.7371 2.4
      vertex 24.863 -25.4988 2.4
    endloop
  endfacet
  facet normal 0 0 1
    outer loop
      vertex 26.6294 -26.7371 2.4
      vertex 24.6589 -25.7456 2.4
      vertex 26.2786 -27.4256 2.4
    endloop
  endfacet
  facet normal -0 0 1
    outer loop
      vertex 24.4254 -25.9648 2.4
      vertex 26.2786 -27.4256 2.4
      vertex 24.5456 -25.8589 2.4
    endloop
  endfacet
  facet normal 0 0 1
    outer loop
      vertex 26.6294 -26.7371 2.4
      vertex 24.9302 -25.4 2.4
      vertex 24.863 -25.4988 2.4
    endloop
  endfacet
  facet normal -0 0 1
    outer loop
      vertex 24.6589 -25.7456 2.4
      vertex 26.6294 -26.7371 2.4
      vertex 24.7648 -25.6254 2.4
    endloop
  endfacet
  facet normal -0 0 1
    outer loop
      vertex 24.5456 -25.8589 2.4
      vertex 26.2786 -27.4256 2.4
      vertex 24.6589 -25.7456 2.4
    endloop
  endfacet
  facet normal -0 0 1
    outer loop
      vertex 24.2988 -26.063 2.4
      vertex 26.2786 -27.4256 2.4
      vertex 24.4254 -25.9648 2.4
    endloop
  endfacet
  facet normal 0 0 1
    outer loop
      vertex 26.2786 -27.4256 2.4
      vertex 24.2988 -26.063 2.4
      vertex 25.8852 -28.0907 2.4
    endloop
  endfacet
  facet normal -0 0 1
    outer loop
      vertex 24.1663 -26.153 2.4
      vertex 25.8852 -28.0907 2.4
      vertex 24.2988 -26.063 2.4
    endloop
  endfacet
  facet normal -0 0 1
    outer loop
      vertex 24.0285 -26.2346 2.4
      vertex 25.8852 -28.0907 2.4
      vertex 24.1663 -26.153 2.4
    endloop
  endfacet
  facet normal -0 0 1
    outer loop
      vertex 23.8857 -26.3073 2.4
      vertex 25.8852 -28.0907 2.4
      vertex 24.0285 -26.2346 2.4
    endloop
  endfacet
  facet normal 0 0 1
    outer loop
      vertex 25.8852 -28.0907 2.4
      vertex 23.8857 -26.3073 2.4
      vertex 25.4509 -28.7298 2.4
    endloop
  endfacet
  facet normal -0 0 1
    outer loop
      vertex 23.7387 -26.3709 2.4
      vertex 25.4509 -28.7298 2.4
      vertex 23.8857 -26.3073 2.4
    endloop
  endfacet
  facet normal -0 0 1
    outer loop
      vertex 23.588 -26.4252 2.4
      vertex 25.4509 -28.7298 2.4
      vertex 23.7387 -26.3709 2.4
    endloop
  endfacet
  facet normal -0 0 1
    outer loop
      vertex 23.4342 -26.4699 2.4
      vertex 25.4509 -28.7298 2.4
      vertex 23.588 -26.4252 2.4
    endloop
  endfacet
  facet normal 0 0 1
    outer loop
      vertex 25.4509 -28.7298 2.4
      vertex 23.4342 -26.4699 2.4
      vertex 24.9773 -29.3403 2.4
    endloop
  endfacet
  facet normal -0 0 1
    outer loop
      vertex 23.2778 -26.5048 2.4
      vertex 24.9773 -29.3403 2.4
      vertex 23.4342 -26.4699 2.4
    endloop
  endfacet
  facet normal -0 0 1
    outer loop
      vertex 23.1196 -26.5299 2.4
      vertex 24.9773 -29.3403 2.4
      vertex 23.2778 -26.5048 2.4
    endloop
  endfacet
  facet normal 0 0 1
    outer loop
      vertex 24.9773 -29.3403 2.4
      vertex 23.1196 -26.5299 2.4
      vertex 24.4663 -29.9199 2.4
    endloop
  endfacet
  facet normal -0 0 1
    outer loop
      vertex 22.9601 -26.545 2.4
      vertex 24.4663 -29.9199 2.4
      vertex 23.1196 -26.5299 2.4
    endloop
  endfacet
  facet normal -0 0 1
    outer loop
      vertex 22.8 -26.55 2.4
      vertex 24.4663 -29.9199 2.4
      vertex 22.9601 -26.545 2.4
    endloop
  endfacet
  facet normal 0 0 1
    outer loop
      vertex 24.4663 -29.9199 2.4
      vertex 22.8 -26.55 2.4
      vertex 23.9199 -30.4663 2.4
    endloop
  endfacet
  facet normal 0 0 1
    outer loop
      vertex 22.6399 -26.545 2.4
      vertex 23.9199 -30.4663 2.4
      vertex 22.8 -26.55 2.4
    endloop
  endfacet
  facet normal 0 0 1
    outer loop
      vertex 22.4804 -26.5299 2.4
      vertex 23.9199 -30.4663 2.4
      vertex 22.6399 -26.545 2.4
    endloop
  endfacet
  facet normal 0 0 1
    outer loop
      vertex 23.9199 -30.4663 2.4
      vertex 22.4804 -26.5299 2.4
      vertex 23.3403 -30.9773 2.4
    endloop
  endfacet
  facet normal 0 0 1
    outer loop
      vertex 22.3222 -26.5048 2.4
      vertex 23.3403 -30.9773 2.4
      vertex 22.4804 -26.5299 2.4
    endloop
  endfacet
  facet normal 0 0 1
    outer loop
      vertex 22.1658 -26.4699 2.4
      vertex 23.3403 -30.9773 2.4
      vertex 22.3222 -26.5048 2.4
    endloop
  endfacet
  facet normal 0 0 1
    outer loop
      vertex 23.3403 -30.9773 2.4
      vertex 22.1658 -26.4699 2.4
      vertex 22.7298 -31.4509 2.4
    endloop
  endfacet
  facet normal 0 0 1
    outer loop
      vertex 22.012 -26.4252 2.4
      vertex 22.7298 -31.4509 2.4
      vertex 22.1658 -26.4699 2.4
    endloop
  endfacet
  facet normal 0 0 1
    outer loop
      vertex 21.8613 -26.3709 2.4
      vertex 22.7298 -31.4509 2.4
      vertex 22.012 -26.4252 2.4
    endloop
  endfacet
  facet normal 0 0 1
    outer loop
      vertex 22.7298 -31.4509 2.4
      vertex 21.8613 -26.3709 2.4
      vertex 22.0907 -31.8852 2.4
    endloop
  endfacet
  facet normal 0 0 1
    outer loop
      vertex 21.7143 -26.3073 2.4
      vertex 22.0907 -31.8852 2.4
      vertex 21.8613 -26.3709 2.4
    endloop
  endfacet
  facet normal 0 0 1
    outer loop
      vertex 21.5715 -26.2346 2.4
      vertex 22.0907 -31.8852 2.4
      vertex 21.7143 -26.3073 2.4
    endloop
  endfacet
  facet normal 0 0 1
    outer loop
      vertex 21.4256 -32.2786 2.4
      vertex 21.5715 -26.2346 2.4
      vertex 21.4337 -26.153 2.4
    endloop
  endfacet
  facet normal 0 0 1
    outer loop
      vertex 21.5715 -26.2346 2.4
      vertex 21.4256 -32.2786 2.4
      vertex 22.0907 -31.8852 2.4
    endloop
  endfacet
  facet normal 0 0 1
    outer loop
      vertex 20.7371 -32.6294 2.4
      vertex 21.4337 -26.153 2.4
      vertex 21.3012 -26.063 2.4
    endloop
  endfacet
  facet normal 0 0 1
    outer loop
      vertex 18.75 -25.4 2.4
      vertex 21.3012 -26.063 2.4
      vertex 21.1746 -25.9648 2.4
    endloop
  endfacet
  facet normal 0 0 1
    outer loop
      vertex 18.75 -25.4 2.4
      vertex 21.1746 -25.9648 2.4
      vertex 21.0544 -25.8589 2.4
    endloop
  endfacet
  facet normal 0 0 1
    outer loop
      vertex 18.75 -25.4 2.4
      vertex 21.0544 -25.8589 2.4
      vertex 20.9411 -25.7456 2.4
    endloop
  endfacet
  facet normal 0 0 1
    outer loop
      vertex 18.75 -25.4 2.4
      vertex 20.9411 -25.7456 2.4
      vertex 20.8352 -25.6254 2.4
    endloop
  endfacet
  facet normal 0 0 1
    outer loop
      vertex 21.4337 -26.153 2.4
      vertex 20.7371 -32.6294 2.4
      vertex 21.4256 -32.2786 2.4
    endloop
  endfacet
  facet normal 0 0 1
    outer loop
      vertex 18.75 -25.4 2.4
      vertex 20.8352 -25.6254 2.4
      vertex 20.737 -25.4988 2.4
    endloop
  endfacet
  facet normal -0 0 1
    outer loop
      vertex 18.75 -25.4 2.4
      vertex 20.737 -25.4988 2.4
      vertex 20.6698 -25.4 2.4
    endloop
  endfacet
  facet normal 0 0 1
    outer loop
      vertex 21.3012 -26.063 2.4
      vertex 18.75 -25.4 2.4
      vertex 20.7371 -32.6294 2.4
    endloop
  endfacet
  facet normal 0 0 1
    outer loop
      vertex 20.7371 -32.6294 2.4
      vertex 18.75 -25.4 2.4
      vertex 20.0279 -32.9362 2.4
    endloop
  endfacet
  facet normal 0 0 1
    outer loop
      vertex 20.0279 -32.9362 2.4
      vertex 18.75 -25.4 2.4
      vertex 19.3009 -33.198 2.4
    endloop
  endfacet
  facet normal 0 0 1
    outer loop
      vertex 18.75 -25.4 2.4
      vertex 18.5589 -33.4136 2.4
      vertex 19.3009 -33.198 2.4
    endloop
  endfacet
  facet normal 0 0 1
    outer loop
      vertex 15.7446 -16.7663 2.4
      vertex 20.7667 -16.0311 2.4
      vertex 16.7663 -15.7446 2.4
    endloop
  endfacet
  facet normal 0 0 1
    outer loop
      vertex 20.7667 -16.0311 2.4
      vertex 15.7446 -16.7663 2.4
      vertex 18.75 -22.6 2.4
    endloop
  endfacet
  facet normal -0 0 1
    outer loop
      vertex 14.6608 -17.7218 2.4
      vertex 18.75 -22.6 2.4
      vertex 15.7446 -16.7663 2.4
    endloop
  endfacet
  facet normal -0 0 1
    outer loop
      vertex 13.5191 -18.6074 2.4
      vertex 18.75 -22.6 2.4
      vertex 14.6608 -17.7218 2.4
    endloop
  endfacet
  facet normal -0 0 1
    outer loop
      vertex 12.324 -19.4195 2.4
      vertex 18.75 -22.6 2.4
      vertex 13.5191 -18.6074 2.4
    endloop
  endfacet
  facet normal -0 0 1
    outer loop
      vertex 11.0803 -20.1551 2.4
      vertex 18.75 -22.6 2.4
      vertex 12.324 -19.4195 2.4
    endloop
  endfacet
  facet normal 0 0 1
    outer loop
      vertex 18.75 -22.6 2.4
      vertex 11.0803 -20.1551 2.4
      vertex 18.75 -25.4 2.4
    endloop
  endfacet
  facet normal 0 0 1
    outer loop
      vertex 18.75 -25.4 2.4
      vertex 17.8048 -33.5821 2.4
      vertex 18.5589 -33.4136 2.4
    endloop
  endfacet
  facet normal 0 0 1
    outer loop
      vertex 18.75 -25.4 2.4
      vertex 17.0416 -33.703 2.4
      vertex 17.8048 -33.5821 2.4
    endloop
  endfacet
  facet normal 0 0 1
    outer loop
      vertex 18.75 -25.4 2.4
      vertex 16.2723 -33.7757 2.4
      vertex 17.0416 -33.703 2.4
    endloop
  endfacet
  facet normal 0 0 1
    outer loop
      vertex 18.75 -25.4 2.4
      vertex 15.5 -33.8 2.4
      vertex 16.2723 -33.7757 2.4
    endloop
  endfacet
  facet normal -0 0 1
    outer loop
      vertex 9.79292 -20.811 2.4
      vertex 18.75 -25.4 2.4
      vertex 11.0803 -20.1551 2.4
    endloop
  endfacet
  facet normal 0 0 1
    outer loop
      vertex 18.75 -25.4 2.4
      vertex 9.79292 -20.811 2.4
      vertex 15.5 -33.8 2.4
    endloop
  endfacet
  facet normal -0 0 1
    outer loop
      vertex 8.46686 -21.3849 2.4
      vertex 15.5 -33.8 2.4
      vertex 9.79292 -20.811 2.4
    endloop
  endfacet
  facet normal -0 0 1
    outer loop
      vertex 7.10739 -21.8743 2.4
      vertex 15.5 -33.8 2.4
      vertex 8.46686 -21.3849 2.4
    endloop
  endfacet
  facet normal -0 0 1
    outer loop
      vertex 5.71987 -22.2774 2.4
      vertex 15.5 -33.8 2.4
      vertex 7.10739 -21.8743 2.4
    endloop
  endfacet
  facet normal -0 0 1
    outer loop
      vertex 4.30977 -22.5926 2.4
      vertex 15.5 -33.8 2.4
      vertex 5.71987 -22.2774 2.4
    endloop
  endfacet
  facet normal -0 0 1
    outer loop
      vertex 2.88266 -22.8186 2.4
      vertex 15.5 -33.8 2.4
      vertex 4.30977 -22.5926 2.4
    endloop
  endfacet
  facet normal -0 0 1
    outer loop
      vertex 1.44418 -22.9546 2.4
      vertex 15.5 -33.8 2.4
      vertex 2.88266 -22.8186 2.4
    endloop
  endfacet
  facet normal -0 0 1
    outer loop
      vertex 0 -23 2.4
      vertex 15.5 -33.8 2.4
      vertex 1.44418 -22.9546 2.4
    endloop
  endfacet
  facet normal 0 0 1
    outer loop
      vertex -15.5 -33.8 2.4
      vertex 0 -23 2.4
      vertex -1.44418 -22.9546 2.4
    endloop
  endfacet
  facet normal 0 0 1
    outer loop
      vertex -15.5 -33.8 2.4
      vertex -1.44418 -22.9546 2.4
      vertex -2.88266 -22.8186 2.4
    endloop
  endfacet
  facet normal 0 0 1
    outer loop
      vertex -15.5 -33.8 2.4
      vertex -2.88266 -22.8186 2.4
      vertex -4.30977 -22.5926 2.4
    endloop
  endfacet
  facet normal 0 0 1
    outer loop
      vertex -15.5 -33.8 2.4
      vertex -4.30977 -22.5926 2.4
      vertex -5.71987 -22.2774 2.4
    endloop
  endfacet
  facet normal 0 0 1
    outer loop
      vertex -15.5 -33.8 2.4
      vertex -5.71987 -22.2774 2.4
      vertex -7.10739 -21.8743 2.4
    endloop
  endfacet
  facet normal 0 0 1
    outer loop
      vertex -15.5 -33.8 2.4
      vertex -7.10739 -21.8743 2.4
      vertex -8.46686 -21.3849 2.4
    endloop
  endfacet
  facet normal 0 0 1
    outer loop
      vertex -15.5 -33.8 2.4
      vertex -8.46686 -21.3849 2.4
      vertex -9.79292 -20.811 2.4
    endloop
  endfacet
  facet normal 0 0 1
    outer loop
      vertex -18.75 -25.4 2.4
      vertex -9.79292 -20.811 2.4
      vertex -11.0803 -20.1551 2.4
    endloop
  endfacet
  facet normal 0 0 1
    outer loop
      vertex 0 -23 2.4
      vertex -15.5 -33.8 2.4
      vertex 15.5 -33.8 2.4
    endloop
  endfacet
  facet normal 0 0 1
    outer loop
      vertex -18.75 -22.6 2.4
      vertex -11.0803 -20.1551 2.4
      vertex -12.324 -19.4195 2.4
    endloop
  endfacet
  facet normal 0 0 1
    outer loop
      vertex -18.75 -22.6 2.4
      vertex -12.324 -19.4195 2.4
      vertex -13.5191 -18.6074 2.4
    endloop
  endfacet
  facet normal 0 0 1
    outer loop
      vertex -18.75 -22.6 2.4
      vertex -13.5191 -18.6074 2.4
      vertex -14.6608 -17.7218 2.4
    endloop
  endfacet
  facet normal 0 0 1
    outer loop
      vertex -18.75 -22.6 2.4
      vertex -14.6608 -17.7218 2.4
      vertex -15.7446 -16.7663 2.4
    endloop
  endfacet
  facet normal 0 0 1
    outer loop
      vertex -9.79292 -20.811 2.4
      vertex -18.75 -25.4 2.4
      vertex -15.5 -33.8 2.4
    endloop
  endfacet
  facet normal 0 0 1
    outer loop
      vertex -18.75 -22.6 2.4
      vertex -15.7446 -16.7663 2.4
      vertex -16.7663 -15.7446 2.4
    endloop
  endfacet
  facet normal 0 0 1
    outer loop
      vertex -15.5 -33.8 2.4
      vertex -18.75 -25.4 2.4
      vertex -16.2723 -33.7757 2.4
    endloop
  endfacet
  facet normal 0 0 1
    outer loop
      vertex -18.75 -22.6 2.4
      vertex -16.7663 -15.7446 2.4
      vertex -17.7218 -14.6608 2.4
    endloop
  endfacet
  facet normal 0 0 1
    outer loop
      vertex -11.0803 -20.1551 2.4
      vertex -18.75 -22.6 2.4
      vertex -18.75 -25.4 2.4
    endloop
  endfacet
  facet normal 0 0 1
    outer loop
      vertex -17.0416 -33.703 2.4
      vertex -18.75 -25.4 2.4
      vertex -17.8048 -33.5821 2.4
    endloop
  endfacet
  facet normal 0 0 1
    outer loop
      vertex -18.75 -22.6 2.4
      vertex -17.7218 -14.6608 2.4
      vertex -18.6074 -13.5191 2.4
    endloop
  endfacet
  facet normal 0 0 1
    outer loop
      vertex -16.2723 -33.7757 2.4
      vertex -18.75 -25.4 2.4
      vertex -17.0416 -33.703 2.4
    endloop
  endfacet
  facet normal 0 0 1
    outer loop
      vertex -17.8048 -33.5821 2.4
      vertex -18.75 -25.4 2.4
      vertex -18.5589 -33.4136 2.4
    endloop
  endfacet
  facet normal 0 0 1
    outer loop
      vertex -18.75 -25.4 2.4
      vertex -19.3009 -33.198 2.4
      vertex -18.5589 -33.4136 2.4
    endloop
  endfacet
  facet normal 0 0 1
    outer loop
      vertex -18.75 -25.4 2.4
      vertex -20.0279 -32.9362 2.4
      vertex -19.3009 -33.198 2.4
    endloop
  endfacet
  facet normal 0 0 1
    outer loop
      vertex -20.737 -25.4988 2.4
      vertex -18.75 -25.4 2.4
      vertex -20.6698 -25.4 2.4
    endloop
  endfacet
  facet normal 0 0 1
    outer loop
      vertex -20.8352 -25.6254 2.4
      vertex -18.75 -25.4 2.4
      vertex -20.737 -25.4988 2.4
    endloop
  endfacet
  facet normal 0 0 1
    outer loop
      vertex -20.9411 -25.7456 2.4
      vertex -18.75 -25.4 2.4
      vertex -20.8352 -25.6254 2.4
    endloop
  endfacet
  facet normal 0 0 1
    outer loop
      vertex -21.0544 -25.8589 2.4
      vertex -18.75 -25.4 2.4
      vertex -20.9411 -25.7456 2.4
    endloop
  endfacet
  facet normal 0 0 1
    outer loop
      vertex -21.1746 -25.9648 2.4
      vertex -18.75 -25.4 2.4
      vertex -21.0544 -25.8589 2.4
    endloop
  endfacet
  facet normal 0 0 1
    outer loop
      vertex -21.3012 -26.063 2.4
      vertex -18.75 -25.4 2.4
      vertex -21.1746 -25.9648 2.4
    endloop
  endfacet
  facet normal 0 0 1
    outer loop
      vertex -18.75 -25.4 2.4
      vertex -20.7371 -32.6294 2.4
      vertex -20.0279 -32.9362 2.4
    endloop
  endfacet
  facet normal 0 0 1
    outer loop
      vertex -18.75 -25.4 2.4
      vertex -21.3012 -26.063 2.4
      vertex -20.7371 -32.6294 2.4
    endloop
  endfacet
  facet normal -0 0 1
    outer loop
      vertex -21.4337 -26.153 2.4
      vertex -20.7371 -32.6294 2.4
      vertex -21.3012 -26.063 2.4
    endloop
  endfacet
  facet normal 0 0 1
    outer loop
      vertex -20.7371 -32.6294 2.4
      vertex -21.4337 -26.153 2.4
      vertex -21.4256 -32.2786 2.4
    endloop
  endfacet
  facet normal -0 0 1
    outer loop
      vertex -21.5715 -26.2346 2.4
      vertex -21.4256 -32.2786 2.4
      vertex -21.4337 -26.153 2.4
    endloop
  endfacet
  facet normal 0 0 1
    outer loop
      vertex -22.0907 -31.8852 2.4
      vertex -21.5715 -26.2346 2.4
      vertex -21.7143 -26.3073 2.4
    endloop
  endfacet
  facet normal 0 0 1
    outer loop
      vertex -22.0907 -31.8852 2.4
      vertex -21.7143 -26.3073 2.4
      vertex -21.8613 -26.3709 2.4
    endloop
  endfacet
  facet normal 0 0 1
    outer loop
      vertex -22.7298 -31.4509 2.4
      vertex -21.8613 -26.3709 2.4
      vertex -22.012 -26.4252 2.4
    endloop
  endfacet
  facet normal 0 0 1
    outer loop
      vertex -21.5715 -26.2346 2.4
      vertex -22.0907 -31.8852 2.4
      vertex -21.4256 -32.2786 2.4
    endloop
  endfacet
  facet normal 0 0 1
    outer loop
      vertex -22.7298 -31.4509 2.4
      vertex -22.012 -26.4252 2.4
      vertex -22.1658 -26.4699 2.4
    endloop
  endfacet
  facet normal 0 0 1
    outer loop
      vertex -23.3403 -30.9773 2.4
      vertex -22.1658 -26.4699 2.4
      vertex -22.3222 -26.5048 2.4
    endloop
  endfacet
  facet normal 0 0 1
    outer loop
      vertex -23.3403 -30.9773 2.4
      vertex -22.3222 -26.5048 2.4
      vertex -22.4804 -26.5299 2.4
    endloop
  endfacet
  facet normal 0 0 1
    outer loop
      vertex -23.9199 -30.4663 2.4
      vertex -22.4804 -26.5299 2.4
      vertex -22.6399 -26.545 2.4
    endloop
  endfacet
  facet normal 0 0 1
    outer loop
      vertex -21.8613 -26.3709 2.4
      vertex -22.7298 -31.4509 2.4
      vertex -22.0907 -31.8852 2.4
    endloop
  endfacet
  facet normal 0 0 1
    outer loop
      vertex -23.9199 -30.4663 2.4
      vertex -22.6399 -26.545 2.4
      vertex -22.8 -26.55 2.4
    endloop
  endfacet
  facet normal 0 0 1
    outer loop
      vertex -24.4663 -29.9199 2.4
      vertex -22.8 -26.55 2.4
      vertex -22.9601 -26.545 2.4
    endloop
  endfacet
  facet normal 0 0 1
    outer loop
      vertex -24.4663 -29.9199 2.4
      vertex -22.9601 -26.545 2.4
      vertex -23.1196 -26.5299 2.4
    endloop
  endfacet
  facet normal 0 0 1
    outer loop
      vertex -24.9773 -29.3403 2.4
      vertex -23.1196 -26.5299 2.4
      vertex -23.2778 -26.5048 2.4
    endloop
  endfacet
  facet normal 0 0 1
    outer loop
      vertex -22.1658 -26.4699 2.4
      vertex -23.3403 -30.9773 2.4
      vertex -22.7298 -31.4509 2.4
    endloop
  endfacet
  facet normal 0 0 1
    outer loop
      vertex -24.9773 -29.3403 2.4
      vertex -23.2778 -26.5048 2.4
      vertex -23.4342 -26.4699 2.4
    endloop
  endfacet
  facet normal 0 0 1
    outer loop
      vertex -25.4509 -28.7298 2.4
      vertex -23.4342 -26.4699 2.4
      vertex -23.588 -26.4252 2.4
    endloop
  endfacet
  facet normal 0 0 1
    outer loop
      vertex -25.4509 -28.7298 2.4
      vertex -23.588 -26.4252 2.4
      vertex -23.7387 -26.3709 2.4
    endloop
  endfacet
  facet normal 0 0 1
    outer loop
      vertex -25.4509 -28.7298 2.4
      vertex -23.7387 -26.3709 2.4
      vertex -23.8857 -26.3073 2.4
    endloop
  endfacet
  facet normal 0 0 1
    outer loop
      vertex -22.4804 -26.5299 2.4
      vertex -23.9199 -30.4663 2.4
      vertex -23.3403 -30.9773 2.4
    endloop
  endfacet
  facet normal 0 0 1
    outer loop
      vertex -25.8852 -28.0907 2.4
      vertex -23.8857 -26.3073 2.4
      vertex -24.0285 -26.2346 2.4
    endloop
  endfacet
  facet normal 0 0 1
    outer loop
      vertex -25.8852 -28.0907 2.4
      vertex -24.0285 -26.2346 2.4
      vertex -24.1663 -26.153 2.4
    endloop
  endfacet
  facet normal 0 0 1
    outer loop
      vertex -25.8852 -28.0907 2.4
      vertex -24.1663 -26.153 2.4
      vertex -24.2988 -26.063 2.4
    endloop
  endfacet
  facet normal 0 0 1
    outer loop
      vertex -26.2786 -27.4256 2.4
      vertex -24.2988 -26.063 2.4
      vertex -24.4254 -25.9648 2.4
    endloop
  endfacet
  facet normal 0 0 1
    outer loop
      vertex -22.8 -26.55 2.4
      vertex -24.4663 -29.9199 2.4
      vertex -23.9199 -30.4663 2.4
    endloop
  endfacet
  facet normal 0 0 1
    outer loop
      vertex -26.2786 -27.4256 2.4
      vertex -24.4254 -25.9648 2.4
      vertex -24.5456 -25.8589 2.4
    endloop
  endfacet
  facet normal 0 0 1
    outer loop
      vertex -26.2786 -27.4256 2.4
      vertex -24.5456 -25.8589 2.4
      vertex -24.6589 -25.7456 2.4
    endloop
  endfacet
  facet normal 0 0 1
    outer loop
      vertex -26.6294 -26.7371 2.4
      vertex -24.6589 -25.7456 2.4
      vertex -24.7648 -25.6254 2.4
    endloop
  endfacet
  facet normal 0 0 1
    outer loop
      vertex -26.6294 -26.7371 2.4
      vertex -24.7648 -25.6254 2.4
      vertex -24.863 -25.4988 2.4
    endloop
  endfacet
  facet normal 0 0 1
    outer loop
      vertex -26.6294 -26.7371 2.4
      vertex -24.863 -25.4988 2.4
      vertex -24.9302 -25.4 2.4
    endloop
  endfacet
  facet normal 0 0 1
    outer loop
      vertex -23.1196 -26.5299 2.4
      vertex -24.9773 -29.3403 2.4
      vertex -24.4663 -29.9199 2.4
    endloop
  endfacet
  facet normal 0 0 1
    outer loop
      vertex -23.4342 -26.4699 2.4
      vertex -25.4509 -28.7298 2.4
      vertex -24.9773 -29.3403 2.4
    endloop
  endfacet
  facet normal 0 0 1
    outer loop
      vertex -23.8857 -26.3073 2.4
      vertex -25.8852 -28.0907 2.4
      vertex -25.4509 -28.7298 2.4
    endloop
  endfacet
  facet normal 0 0 1
    outer loop
      vertex -24.2988 -26.063 2.4
      vertex -26.2786 -27.4256 2.4
      vertex -25.8852 -28.0907 2.4
    endloop
  endfacet
  facet normal 0 0 1
    outer loop
      vertex -24.6589 -25.7456 2.4
      vertex -26.6294 -26.7371 2.4
      vertex -26.2786 -27.4256 2.4
    endloop
  endfacet
  facet normal 0 0 1
    outer loop
      vertex -26.9362 -26.0279 2.4
      vertex -24.9302 -25.4 2.4
      vertex -26.85 -25.4 2.4
    endloop
  endfacet
  facet normal 0 0 1
    outer loop
      vertex -24.9302 -25.4 2.4
      vertex -26.9362 -26.0279 2.4
      vertex -26.6294 -26.7371 2.4
    endloop
  endfacet
  facet normal 0 0 1
    outer loop
      vertex -24.863 -22.5012 2.4
      vertex -26.85 -22.6 2.4
      vertex -24.9302 -22.6 2.4
    endloop
  endfacet
  facet normal 0 0 1
    outer loop
      vertex -27.4136 24.5589 2.4
      vertex -26.85 25.4 2.4
      vertex -27.198 25.3009 2.4
    endloop
  endfacet
  facet normal -0 -0 1
    outer loop
      vertex -27.7757 -22.2723 2.4
      vertex -26.85 -22.6 2.4
      vertex -27.8 -21.5 2.4
    endloop
  endfacet
  facet normal 0 0 1
    outer loop
      vertex -26.85 22.6 2.4
      vertex -27.4136 24.5589 2.4
      vertex -27.5821 23.8048 2.4
    endloop
  endfacet
  facet normal 0 -0 1
    outer loop
      vertex -27.703 -23.0416 2.4
      vertex -26.85 -22.6 2.4
      vertex -27.7757 -22.2723 2.4
    endloop
  endfacet
  facet normal 0 0 1
    outer loop
      vertex -26.85 22.6 2.4
      vertex -27.5821 23.8048 2.4
      vertex -27.703 23.0416 2.4
    endloop
  endfacet
  facet normal 0 0 1
    outer loop
      vertex -26.85 -25.4 2.4
      vertex -27.198 -25.3009 2.4
      vertex -26.9362 -26.0279 2.4
    endloop
  endfacet
  facet normal 0 0 1
    outer loop
      vertex -26.85 22.6 2.4
      vertex -27.703 23.0416 2.4
      vertex -27.7757 22.2723 2.4
    endloop
  endfacet
  facet normal 0 0 1
    outer loop
      vertex -26.85 -25.4 2.4
      vertex -27.4136 -24.5589 2.4
      vertex -27.198 -25.3009 2.4
    endloop
  endfacet
  facet normal 0 0 1
    outer loop
      vertex -26.85 22.6 2.4
      vertex -27.7757 22.2723 2.4
      vertex -27.8 21.5 2.4
    endloop
  endfacet
  facet normal 0 0 1
    outer loop
      vertex -26.85 -22.6 2.4
      vertex -27.4136 -24.5589 2.4
      vertex -26.85 -25.4 2.4
    endloop
  endfacet
  facet normal 0 -0 1
    outer loop
      vertex -27.4136 -24.5589 2.4
      vertex -26.85 -22.6 2.4
      vertex -27.5821 -23.8048 2.4
    endloop
  endfacet
  facet normal 0 -0 1
    outer loop
      vertex -27.5821 -23.8048 2.4
      vertex -26.85 -22.6 2.4
      vertex -27.703 -23.0416 2.4
    endloop
  endfacet
  facet normal -0 0 1
    outer loop
      vertex 22.7585 -17.1811 2.4
      vertex 27.8 -21.5 2.4
      vertex 26.2585 -11.1189 2.4
    endloop
  endfacet
  facet normal 0 -0 1
    outer loop
      vertex 24.0285 -21.7654 2.4
      vertex 27.8 -21.5 2.4
      vertex 22.7585 -17.1811 2.4
    endloop
  endfacet
  facet normal 0 0 1
    outer loop
      vertex 26.85 -22.6 2.4
      vertex 24.863 -22.5012 2.4
      vertex 24.9302 -22.6 2.4
    endloop
  endfacet
  facet normal 0 0 1
    outer loop
      vertex 26.85 -22.6 2.4
      vertex 24.7648 -22.3746 2.4
      vertex 24.863 -22.5012 2.4
    endloop
  endfacet
  facet normal 0 0 1
    outer loop
      vertex 26.85 -22.6 2.4
      vertex 24.6589 -22.2544 2.4
      vertex 24.7648 -22.3746 2.4
    endloop
  endfacet
  facet normal 0 -0 1
    outer loop
      vertex 24.4254 -22.0352 2.4
      vertex 27.8 -21.5 2.4
      vertex 24.2988 -21.937 2.4
    endloop
  endfacet
  facet normal 0 0 1
    outer loop
      vertex 27.8 -21.5 2.4
      vertex 24.6589 -22.2544 2.4
      vertex 26.85 -22.6 2.4
    endloop
  endfacet
  facet normal 0 -0 1
    outer loop
      vertex 24.6589 -22.2544 2.4
      vertex 27.8 -21.5 2.4
      vertex 24.5456 -22.1411 2.4
    endloop
  endfacet
  facet normal 0 -0 1
    outer loop
      vertex 24.5456 -22.1411 2.4
      vertex 27.8 -21.5 2.4
      vertex 24.4254 -22.0352 2.4
    endloop
  endfacet
  facet normal 0 0 1
    outer loop
      vertex 27.8 -21.5 2.4
      vertex 24.1663 -21.847 2.4
      vertex 24.2988 -21.937 2.4
    endloop
  endfacet
  facet normal 0 0 1
    outer loop
      vertex 27.8 -21.5 2.4
      vertex 24.0285 -21.7654 2.4
      vertex 24.1663 -21.847 2.4
    endloop
  endfacet
  facet normal 0 0 1
    outer loop
      vertex 24.0285 -21.7654 2.4
      vertex 22.7585 -17.1811 2.4
      vertex 23.8857 -21.6927 2.4
    endloop
  endfacet
  facet normal 0 0 1
    outer loop
      vertex 23.8857 -21.6927 2.4
      vertex 22.7585 -17.1811 2.4
      vertex 23.7387 -21.6291 2.4
    endloop
  endfacet
  facet normal 0 0 1
    outer loop
      vertex 23.7387 -21.6291 2.4
      vertex 22.7585 -17.1811 2.4
      vertex 23.588 -21.5748 2.4
    endloop
  endfacet
  facet normal 0 0 1
    outer loop
      vertex 23.588 -21.5748 2.4
      vertex 22.7585 -17.1811 2.4
      vertex 23.4342 -21.5301 2.4
    endloop
  endfacet
  facet normal 0 0 1
    outer loop
      vertex 23.4342 -21.5301 2.4
      vertex 22.7585 -17.1811 2.4
      vertex 23.2778 -21.4952 2.4
    endloop
  endfacet
  facet normal 0 0 1
    outer loop
      vertex 23.2778 -21.4952 2.4
      vertex 22.7585 -17.1811 2.4
      vertex 23.1196 -21.4701 2.4
    endloop
  endfacet
  facet normal 0 0 1
    outer loop
      vertex 23.1196 -21.4701 2.4
      vertex 22.7585 -17.1811 2.4
      vertex 22.9601 -21.455 2.4
    endloop
  endfacet
  facet normal 0 0 1
    outer loop
      vertex 22.9601 -21.455 2.4
      vertex 22.7585 -17.1811 2.4
      vertex 22.8 -21.45 2.4
    endloop
  endfacet
  facet normal 0 0 1
    outer loop
      vertex 22.7585 -17.1811 2.4
      vertex 22.6399 -21.455 2.4
      vertex 22.8 -21.45 2.4
    endloop
  endfacet
  facet normal 0 0 1
    outer loop
      vertex 22.7585 -17.1811 2.4
      vertex 22.4804 -21.4701 2.4
      vertex 22.6399 -21.455 2.4
    endloop
  endfacet
  facet normal 0 0 1
    outer loop
      vertex 22.7585 -17.1811 2.4
      vertex 22.3222 -21.4952 2.4
      vertex 22.4804 -21.4701 2.4
    endloop
  endfacet
  facet normal 0 0 1
    outer loop
      vertex 22.7585 -17.1811 2.4
      vertex 22.1658 -21.5301 2.4
      vertex 22.3222 -21.4952 2.4
    endloop
  endfacet
  facet normal 0 0 1
    outer loop
      vertex 22.7585 -17.1811 2.4
      vertex 22.012 -21.5748 2.4
      vertex 22.1658 -21.5301 2.4
    endloop
  endfacet
  facet normal 0 0 1
    outer loop
      vertex 21.9791 -16.7311 2.4
      vertex 22.012 -21.5748 2.4
      vertex 22.7585 -17.1811 2.4
    endloop
  endfacet
  facet normal 0 0 1
    outer loop
      vertex 21.9791 -16.7311 2.4
      vertex 21.8613 -21.6291 2.4
      vertex 22.012 -21.5748 2.4
    endloop
  endfacet
  facet normal 0 0 1
    outer loop
      vertex 21.9791 -16.7311 2.4
      vertex 21.7143 -21.6927 2.4
      vertex 21.8613 -21.6291 2.4
    endloop
  endfacet
  facet normal 0 0 1
    outer loop
      vertex 21.9791 -16.7311 2.4
      vertex 21.5715 -21.7654 2.4
      vertex 21.7143 -21.6927 2.4
    endloop
  endfacet
  facet normal 0 0 1
    outer loop
      vertex 21.9791 -16.7311 2.4
      vertex 21.4337 -21.847 2.4
      vertex 21.5715 -21.7654 2.4
    endloop
  endfacet
  facet normal 0 0 1
    outer loop
      vertex 20.7667 -16.0311 2.4
      vertex 21.4337 -21.847 2.4
      vertex 21.9791 -16.7311 2.4
    endloop
  endfacet
  facet normal 0 0 1
    outer loop
      vertex 21.4337 -21.847 2.4
      vertex 20.7667 -16.0311 2.4
      vertex 21.3012 -21.937 2.4
    endloop
  endfacet
  facet normal 0 0 1
    outer loop
      vertex 18.75 -22.6 2.4
      vertex 21.3012 -21.937 2.4
      vertex 20.7667 -16.0311 2.4
    endloop
  endfacet
  facet normal 0 0 1
    outer loop
      vertex 21.3012 -21.937 2.4
      vertex 18.75 -22.6 2.4
      vertex 21.1746 -22.0352 2.4
    endloop
  endfacet
  facet normal 0 0 1
    outer loop
      vertex 21.1746 -22.0352 2.4
      vertex 18.75 -22.6 2.4
      vertex 21.0544 -22.1411 2.4
    endloop
  endfacet
  facet normal 0 0 1
    outer loop
      vertex 21.0544 -22.1411 2.4
      vertex 18.75 -22.6 2.4
      vertex 20.9411 -22.2544 2.4
    endloop
  endfacet
  facet normal 0 0 1
    outer loop
      vertex 20.9411 -22.2544 2.4
      vertex 18.75 -22.6 2.4
      vertex 20.8352 -22.3746 2.4
    endloop
  endfacet
  facet normal -0 0 1
    outer loop
      vertex 22.8186 -2.88266 2.4
      vertex 25.4791 -10.6689 2.4
      vertex 22.9546 -1.44418 2.4
    endloop
  endfacet
  facet normal -0 0 1
    outer loop
      vertex 22.5926 -4.30977 2.4
      vertex 25.4791 -10.6689 2.4
      vertex 22.8186 -2.88266 2.4
    endloop
  endfacet
  facet normal 0 0 1
    outer loop
      vertex 25.4791 -10.6689 2.4
      vertex 22.5926 -4.30977 2.4
      vertex 24.2667 -9.96891 2.4
    endloop
  endfacet
  facet normal -0 0 1
    outer loop
      vertex 22.2774 -5.71987 2.4
      vertex 24.2667 -9.96891 2.4
      vertex 22.5926 -4.30977 2.4
    endloop
  endfacet
  facet normal -0 0 1
    outer loop
      vertex 21.8743 -7.10739 2.4
      vertex 24.2667 -9.96891 2.4
      vertex 22.2774 -5.71987 2.4
    endloop
  endfacet
  facet normal -0 0 1
    outer loop
      vertex 21.3849 -8.46686 2.4
      vertex 24.2667 -9.96891 2.4
      vertex 21.8743 -7.10739 2.4
    endloop
  endfacet
  facet normal -0 0 1
    outer loop
      vertex 20.811 -9.79292 2.4
      vertex 24.2667 -9.96891 2.4
      vertex 21.3849 -8.46686 2.4
    endloop
  endfacet
  facet normal 0 0 1
    outer loop
      vertex 20.1551 -11.0803 2.4
      vertex 24.2667 -9.96891 2.4
      vertex 20.811 -9.79292 2.4
    endloop
  endfacet
  facet normal 0 0 1
    outer loop
      vertex 20.8352 -22.3746 2.4
      vertex 18.75 -22.6 2.4
      vertex 20.737 -22.5012 2.4
    endloop
  endfacet
  facet normal 0 0 1
    outer loop
      vertex 24.2667 -9.96891 2.4
      vertex 20.1551 -11.0803 2.4
      vertex 20.7667 -16.0311 2.4
    endloop
  endfacet
  facet normal -0 0 1
    outer loop
      vertex 19.4195 -12.324 2.4
      vertex 20.7667 -16.0311 2.4
      vertex 20.1551 -11.0803 2.4
    endloop
  endfacet
  facet normal -0 0 1
    outer loop
      vertex 18.6074 -13.5191 2.4
      vertex 20.7667 -16.0311 2.4
      vertex 19.4195 -12.324 2.4
    endloop
  endfacet
  facet normal -0 0 1
    outer loop
      vertex 17.7218 -14.6608 2.4
      vertex 20.7667 -16.0311 2.4
      vertex 18.6074 -13.5191 2.4
    endloop
  endfacet
  facet normal -0 0 1
    outer loop
      vertex 16.7663 -15.7446 2.4
      vertex 20.7667 -16.0311 2.4
      vertex 17.7218 -14.6608 2.4
    endloop
  endfacet
  facet normal 0 0 1
    outer loop
      vertex 20.737 -22.5012 2.4
      vertex 18.75 -22.6 2.4
      vertex 20.6698 -22.6 2.4
    endloop
  endfacet
  facet normal -0.987684 0.156461 0
    outer loop
      vertex -27.703 23.0416 -7.62939e-07
      vertex -27.5821 23.8048 2.4
      vertex -27.5821 23.8048 -7.62939e-07
    endloop
  endfacet
  facet normal -0.987684 0.156461 0
    outer loop
      vertex -27.5821 23.8048 2.4
      vertex -27.703 23.0416 -7.62939e-07
      vertex -27.703 23.0416 2.4
    endloop
  endfacet
  facet normal -0.8271 -0.562055 0
    outer loop
      vertex -25.4509 -28.7298 -7.62939e-07
      vertex -25.8852 -28.0907 2.4
      vertex -25.8852 -28.0907 -7.62939e-07
    endloop
  endfacet
  facet normal -0.8271 -0.562055 0
    outer loop
      vertex -25.8852 -28.0907 2.4
      vertex -25.4509 -28.7298 -7.62939e-07
      vertex -25.4509 -28.7298 2.4
    endloop
  endfacet
  facet normal -0.661322 -0.750102 0
    outer loop
      vertex -23.9199 -30.4663 -7.62939e-07
      vertex -23.3403 -30.9773 2.4
      vertex -23.9199 -30.4663 2.4
    endloop
  endfacet
  facet normal -0.661322 -0.750102 -0
    outer loop
      vertex -23.3403 -30.9773 2.4
      vertex -23.9199 -30.4663 -7.62939e-07
      vertex -23.3403 -30.9773 -7.62939e-07
    endloop
  endfacet
  facet normal -0.5091 -0.860707 0
    outer loop
      vertex -22.0907 -31.8852 -7.62939e-07
      vertex -21.4256 -32.2786 2.4
      vertex -22.0907 -31.8852 2.4
    endloop
  endfacet
  facet normal -0.5091 -0.860707 -0
    outer loop
      vertex -21.4256 -32.2786 2.4
      vertex -22.0907 -31.8852 -7.62939e-07
      vertex -21.4256 -32.2786 -7.62939e-07
    endloop
  endfacet
  facet normal 0.0314489 -0.999505 0
    outer loop
      vertex 15.5 -33.8 -7.62939e-07
      vertex 16.2723 -33.7757 2.4
      vertex 15.5 -33.8 2.4
    endloop
  endfacet
  facet normal 0.0314489 -0.999505 0
    outer loop
      vertex 16.2723 -33.7757 2.4
      vertex 15.5 -33.8 -7.62939e-07
      vertex 16.2723 -33.7757 -7.62939e-07
    endloop
  endfacet
  facet normal 0.790125 0.612946 0
    outer loop
      vertex 25.4509 28.7298 2.4
      vertex 24.9773 29.3403 -7.62939e-07
      vertex 24.9773 29.3403 2.4
    endloop
  endfacet
  facet normal 0.790125 0.612946 0
    outer loop
      vertex 24.9773 29.3403 -7.62939e-07
      vertex 25.4509 28.7298 2.4
      vertex 25.4509 28.7298 -7.62939e-07
    endloop
  endfacet
  facet normal 0.661322 0.750102 -0
    outer loop
      vertex 23.9199 30.4663 -7.62939e-07
      vertex 23.3403 30.9773 2.4
      vertex 23.9199 30.4663 2.4
    endloop
  endfacet
  facet normal 0.661322 0.750102 0
    outer loop
      vertex 23.3403 30.9773 2.4
      vertex 23.9199 30.4663 -7.62939e-07
      vertex 23.3403 30.9773 -7.62939e-07
    endloop
  endfacet
  facet normal 0.397041 0.917801 -0
    outer loop
      vertex 20.7371 32.6294 -7.62939e-07
      vertex 20.0279 32.9362 2.4
      vertex 20.7371 32.6294 2.4
    endloop
  endfacet
  facet normal 0.397041 0.917801 0
    outer loop
      vertex 20.0279 32.9362 2.4
      vertex 20.7371 32.6294 -7.62939e-07
      vertex 20.0279 32.9362 -7.62939e-07
    endloop
  endfacet
  facet normal 0.0314489 0.999505 -0
    outer loop
      vertex 16.2723 33.7757 -7.62939e-07
      vertex 15.5 33.8 2.4
      vertex 16.2723 33.7757 2.4
    endloop
  endfacet
  facet normal 0.0314489 0.999505 0
    outer loop
      vertex 15.5 33.8 2.4
      vertex 16.2723 33.7757 -7.62939e-07
      vertex 15.5 33.8 -7.62939e-07
    endloop
  endfacet
  facet normal 0.995564 -0.0940823 0
    outer loop
      vertex 27.703 -23.0416 2.4
      vertex 27.7757 -22.2723 -7.62939e-07
      vertex 27.7757 -22.2723 2.4
    endloop
  endfacet
  facet normal 0.995564 -0.0940823 0
    outer loop
      vertex 27.7757 -22.2723 -7.62939e-07
      vertex 27.703 -23.0416 2.4
      vertex 27.703 -23.0416 -7.62939e-07
    endloop
  endfacet
  facet normal 0.999505 -0.0314489 0
    outer loop
      vertex 27.7757 -22.2723 2.4
      vertex 27.8 -21.5 -7.62939e-07
      vertex 27.8 -21.5 2.4
    endloop
  endfacet
  facet normal 0.999505 -0.0314489 0
    outer loop
      vertex 27.8 -21.5 -7.62939e-07
      vertex 27.7757 -22.2723 2.4
      vertex 27.7757 -22.2723 -7.62939e-07
    endloop
  endfacet
  facet normal 0.750102 -0.661322 0
    outer loop
      vertex 24.4663 -29.9199 2.4
      vertex 24.9773 -29.3403 -7.62939e-07
      vertex 24.9773 -29.3403 2.4
    endloop
  endfacet
  facet normal 0.750102 -0.661322 0
    outer loop
      vertex 24.9773 -29.3403 -7.62939e-07
      vertex 24.4663 -29.9199 2.4
      vertex 24.4663 -29.9199 -7.62939e-07
    endloop
  endfacet
  facet normal 0.860707 -0.5091 0
    outer loop
      vertex 25.8852 -28.0907 2.4
      vertex 26.2786 -27.4256 -7.62939e-07
      vertex 26.2786 -27.4256 2.4
    endloop
  endfacet
  facet normal 0.860707 -0.5091 0
    outer loop
      vertex 26.2786 -27.4256 -7.62939e-07
      vertex 25.8852 -28.0907 2.4
      vertex 25.8852 -28.0907 -7.62939e-07
    endloop
  endfacet
  facet normal 0.661322 -0.750102 0
    outer loop
      vertex 23.3403 -30.9773 -7.62939e-07
      vertex 23.9199 -30.4663 2.4
      vertex 23.3403 -30.9773 2.4
    endloop
  endfacet
  facet normal 0.661322 -0.750102 0
    outer loop
      vertex 23.9199 -30.4663 2.4
      vertex 23.3403 -30.9773 -7.62939e-07
      vertex 23.9199 -30.4663 -7.62939e-07
    endloop
  endfacet
  facet normal -0.156461 0.987684 0
    outer loop
      vertex -17.0416 33.703 -7.62939e-07
      vertex -17.8048 33.5821 2.4
      vertex -17.0416 33.703 2.4
    endloop
  endfacet
  facet normal -0.156461 0.987684 0
    outer loop
      vertex -17.8048 33.5821 2.4
      vertex -17.0416 33.703 -7.62939e-07
      vertex -17.8048 33.5821 -7.62939e-07
    endloop
  endfacet
  facet normal -0.397041 0.917801 0
    outer loop
      vertex -20.0279 32.9362 -7.62939e-07
      vertex -20.7371 32.6294 2.4
      vertex -20.0279 32.9362 2.4
    endloop
  endfacet
  facet normal -0.397041 0.917801 0
    outer loop
      vertex -20.7371 32.6294 2.4
      vertex -20.0279 32.9362 -7.62939e-07
      vertex -20.7371 32.6294 -7.62939e-07
    endloop
  endfacet
  facet normal -0.661322 0.750102 0
    outer loop
      vertex -23.3403 30.9773 -7.62939e-07
      vertex -23.9199 30.4663 2.4
      vertex -23.3403 30.9773 2.4
    endloop
  endfacet
  facet normal -0.661322 0.750102 0
    outer loop
      vertex -23.9199 30.4663 2.4
      vertex -23.3403 30.9773 -7.62939e-07
      vertex -23.9199 30.4663 -7.62939e-07
    endloop
  endfacet
  facet normal -0.891011 0.453982 0
    outer loop
      vertex -26.6294 26.7371 -7.62939e-07
      vertex -26.2786 27.4256 2.4
      vertex -26.2786 27.4256 -7.62939e-07
    endloop
  endfacet
  facet normal -0.891011 0.453982 0
    outer loop
      vertex -26.2786 27.4256 2.4
      vertex -26.6294 26.7371 -7.62939e-07
      vertex -26.6294 26.7371 2.4
    endloop
  endfacet
  facet normal -0.960284 0.279026 0
    outer loop
      vertex -27.4136 24.5589 -7.62939e-07
      vertex -27.198 25.3009 2.4
      vertex -27.198 25.3009 -7.62939e-07
    endloop
  endfacet
  facet normal -0.960284 0.279026 0
    outer loop
      vertex -27.198 25.3009 2.4
      vertex -27.4136 24.5589 -7.62939e-07
      vertex -27.4136 24.5589 2.4
    endloop
  endfacet
  facet normal -0.707107 0.707107 0
    outer loop
      vertex -24.4663 29.9199 -7.62939e-07
      vertex -23.9199 30.4663 2.4
      vertex -23.9199 30.4663 -7.62939e-07
    endloop
  endfacet
  facet normal -0.707107 0.707107 0
    outer loop
      vertex -23.9199 30.4663 2.4
      vertex -24.4663 29.9199 -7.62939e-07
      vertex -24.4663 29.9199 2.4
    endloop
  endfacet
  facet normal -0.750102 0.661322 0
    outer loop
      vertex -24.9773 29.3403 -7.62939e-07
      vertex -24.4663 29.9199 2.4
      vertex -24.4663 29.9199 -7.62939e-07
    endloop
  endfacet
  facet normal -0.750102 0.661322 0
    outer loop
      vertex -24.4663 29.9199 2.4
      vertex -24.9773 29.3403 -7.62939e-07
      vertex -24.9773 29.3403 2.4
    endloop
  endfacet
  facet normal -0.860707 0.5091 0
    outer loop
      vertex -26.2786 27.4256 -7.62939e-07
      vertex -25.8852 28.0907 2.4
      vertex -25.8852 28.0907 -7.62939e-07
    endloop
  endfacet
  facet normal -0.860707 0.5091 0
    outer loop
      vertex -25.8852 28.0907 2.4
      vertex -26.2786 27.4256 -7.62939e-07
      vertex -26.2786 27.4256 2.4
    endloop
  endfacet
  facet normal -0.999505 -0.0314489 0
    outer loop
      vertex -27.7757 -22.2723 -7.62939e-07
      vertex -27.8 -21.5 2.4
      vertex -27.8 -21.5 -7.62939e-07
    endloop
  endfacet
  facet normal -0.999505 -0.0314489 0
    outer loop
      vertex -27.8 -21.5 2.4
      vertex -27.7757 -22.2723 -7.62939e-07
      vertex -27.7757 -22.2723 2.4
    endloop
  endfacet
  facet normal 0 0 -1
    outer loop
      vertex -25.4791 10.6689 -7.62939e-07
      vertex -23 0.000485541 -7.62939e-07
      vertex -23 0 -7.62939e-07
    endloop
  endfacet
  facet normal 0 0 -1
    outer loop
      vertex -20.9411 -22.2544 -7.62939e-07
      vertex -18.75 -22.6 -7.62939e-07
      vertex -20.8352 -22.3746 -7.62939e-07
    endloop
  endfacet
  facet normal 0 0 -1
    outer loop
      vertex -21.0544 -22.1411 -7.62939e-07
      vertex -18.75 -22.6 -7.62939e-07
      vertex -20.9411 -22.2544 -7.62939e-07
    endloop
  endfacet
  facet normal 0 0 -1
    outer loop
      vertex -21.1746 -22.0352 -7.62939e-07
      vertex -18.75 -22.6 -7.62939e-07
      vertex -21.0544 -22.1411 -7.62939e-07
    endloop
  endfacet
  facet normal 0 0 -1
    outer loop
      vertex -21.3012 -21.937 -7.62939e-07
      vertex -18.75 -22.6 -7.62939e-07
      vertex -21.1746 -22.0352 -7.62939e-07
    endloop
  endfacet
  facet normal 0 0 -1
    outer loop
      vertex -18.75 -22.6 -7.62939e-07
      vertex -21.3012 -21.937 -7.62939e-07
      vertex -20.7667 -16.0311 -7.62939e-07
    endloop
  endfacet
  facet normal 0 0 -1
    outer loop
      vertex -21.4337 -21.847 -7.62939e-07
      vertex -20.7667 -16.0311 -7.62939e-07
      vertex -21.3012 -21.937 -7.62939e-07
    endloop
  endfacet
  facet normal 0 0 -1
    outer loop
      vertex -21.9791 -16.7311 -7.62939e-07
      vertex -21.4337 -21.847 -7.62939e-07
      vertex -21.5715 -21.7654 -7.62939e-07
    endloop
  endfacet
  facet normal 0 0 -1
    outer loop
      vertex -21.9791 -16.7311 -7.62939e-07
      vertex -21.5715 -21.7654 -7.62939e-07
      vertex -21.7143 -21.6927 -7.62939e-07
    endloop
  endfacet
  facet normal 0 0 -1
    outer loop
      vertex -21.9791 -16.7311 -7.62939e-07
      vertex -21.7143 -21.6927 -7.62939e-07
      vertex -21.8613 -21.6291 -7.62939e-07
    endloop
  endfacet
  facet normal 0 0 -1
    outer loop
      vertex -21.4337 -21.847 -7.62939e-07
      vertex -21.9791 -16.7311 -7.62939e-07
      vertex -20.7667 -16.0311 -7.62939e-07
    endloop
  endfacet
  facet normal 0 0 -1
    outer loop
      vertex -22.012 -21.5748 -7.62939e-07
      vertex -21.9791 -16.7311 -7.62939e-07
      vertex -21.8613 -21.6291 -7.62939e-07
    endloop
  endfacet
  facet normal 0 0 -1
    outer loop
      vertex -22.1658 -21.5301 -7.62939e-07
      vertex -21.9791 -16.7311 -7.62939e-07
      vertex -22.012 -21.5748 -7.62939e-07
    endloop
  endfacet
  facet normal 0 0 -1
    outer loop
      vertex -22.3222 -21.4952 -7.62939e-07
      vertex -21.9791 -16.7311 -7.62939e-07
      vertex -22.1658 -21.5301 -7.62939e-07
    endloop
  endfacet
  facet normal 0 0 -1
    outer loop
      vertex -22.4804 -21.4701 -7.62939e-07
      vertex -21.9791 -16.7311 -7.62939e-07
      vertex -22.3222 -21.4952 -7.62939e-07
    endloop
  endfacet
  facet normal 0 0 -1
    outer loop
      vertex -22.6399 -21.455 -7.62939e-07
      vertex -21.9791 -16.7311 -7.62939e-07
      vertex -22.4804 -21.4701 -7.62939e-07
    endloop
  endfacet
  facet normal 0 0 -1
    outer loop
      vertex -22.8 -21.45 -7.62939e-07
      vertex -21.9791 -16.7311 -7.62939e-07
      vertex -22.6399 -21.455 -7.62939e-07
    endloop
  endfacet
  facet normal 0 0 -1
    outer loop
      vertex -22.9601 -21.455 -7.62939e-07
      vertex -21.9791 -16.7311 -7.62939e-07
      vertex -22.8 -21.45 -7.62939e-07
    endloop
  endfacet
  facet normal 0 0 -1
    outer loop
      vertex -23.1196 -21.4701 -7.62939e-07
      vertex -21.9791 -16.7311 -7.62939e-07
      vertex -22.9601 -21.455 -7.62939e-07
    endloop
  endfacet
  facet normal 0 0 -1
    outer loop
      vertex -23.2778 -21.4952 -7.62939e-07
      vertex -21.9791 -16.7311 -7.62939e-07
      vertex -23.1196 -21.4701 -7.62939e-07
    endloop
  endfacet
  facet normal 0 0 -1
    outer loop
      vertex -23.4342 -21.5301 -7.62939e-07
      vertex -21.9791 -16.7311 -7.62939e-07
      vertex -23.2778 -21.4952 -7.62939e-07
    endloop
  endfacet
  facet normal 0 0 -1
    outer loop
      vertex -23.588 -21.5748 -7.62939e-07
      vertex -21.9791 -16.7311 -7.62939e-07
      vertex -23.4342 -21.5301 -7.62939e-07
    endloop
  endfacet
  facet normal 0 0 -1
    outer loop
      vertex -23.7387 -21.6291 -7.62939e-07
      vertex -21.9791 -16.7311 -7.62939e-07
      vertex -23.588 -21.5748 -7.62939e-07
    endloop
  endfacet
  facet normal 0 0 -1
    outer loop
      vertex -23.8857 -21.6927 -7.62939e-07
      vertex -21.9791 -16.7311 -7.62939e-07
      vertex -23.7387 -21.6291 -7.62939e-07
    endloop
  endfacet
  facet normal 0 0 -1
    outer loop
      vertex -27.8 -21.5 -7.62939e-07
      vertex -23.8857 -21.6927 -7.62939e-07
      vertex -24.0285 -21.7654 -7.62939e-07
    endloop
  endfacet
  facet normal 0 0 -1
    outer loop
      vertex -27.8 -21.5 -7.62939e-07
      vertex -24.0285 -21.7654 -7.62939e-07
      vertex -24.1663 -21.847 -7.62939e-07
    endloop
  endfacet
  facet normal 0 0 -1
    outer loop
      vertex -27.8 -21.5 -7.62939e-07
      vertex -24.1663 -21.847 -7.62939e-07
      vertex -24.2988 -21.937 -7.62939e-07
    endloop
  endfacet
  facet normal 0 0 -1
    outer loop
      vertex -27.8 -21.5 -7.62939e-07
      vertex -24.2988 -21.937 -7.62939e-07
      vertex -24.4254 -22.0352 -7.62939e-07
    endloop
  endfacet
  facet normal 0 0 -1
    outer loop
      vertex -27.8 -21.5 -7.62939e-07
      vertex -24.4254 -22.0352 -7.62939e-07
      vertex -24.5456 -22.1411 -7.62939e-07
    endloop
  endfacet
  facet normal 0 0 -1
    outer loop
      vertex -27.8 -21.5 -7.62939e-07
      vertex -24.5456 -22.1411 -7.62939e-07
      vertex -24.6589 -22.2544 -7.62939e-07
    endloop
  endfacet
  facet normal 0 0 -1
    outer loop
      vertex -26.85 -22.6 -7.62939e-07
      vertex -24.6589 -22.2544 -7.62939e-07
      vertex -24.7648 -22.3746 -7.62939e-07
    endloop
  endfacet
  facet normal 0 0 -1
    outer loop
      vertex -26.85 -22.6 -7.62939e-07
      vertex -24.7648 -22.3746 -7.62939e-07
      vertex -24.863 -22.5012 -7.62939e-07
    endloop
  endfacet
  facet normal 0 0 -1
    outer loop
      vertex -26.85 -22.6 -7.62939e-07
      vertex -24.863 -22.5012 -7.62939e-07
      vertex -24.9302 -22.6 -7.62939e-07
    endloop
  endfacet
  facet normal 0 0 -1
    outer loop
      vertex -23.8857 -21.6927 -7.62939e-07
      vertex -27.8 -21.5 -7.62939e-07
      vertex -21.9791 -16.7311 -7.62939e-07
    endloop
  endfacet
  facet normal -0 0 -1
    outer loop
      vertex -21.9791 -16.7311 -7.62939e-07
      vertex -27.8 -21.5 -7.62939e-07
      vertex -25.4791 -10.6689 -7.62939e-07
    endloop
  endfacet
  facet normal -0 0 -1
    outer loop
      vertex -24.6589 -22.2544 -7.62939e-07
      vertex -26.85 -22.6 -7.62939e-07
      vertex -27.8 -21.5 -7.62939e-07
    endloop
  endfacet
  facet normal 0 0 -1
    outer loop
      vertex -20.7667 16.0311 -7.62939e-07
      vertex -18.6074 13.5191 -7.62939e-07
      vertex -19.4195 12.324 -7.62939e-07
    endloop
  endfacet
  facet normal 0 0 -1
    outer loop
      vertex -21.8 11 -7.62939e-07
      vertex -19.4195 12.324 -7.62939e-07
      vertex -20.1551 11.0803 -7.62939e-07
    endloop
  endfacet
  facet normal 0 0 -1
    outer loop
      vertex -21.8 11 -7.62939e-07
      vertex -20.1551 11.0803 -7.62939e-07
      vertex -20.196 11 -7.62939e-07
    endloop
  endfacet
  facet normal 0 0 -1
    outer loop
      vertex -18.6074 13.5191 -7.62939e-07
      vertex -20.7667 16.0311 -7.62939e-07
      vertex -18.75 22.6 -7.62939e-07
    endloop
  endfacet
  facet normal 0 0 -1
    outer loop
      vertex -21.3012 21.937 -7.62939e-07
      vertex -18.75 22.6 -7.62939e-07
      vertex -20.7667 16.0311 -7.62939e-07
    endloop
  endfacet
  facet normal -0 0 -1
    outer loop
      vertex -18.75 22.6 -7.62939e-07
      vertex -20.737 22.5012 -7.62939e-07
      vertex -20.6698 22.6 -7.62939e-07
    endloop
  endfacet
  facet normal -0 0 -1
    outer loop
      vertex -19.4195 12.324 -7.62939e-07
      vertex -21.8 11 -7.62939e-07
      vertex -20.7667 16.0311 -7.62939e-07
    endloop
  endfacet
  facet normal 0 0 -1
    outer loop
      vertex -21.8753 10.9976 -7.62939e-07
      vertex -20.7667 16.0311 -7.62939e-07
      vertex -21.8 11 -7.62939e-07
    endloop
  endfacet
  facet normal 0 0 -1
    outer loop
      vertex -21.9504 10.9905 -7.62939e-07
      vertex -20.7667 16.0311 -7.62939e-07
      vertex -21.8753 10.9976 -7.62939e-07
    endloop
  endfacet
  facet normal 0 0 -1
    outer loop
      vertex -22.0248 10.9787 -7.62939e-07
      vertex -20.7667 16.0311 -7.62939e-07
      vertex -21.9504 10.9905 -7.62939e-07
    endloop
  endfacet
  facet normal 0 0 -1
    outer loop
      vertex -22.0984 10.9623 -7.62939e-07
      vertex -20.7667 16.0311 -7.62939e-07
      vertex -22.0248 10.9787 -7.62939e-07
    endloop
  endfacet
  facet normal 0 0 -1
    outer loop
      vertex -22.1708 10.9413 -7.62939e-07
      vertex -20.7667 16.0311 -7.62939e-07
      vertex -22.0984 10.9623 -7.62939e-07
    endloop
  endfacet
  facet normal 0 0 -1
    outer loop
      vertex -22.2417 10.9157 -7.62939e-07
      vertex -20.7667 16.0311 -7.62939e-07
      vertex -22.1708 10.9413 -7.62939e-07
    endloop
  endfacet
  facet normal 0 0 -1
    outer loop
      vertex -22.3109 10.8858 -7.62939e-07
      vertex -20.7667 16.0311 -7.62939e-07
      vertex -22.2417 10.9157 -7.62939e-07
    endloop
  endfacet
  facet normal 0 0 -1
    outer loop
      vertex -22.3781 10.8516 -7.62939e-07
      vertex -20.7667 16.0311 -7.62939e-07
      vertex -22.3109 10.8858 -7.62939e-07
    endloop
  endfacet
  facet normal 0 0 -1
    outer loop
      vertex -22.443 10.8132 -7.62939e-07
      vertex -20.7667 16.0311 -7.62939e-07
      vertex -22.3781 10.8516 -7.62939e-07
    endloop
  endfacet
  facet normal 0 0 -1
    outer loop
      vertex -22.5053 10.7708 -7.62939e-07
      vertex -20.7667 16.0311 -7.62939e-07
      vertex -22.443 10.8132 -7.62939e-07
    endloop
  endfacet
  facet normal 0 0 -1
    outer loop
      vertex -24.2667 9.96891 -7.62939e-07
      vertex -22.5053 10.7708 -7.62939e-07
      vertex -22.5649 10.7246 -7.62939e-07
    endloop
  endfacet
  facet normal 0 0 -1
    outer loop
      vertex -24.2667 9.96891 -7.62939e-07
      vertex -22.5649 10.7246 -7.62939e-07
      vertex -22.6214 10.6747 -7.62939e-07
    endloop
  endfacet
  facet normal 0 0 -1
    outer loop
      vertex -24.2667 9.96891 -7.62939e-07
      vertex -22.6214 10.6747 -7.62939e-07
      vertex -22.6747 10.6214 -7.62939e-07
    endloop
  endfacet
  facet normal 0 0 -1
    outer loop
      vertex -24.2667 9.96891 -7.62939e-07
      vertex -22.6747 10.6214 -7.62939e-07
      vertex -22.7246 10.5649 -7.62939e-07
    endloop
  endfacet
  facet normal 0 0 -1
    outer loop
      vertex -24.2667 9.96891 -7.62939e-07
      vertex -22.7246 10.5649 -7.62939e-07
      vertex -22.7708 10.5053 -7.62939e-07
    endloop
  endfacet
  facet normal 0 0 -1
    outer loop
      vertex -24.2667 9.96891 -7.62939e-07
      vertex -22.7708 10.5053 -7.62939e-07
      vertex -22.8132 10.443 -7.62939e-07
    endloop
  endfacet
  facet normal 0 0 -1
    outer loop
      vertex -24.2667 9.96891 -7.62939e-07
      vertex -22.8132 10.443 -7.62939e-07
      vertex -22.8516 10.3781 -7.62939e-07
    endloop
  endfacet
  facet normal 0 0 -1
    outer loop
      vertex -24.2667 9.96891 -7.62939e-07
      vertex -22.8516 10.3781 -7.62939e-07
      vertex -22.8858 10.3109 -7.62939e-07
    endloop
  endfacet
  facet normal 0 0 -1
    outer loop
      vertex -24.2667 9.96891 -7.62939e-07
      vertex -22.8858 10.3109 -7.62939e-07
      vertex -22.9157 10.2417 -7.62939e-07
    endloop
  endfacet
  facet normal -0 0 -1
    outer loop
      vertex -23 -0.000485541 -7.62939e-07
      vertex -25.4791 -10.6689 -7.62939e-07
      vertex -23 0 -7.62939e-07
    endloop
  endfacet
  facet normal 0 0 -1
    outer loop
      vertex -23 0.000485541 -7.62939e-07
      vertex -24.2667 9.96891 -7.62939e-07
      vertex -23 9.79999 -7.62939e-07
    endloop
  endfacet
  facet normal -0 0 -1
    outer loop
      vertex -22.5053 10.7708 -7.62939e-07
      vertex -24.2667 9.96891 -7.62939e-07
      vertex -20.7667 16.0311 -7.62939e-07
    endloop
  endfacet
  facet normal -0 0 -1
    outer loop
      vertex -22.9413 10.1708 -7.62939e-07
      vertex -24.2667 9.96891 -7.62939e-07
      vertex -22.9157 10.2417 -7.62939e-07
    endloop
  endfacet
  facet normal -0 0 -1
    outer loop
      vertex -22.9623 10.0984 -7.62939e-07
      vertex -24.2667 9.96891 -7.62939e-07
      vertex -22.9413 10.1708 -7.62939e-07
    endloop
  endfacet
  facet normal -0 0 -1
    outer loop
      vertex -22.9787 10.0248 -7.62939e-07
      vertex -24.2667 9.96891 -7.62939e-07
      vertex -22.9623 10.0984 -7.62939e-07
    endloop
  endfacet
  facet normal 0 0 -1
    outer loop
      vertex -22.9905 9.95039 -7.62939e-07
      vertex -24.2667 9.96891 -7.62939e-07
      vertex -22.9787 10.0248 -7.62939e-07
    endloop
  endfacet
  facet normal 0 0 -1
    outer loop
      vertex -22.9976 9.87534 -7.62939e-07
      vertex -24.2667 9.96891 -7.62939e-07
      vertex -22.9905 9.95039 -7.62939e-07
    endloop
  endfacet
  facet normal 0 0 -1
    outer loop
      vertex -23 9.79999 -7.62939e-07
      vertex -24.2667 9.96891 -7.62939e-07
      vertex -22.9976 9.87534 -7.62939e-07
    endloop
  endfacet
  facet normal 0 0 -1
    outer loop
      vertex -25.4791 10.6689 -7.62939e-07
      vertex -23 0 -7.62939e-07
      vertex -25.4791 -10.6689 -7.62939e-07
    endloop
  endfacet
  facet normal 0 0 -1
    outer loop
      vertex -23 0.000485541 -7.62939e-07
      vertex -25.4791 10.6689 -7.62939e-07
      vertex -24.2667 9.96891 -7.62939e-07
    endloop
  endfacet
  facet normal -0 0 -1
    outer loop
      vertex -16.7663 -15.7446 -7.62939e-07
      vertex -20.7667 -16.0311 -7.62939e-07
      vertex -17.7218 -14.6608 -7.62939e-07
    endloop
  endfacet
  facet normal -0 0 -1
    outer loop
      vertex -17.7218 -14.6608 -7.62939e-07
      vertex -20.7667 -16.0311 -7.62939e-07
      vertex -18.6074 -13.5191 -7.62939e-07
    endloop
  endfacet
  facet normal -0 0 -1
    outer loop
      vertex -18.6074 -13.5191 -7.62939e-07
      vertex -20.7667 -16.0311 -7.62939e-07
      vertex -19.4195 -12.324 -7.62939e-07
    endloop
  endfacet
  facet normal 0 0 -1
    outer loop
      vertex -21.8 -11 -7.62939e-07
      vertex -19.4195 -12.324 -7.62939e-07
      vertex -20.7667 -16.0311 -7.62939e-07
    endloop
  endfacet
  facet normal 0 0 -1
    outer loop
      vertex -20.737 -22.5012 -7.62939e-07
      vertex -18.75 -22.6 -7.62939e-07
      vertex -20.6698 -22.6 -7.62939e-07
    endloop
  endfacet
  facet normal 0 0 -1
    outer loop
      vertex -20.8352 -22.3746 -7.62939e-07
      vertex -18.75 -22.6 -7.62939e-07
      vertex -20.737 -22.5012 -7.62939e-07
    endloop
  endfacet
  facet normal 0 0 -1
    outer loop
      vertex -19.4195 -12.324 -7.62939e-07
      vertex -21.8 -11 -7.62939e-07
      vertex -20.1551 -11.0803 -7.62939e-07
    endloop
  endfacet
  facet normal 0 0 -1
    outer loop
      vertex -20.1551 -11.0803 -7.62939e-07
      vertex -21.8 -11 -7.62939e-07
      vertex -20.196 -11 -7.62939e-07
    endloop
  endfacet
  facet normal 0 0 -1
    outer loop
      vertex -20.7667 -16.0311 -7.62939e-07
      vertex -21.8753 -10.9976 -7.62939e-07
      vertex -21.8 -11 -7.62939e-07
    endloop
  endfacet
  facet normal 0 0 -1
    outer loop
      vertex -20.7667 -16.0311 -7.62939e-07
      vertex -21.9504 -10.9905 -7.62939e-07
      vertex -21.8753 -10.9976 -7.62939e-07
    endloop
  endfacet
  facet normal 0 0 -1
    outer loop
      vertex -20.7667 -16.0311 -7.62939e-07
      vertex -22.0248 -10.9787 -7.62939e-07
      vertex -21.9504 -10.9905 -7.62939e-07
    endloop
  endfacet
  facet normal 0 0 -1
    outer loop
      vertex -20.7667 -16.0311 -7.62939e-07
      vertex -22.0984 -10.9623 -7.62939e-07
      vertex -22.0248 -10.9787 -7.62939e-07
    endloop
  endfacet
  facet normal 0 0 -1
    outer loop
      vertex -20.7667 -16.0311 -7.62939e-07
      vertex -22.1708 -10.9413 -7.62939e-07
      vertex -22.0984 -10.9623 -7.62939e-07
    endloop
  endfacet
  facet normal 0 0 -1
    outer loop
      vertex -20.7667 -16.0311 -7.62939e-07
      vertex -22.2417 -10.9157 -7.62939e-07
      vertex -22.1708 -10.9413 -7.62939e-07
    endloop
  endfacet
  facet normal 0 0 -1
    outer loop
      vertex -20.7667 -16.0311 -7.62939e-07
      vertex -22.3109 -10.8858 -7.62939e-07
      vertex -22.2417 -10.9157 -7.62939e-07
    endloop
  endfacet
  facet normal 0 0 -1
    outer loop
      vertex -20.7667 -16.0311 -7.62939e-07
      vertex -22.3781 -10.8516 -7.62939e-07
      vertex -22.3109 -10.8858 -7.62939e-07
    endloop
  endfacet
  facet normal 0 0 -1
    outer loop
      vertex -20.7667 -16.0311 -7.62939e-07
      vertex -22.443 -10.8132 -7.62939e-07
      vertex -22.3781 -10.8516 -7.62939e-07
    endloop
  endfacet
  facet normal 0 0 -1
    outer loop
      vertex -20.7667 -16.0311 -7.62939e-07
      vertex -22.5053 -10.7708 -7.62939e-07
      vertex -22.443 -10.8132 -7.62939e-07
    endloop
  endfacet
  facet normal 0 0 -1
    outer loop
      vertex -24.2667 -9.96891 -7.62939e-07
      vertex -22.5053 -10.7708 -7.62939e-07
      vertex -20.7667 -16.0311 -7.62939e-07
    endloop
  endfacet
  facet normal 0 0 -1
    outer loop
      vertex -22.5053 -10.7708 -7.62939e-07
      vertex -24.2667 -9.96891 -7.62939e-07
      vertex -22.5649 -10.7246 -7.62939e-07
    endloop
  endfacet
  facet normal 0 0 -1
    outer loop
      vertex -22.5649 -10.7246 -7.62939e-07
      vertex -24.2667 -9.96891 -7.62939e-07
      vertex -22.6214 -10.6747 -7.62939e-07
    endloop
  endfacet
  facet normal 0 0 -1
    outer loop
      vertex -22.6214 -10.6747 -7.62939e-07
      vertex -24.2667 -9.96891 -7.62939e-07
      vertex -22.6747 -10.6214 -7.62939e-07
    endloop
  endfacet
  facet normal 0 0 -1
    outer loop
      vertex -22.6747 -10.6214 -7.62939e-07
      vertex -24.2667 -9.96891 -7.62939e-07
      vertex -22.7246 -10.5649 -7.62939e-07
    endloop
  endfacet
  facet normal 0 0 -1
    outer loop
      vertex -22.7246 -10.5649 -7.62939e-07
      vertex -24.2667 -9.96891 -7.62939e-07
      vertex -22.7708 -10.5053 -7.62939e-07
    endloop
  endfacet
  facet normal 0 0 -1
    outer loop
      vertex -22.7708 -10.5053 -7.62939e-07
      vertex -24.2667 -9.96891 -7.62939e-07
      vertex -22.8132 -10.443 -7.62939e-07
    endloop
  endfacet
  facet normal 0 0 -1
    outer loop
      vertex -22.8132 -10.443 -7.62939e-07
      vertex -24.2667 -9.96891 -7.62939e-07
      vertex -22.8516 -10.3781 -7.62939e-07
    endloop
  endfacet
  facet normal 0 0 -1
    outer loop
      vertex -22.8516 -10.3781 -7.62939e-07
      vertex -24.2667 -9.96891 -7.62939e-07
      vertex -22.8858 -10.3109 -7.62939e-07
    endloop
  endfacet
  facet normal 0 0 -1
    outer loop
      vertex -24.2667 -9.96891 -7.62939e-07
      vertex -23 -0.000485541 -7.62939e-07
      vertex -23 -9.79999 -7.62939e-07
    endloop
  endfacet
  facet normal 0 0 -1
    outer loop
      vertex -25.4791 -10.6689 -7.62939e-07
      vertex -23 -0.000485541 -7.62939e-07
      vertex -24.2667 -9.96891 -7.62939e-07
    endloop
  endfacet
  facet normal -0 0 -1
    outer loop
      vertex -22.9976 -9.87534 -7.62939e-07
      vertex -24.2667 -9.96891 -7.62939e-07
      vertex -23 -9.79999 -7.62939e-07
    endloop
  endfacet
  facet normal -0 0 -1
    outer loop
      vertex -22.9905 -9.95039 -7.62939e-07
      vertex -24.2667 -9.96891 -7.62939e-07
      vertex -22.9976 -9.87534 -7.62939e-07
    endloop
  endfacet
  facet normal 0 0 -1
    outer loop
      vertex -22.9787 -10.0248 -7.62939e-07
      vertex -24.2667 -9.96891 -7.62939e-07
      vertex -22.9905 -9.95039 -7.62939e-07
    endloop
  endfacet
  facet normal 0 0 -1
    outer loop
      vertex -22.9623 -10.0984 -7.62939e-07
      vertex -24.2667 -9.96891 -7.62939e-07
      vertex -22.9787 -10.0248 -7.62939e-07
    endloop
  endfacet
  facet normal 0 0 -1
    outer loop
      vertex -22.9413 -10.1708 -7.62939e-07
      vertex -24.2667 -9.96891 -7.62939e-07
      vertex -22.9623 -10.0984 -7.62939e-07
    endloop
  endfacet
  facet normal 0 0 -1
    outer loop
      vertex -22.9157 -10.2417 -7.62939e-07
      vertex -24.2667 -9.96891 -7.62939e-07
      vertex -22.9413 -10.1708 -7.62939e-07
    endloop
  endfacet
  facet normal 0 0 -1
    outer loop
      vertex -22.8858 -10.3109 -7.62939e-07
      vertex -24.2667 -9.96891 -7.62939e-07
      vertex -22.9157 -10.2417 -7.62939e-07
    endloop
  endfacet
  facet normal 0 0 -1
    outer loop
      vertex -18.75 22.6 -7.62939e-07
      vertex -20.8352 22.3746 -7.62939e-07
      vertex -20.737 22.5012 -7.62939e-07
    endloop
  endfacet
  facet normal 0 0 -1
    outer loop
      vertex -18.75 22.6 -7.62939e-07
      vertex -20.9411 22.2544 -7.62939e-07
      vertex -20.8352 22.3746 -7.62939e-07
    endloop
  endfacet
  facet normal 0 0 -1
    outer loop
      vertex -18.75 22.6 -7.62939e-07
      vertex -21.0544 22.1411 -7.62939e-07
      vertex -20.9411 22.2544 -7.62939e-07
    endloop
  endfacet
  facet normal 0 0 -1
    outer loop
      vertex -18.75 22.6 -7.62939e-07
      vertex -21.1746 22.0352 -7.62939e-07
      vertex -21.0544 22.1411 -7.62939e-07
    endloop
  endfacet
  facet normal 0 0 -1
    outer loop
      vertex -18.75 22.6 -7.62939e-07
      vertex -21.3012 21.937 -7.62939e-07
      vertex -21.1746 22.0352 -7.62939e-07
    endloop
  endfacet
  facet normal 0 0 -1
    outer loop
      vertex -20.7667 16.0311 -7.62939e-07
      vertex -21.4337 21.847 -7.62939e-07
      vertex -21.3012 21.937 -7.62939e-07
    endloop
  endfacet
  facet normal 0 0 -1
    outer loop
      vertex -21.9791 16.7311 -7.62939e-07
      vertex -21.4337 21.847 -7.62939e-07
      vertex -20.7667 16.0311 -7.62939e-07
    endloop
  endfacet
  facet normal 0 0 -1
    outer loop
      vertex -21.4337 21.847 -7.62939e-07
      vertex -21.9791 16.7311 -7.62939e-07
      vertex -21.5715 21.7654 -7.62939e-07
    endloop
  endfacet
  facet normal 0 0 -1
    outer loop
      vertex -21.5715 21.7654 -7.62939e-07
      vertex -21.9791 16.7311 -7.62939e-07
      vertex -21.7143 21.6927 -7.62939e-07
    endloop
  endfacet
  facet normal 0 0 -1
    outer loop
      vertex -21.7143 21.6927 -7.62939e-07
      vertex -21.9791 16.7311 -7.62939e-07
      vertex -21.8613 21.6291 -7.62939e-07
    endloop
  endfacet
  facet normal 0 0 -1
    outer loop
      vertex -21.9791 16.7311 -7.62939e-07
      vertex -22.012 21.5748 -7.62939e-07
      vertex -21.8613 21.6291 -7.62939e-07
    endloop
  endfacet
  facet normal 0 0 -1
    outer loop
      vertex -21.9791 16.7311 -7.62939e-07
      vertex -22.1658 21.5301 -7.62939e-07
      vertex -22.012 21.5748 -7.62939e-07
    endloop
  endfacet
  facet normal 0 0 -1
    outer loop
      vertex -21.9791 16.7311 -7.62939e-07
      vertex -22.3222 21.4952 -7.62939e-07
      vertex -22.1658 21.5301 -7.62939e-07
    endloop
  endfacet
  facet normal 0 0 -1
    outer loop
      vertex -21.9791 16.7311 -7.62939e-07
      vertex -22.4804 21.4701 -7.62939e-07
      vertex -22.3222 21.4952 -7.62939e-07
    endloop
  endfacet
  facet normal 0 0 -1
    outer loop
      vertex -21.9791 16.7311 -7.62939e-07
      vertex -22.6399 21.455 -7.62939e-07
      vertex -22.4804 21.4701 -7.62939e-07
    endloop
  endfacet
  facet normal 0 0 -1
    outer loop
      vertex -21.9791 16.7311 -7.62939e-07
      vertex -22.8 21.45 -7.62939e-07
      vertex -22.6399 21.455 -7.62939e-07
    endloop
  endfacet
  facet normal 0 0 -1
    outer loop
      vertex -21.9791 16.7311 -7.62939e-07
      vertex -22.9601 21.455 -7.62939e-07
      vertex -22.8 21.45 -7.62939e-07
    endloop
  endfacet
  facet normal 0 0 -1
    outer loop
      vertex -21.9791 16.7311 -7.62939e-07
      vertex -23.1196 21.4701 -7.62939e-07
      vertex -22.9601 21.455 -7.62939e-07
    endloop
  endfacet
  facet normal 0 0 -1
    outer loop
      vertex -21.9791 16.7311 -7.62939e-07
      vertex -23.2778 21.4952 -7.62939e-07
      vertex -23.1196 21.4701 -7.62939e-07
    endloop
  endfacet
  facet normal 0 0 -1
    outer loop
      vertex -21.9791 16.7311 -7.62939e-07
      vertex -23.4342 21.5301 -7.62939e-07
      vertex -23.2778 21.4952 -7.62939e-07
    endloop
  endfacet
  facet normal 0 0 -1
    outer loop
      vertex -21.9791 16.7311 -7.62939e-07
      vertex -23.588 21.5748 -7.62939e-07
      vertex -23.4342 21.5301 -7.62939e-07
    endloop
  endfacet
  facet normal 0 0 -1
    outer loop
      vertex -21.9791 16.7311 -7.62939e-07
      vertex -23.7387 21.6291 -7.62939e-07
      vertex -23.588 21.5748 -7.62939e-07
    endloop
  endfacet
  facet normal 0 0 -1
    outer loop
      vertex -21.9791 16.7311 -7.62939e-07
      vertex -23.8857 21.6927 -7.62939e-07
      vertex -23.7387 21.6291 -7.62939e-07
    endloop
  endfacet
  facet normal 0 0 -1
    outer loop
      vertex -27.8 21.5 -7.62939e-07
      vertex -23.8857 21.6927 -7.62939e-07
      vertex -21.9791 16.7311 -7.62939e-07
    endloop
  endfacet
  facet normal -0 0 -1
    outer loop
      vertex -23.8857 21.6927 -7.62939e-07
      vertex -27.8 21.5 -7.62939e-07
      vertex -24.0285 21.7654 -7.62939e-07
    endloop
  endfacet
  facet normal -0 0 -1
    outer loop
      vertex -24.0285 21.7654 -7.62939e-07
      vertex -27.8 21.5 -7.62939e-07
      vertex -24.1663 21.847 -7.62939e-07
    endloop
  endfacet
  facet normal -0 0 -1
    outer loop
      vertex -24.1663 21.847 -7.62939e-07
      vertex -27.8 21.5 -7.62939e-07
      vertex -24.2988 21.937 -7.62939e-07
    endloop
  endfacet
  facet normal -0 0 -1
    outer loop
      vertex -24.2988 21.937 -7.62939e-07
      vertex -27.8 21.5 -7.62939e-07
      vertex -24.4254 22.0352 -7.62939e-07
    endloop
  endfacet
  facet normal -0 0 -1
    outer loop
      vertex -24.4254 22.0352 -7.62939e-07
      vertex -27.8 21.5 -7.62939e-07
      vertex -24.5456 22.1411 -7.62939e-07
    endloop
  endfacet
  facet normal -0 0 -1
    outer loop
      vertex -24.5456 22.1411 -7.62939e-07
      vertex -27.8 21.5 -7.62939e-07
      vertex -24.6589 22.2544 -7.62939e-07
    endloop
  endfacet
  facet normal 0 -0 -1
    outer loop
      vertex -26.85 22.6 -7.62939e-07
      vertex -24.6589 22.2544 -7.62939e-07
      vertex -27.8 21.5 -7.62939e-07
    endloop
  endfacet
  facet normal 0 0 -1
    outer loop
      vertex -24.6589 22.2544 -7.62939e-07
      vertex -26.85 22.6 -7.62939e-07
      vertex -24.7648 22.3746 -7.62939e-07
    endloop
  endfacet
  facet normal 0 0 -1
    outer loop
      vertex -27.8 21.5 -7.62939e-07
      vertex -21.9791 16.7311 -7.62939e-07
      vertex -25.4791 10.6689 -7.62939e-07
    endloop
  endfacet
  facet normal 0 0 -1
    outer loop
      vertex -24.7648 22.3746 -7.62939e-07
      vertex -26.85 22.6 -7.62939e-07
      vertex -24.863 22.5012 -7.62939e-07
    endloop
  endfacet
  facet normal -0 0 -1
    outer loop
      vertex -25.4791 -10.6689 -7.62939e-07
      vertex -27.8 -21.5 -7.62939e-07
      vertex -25.4791 10.6689 -7.62939e-07
    endloop
  endfacet
  facet normal 0 0 -1
    outer loop
      vertex 22.5926 -4.30977 -7.62939e-07
      vertex 25.4791 -10.6689 -7.62939e-07
      vertex 24.2667 -9.96891 -7.62939e-07
    endloop
  endfacet
  facet normal 0 0 -1
    outer loop
      vertex 25.4791 -10.6689 -7.62939e-07
      vertex 23 0 -7.62939e-07
      vertex 25.4791 10.6689 -7.62939e-07
    endloop
  endfacet
  facet normal 0 0 -1
    outer loop
      vertex 22.9546 1.44418 -7.62939e-07
      vertex 25.4791 10.6689 -7.62939e-07
      vertex 23 0 -7.62939e-07
    endloop
  endfacet
  facet normal 0 0 -1
    outer loop
      vertex 25.4791 -10.6689 -7.62939e-07
      vertex 22.9546 -1.44418 -7.62939e-07
      vertex 23 0 -7.62939e-07
    endloop
  endfacet
  facet normal 0 0 -1
    outer loop
      vertex 25.4791 -10.6689 -7.62939e-07
      vertex 22.8186 -2.88266 -7.62939e-07
      vertex 22.9546 -1.44418 -7.62939e-07
    endloop
  endfacet
  facet normal 0 0 -1
    outer loop
      vertex 25.4791 -10.6689 -7.62939e-07
      vertex 22.5926 -4.30977 -7.62939e-07
      vertex 22.8186 -2.88266 -7.62939e-07
    endloop
  endfacet
  facet normal 0 0 -1
    outer loop
      vertex 24.2667 -9.96891 -7.62939e-07
      vertex 22.2774 -5.71987 -7.62939e-07
      vertex 22.5926 -4.30977 -7.62939e-07
    endloop
  endfacet
  facet normal 0 0 -1
    outer loop
      vertex 24.2667 -9.96891 -7.62939e-07
      vertex 21.8743 -7.10739 -7.62939e-07
      vertex 22.2774 -5.71987 -7.62939e-07
    endloop
  endfacet
  facet normal 0 0 -1
    outer loop
      vertex 24.2667 -9.96891 -7.62939e-07
      vertex 21.3849 -8.46686 -7.62939e-07
      vertex 21.8743 -7.10739 -7.62939e-07
    endloop
  endfacet
  facet normal 0 0 -1
    outer loop
      vertex 24.2667 -9.96891 -7.62939e-07
      vertex 20.811 -9.79292 -7.62939e-07
      vertex 21.3849 -8.46686 -7.62939e-07
    endloop
  endfacet
  facet normal 0 0 -1
    outer loop
      vertex 20.1551 -11.0803 -7.62939e-07
      vertex 24.2667 -9.96891 -7.62939e-07
      vertex 20.7667 -16.0311 -7.62939e-07
    endloop
  endfacet
  facet normal 0 0 -1
    outer loop
      vertex 18.75 -22.6 -7.62939e-07
      vertex 20.737 -22.5012 -7.62939e-07
      vertex 20.6698 -22.6 -7.62939e-07
    endloop
  endfacet
  facet normal -0 0 -1
    outer loop
      vertex 20.737 -22.5012 -7.62939e-07
      vertex 18.75 -22.6 -7.62939e-07
      vertex 20.7667 -16.0311 -7.62939e-07
    endloop
  endfacet
  facet normal -0 0 -1
    outer loop
      vertex 24.2667 -9.96891 -7.62939e-07
      vertex 20.1551 -11.0803 -7.62939e-07
      vertex 20.811 -9.79292 -7.62939e-07
    endloop
  endfacet
  facet normal 0 0 -1
    outer loop
      vertex 20.7667 -16.0311 -7.62939e-07
      vertex 19.4195 -12.324 -7.62939e-07
      vertex 20.1551 -11.0803 -7.62939e-07
    endloop
  endfacet
  facet normal 0 0 -1
    outer loop
      vertex 15.7446 -16.7663 -7.62939e-07
      vertex 20.7667 -16.0311 -7.62939e-07
      vertex 18.75 -22.6 -7.62939e-07
    endloop
  endfacet
  facet normal 0 0 -1
    outer loop
      vertex 20.7667 -16.0311 -7.62939e-07
      vertex 18.6074 -13.5191 -7.62939e-07
      vertex 19.4195 -12.324 -7.62939e-07
    endloop
  endfacet
  facet normal 0 0 -1
    outer loop
      vertex 25.4791 10.6689 -7.62939e-07
      vertex 27.8 21.5 -7.62939e-07
      vertex 25.4791 -10.6689 -7.62939e-07
    endloop
  endfacet
  facet normal 0 0 -1
    outer loop
      vertex 24.863 -22.5012 -7.62939e-07
      vertex 26.85 -22.6 -7.62939e-07
      vertex 24.9302 -22.6 -7.62939e-07
    endloop
  endfacet
  facet normal 0 0 -1
    outer loop
      vertex 24.7648 -22.3746 -7.62939e-07
      vertex 26.85 -22.6 -7.62939e-07
      vertex 24.863 -22.5012 -7.62939e-07
    endloop
  endfacet
  facet normal 0 0 -1
    outer loop
      vertex 24.6589 -22.2544 -7.62939e-07
      vertex 26.85 -22.6 -7.62939e-07
      vertex 24.7648 -22.3746 -7.62939e-07
    endloop
  endfacet
  facet normal 0 0 -1
    outer loop
      vertex 27.8 -21.5 -7.62939e-07
      vertex 24.6589 -22.2544 -7.62939e-07
      vertex 24.5456 -22.1411 -7.62939e-07
    endloop
  endfacet
  facet normal 0 0 -1
    outer loop
      vertex 27.8 -21.5 -7.62939e-07
      vertex 24.5456 -22.1411 -7.62939e-07
      vertex 24.4254 -22.0352 -7.62939e-07
    endloop
  endfacet
  facet normal 0 0 -1
    outer loop
      vertex 27.8 -21.5 -7.62939e-07
      vertex 24.4254 -22.0352 -7.62939e-07
      vertex 24.2988 -21.937 -7.62939e-07
    endloop
  endfacet
  facet normal 0 0 -1
    outer loop
      vertex 27.8 -21.5 -7.62939e-07
      vertex 24.2988 -21.937 -7.62939e-07
      vertex 24.1663 -21.847 -7.62939e-07
    endloop
  endfacet
  facet normal 0 0 -1
    outer loop
      vertex 24.0285 -21.7654 -7.62939e-07
      vertex 27.8 -21.5 -7.62939e-07
      vertex 24.1663 -21.847 -7.62939e-07
    endloop
  endfacet
  facet normal 0 0 -1
    outer loop
      vertex 23.8857 -21.6927 -7.62939e-07
      vertex 27.8 -21.5 -7.62939e-07
      vertex 24.0285 -21.7654 -7.62939e-07
    endloop
  endfacet
  facet normal -0 0 -1
    outer loop
      vertex 27.8 -21.5 -7.62939e-07
      vertex 23.8857 -21.6927 -7.62939e-07
      vertex 21.9791 -16.7311 -7.62939e-07
    endloop
  endfacet
  facet normal 0 0 -1
    outer loop
      vertex 21.9791 -16.7311 -7.62939e-07
      vertex 23.8857 -21.6927 -7.62939e-07
      vertex 23.7387 -21.6291 -7.62939e-07
    endloop
  endfacet
  facet normal 0 0 -1
    outer loop
      vertex 21.9791 -16.7311 -7.62939e-07
      vertex 23.7387 -21.6291 -7.62939e-07
      vertex 23.588 -21.5748 -7.62939e-07
    endloop
  endfacet
  facet normal 0 0 -1
    outer loop
      vertex 21.9791 -16.7311 -7.62939e-07
      vertex 23.588 -21.5748 -7.62939e-07
      vertex 23.4342 -21.5301 -7.62939e-07
    endloop
  endfacet
  facet normal 0 0 -1
    outer loop
      vertex 21.9791 -16.7311 -7.62939e-07
      vertex 23.4342 -21.5301 -7.62939e-07
      vertex 23.2778 -21.4952 -7.62939e-07
    endloop
  endfacet
  facet normal 0 0 -1
    outer loop
      vertex 21.9791 -16.7311 -7.62939e-07
      vertex 23.2778 -21.4952 -7.62939e-07
      vertex 23.1196 -21.4701 -7.62939e-07
    endloop
  endfacet
  facet normal 0 0 -1
    outer loop
      vertex 21.9791 -16.7311 -7.62939e-07
      vertex 23.1196 -21.4701 -7.62939e-07
      vertex 22.9601 -21.455 -7.62939e-07
    endloop
  endfacet
  facet normal 0 0 -1
    outer loop
      vertex 21.9791 -16.7311 -7.62939e-07
      vertex 22.9601 -21.455 -7.62939e-07
      vertex 22.8 -21.45 -7.62939e-07
    endloop
  endfacet
  facet normal 0 0 -1
    outer loop
      vertex 21.9791 -16.7311 -7.62939e-07
      vertex 22.8 -21.45 -7.62939e-07
      vertex 22.6399 -21.455 -7.62939e-07
    endloop
  endfacet
  facet normal 0 0 -1
    outer loop
      vertex 21.9791 -16.7311 -7.62939e-07
      vertex 22.6399 -21.455 -7.62939e-07
      vertex 22.4804 -21.4701 -7.62939e-07
    endloop
  endfacet
  facet normal 0 0 -1
    outer loop
      vertex 21.9791 -16.7311 -7.62939e-07
      vertex 22.4804 -21.4701 -7.62939e-07
      vertex 22.3222 -21.4952 -7.62939e-07
    endloop
  endfacet
  facet normal 0 0 -1
    outer loop
      vertex 21.9791 -16.7311 -7.62939e-07
      vertex 22.3222 -21.4952 -7.62939e-07
      vertex 22.1658 -21.5301 -7.62939e-07
    endloop
  endfacet
  facet normal 0 0 -1
    outer loop
      vertex 21.9791 -16.7311 -7.62939e-07
      vertex 22.1658 -21.5301 -7.62939e-07
      vertex 22.012 -21.5748 -7.62939e-07
    endloop
  endfacet
  facet normal 0 0 -1
    outer loop
      vertex 27.8 -21.5 -7.62939e-07
      vertex 21.9791 -16.7311 -7.62939e-07
      vertex 25.4791 -10.6689 -7.62939e-07
    endloop
  endfacet
  facet normal 0 0 -1
    outer loop
      vertex 21.8613 -21.6291 -7.62939e-07
      vertex 21.9791 -16.7311 -7.62939e-07
      vertex 22.012 -21.5748 -7.62939e-07
    endloop
  endfacet
  facet normal 0 0 -1
    outer loop
      vertex 21.7143 -21.6927 -7.62939e-07
      vertex 21.9791 -16.7311 -7.62939e-07
      vertex 21.8613 -21.6291 -7.62939e-07
    endloop
  endfacet
  facet normal 0 0 -1
    outer loop
      vertex 21.5715 -21.7654 -7.62939e-07
      vertex 21.9791 -16.7311 -7.62939e-07
      vertex 21.7143 -21.6927 -7.62939e-07
    endloop
  endfacet
  facet normal 0 0 -1
    outer loop
      vertex 21.4337 -21.847 -7.62939e-07
      vertex 21.9791 -16.7311 -7.62939e-07
      vertex 21.5715 -21.7654 -7.62939e-07
    endloop
  endfacet
  facet normal 0 0 -1
    outer loop
      vertex 20.7667 -16.0311 -7.62939e-07
      vertex 21.4337 -21.847 -7.62939e-07
      vertex 21.3012 -21.937 -7.62939e-07
    endloop
  endfacet
  facet normal 0 0 -1
    outer loop
      vertex 20.7667 -16.0311 -7.62939e-07
      vertex 21.3012 -21.937 -7.62939e-07
      vertex 21.1746 -22.0352 -7.62939e-07
    endloop
  endfacet
  facet normal 0 0 -1
    outer loop
      vertex 20.7667 -16.0311 -7.62939e-07
      vertex 21.1746 -22.0352 -7.62939e-07
      vertex 21.0544 -22.1411 -7.62939e-07
    endloop
  endfacet
  facet normal 0 0 -1
    outer loop
      vertex 20.7667 -16.0311 -7.62939e-07
      vertex 21.0544 -22.1411 -7.62939e-07
      vertex 20.9411 -22.2544 -7.62939e-07
    endloop
  endfacet
  facet normal 0 0 -1
    outer loop
      vertex 20.7667 -16.0311 -7.62939e-07
      vertex 20.9411 -22.2544 -7.62939e-07
      vertex 20.8352 -22.3746 -7.62939e-07
    endloop
  endfacet
  facet normal 0 0 -1
    outer loop
      vertex 21.4337 -21.847 -7.62939e-07
      vertex 20.7667 -16.0311 -7.62939e-07
      vertex 21.9791 -16.7311 -7.62939e-07
    endloop
  endfacet
  facet normal 0 -0 -1
    outer loop
      vertex 20.7667 -16.0311 -7.62939e-07
      vertex 20.8352 -22.3746 -7.62939e-07
      vertex 20.737 -22.5012 -7.62939e-07
    endloop
  endfacet
  facet normal 0 0 -1
    outer loop
      vertex 26.85 -22.6 -7.62939e-07
      vertex 27.8 -21.5 -7.62939e-07
      vertex 27.7757 -22.2723 -7.62939e-07
    endloop
  endfacet
  facet normal 0 0 -1
    outer loop
      vertex 24.6589 -22.2544 -7.62939e-07
      vertex 27.8 -21.5 -7.62939e-07
      vertex 26.85 -22.6 -7.62939e-07
    endloop
  endfacet
  facet normal 0 0 -1
    outer loop
      vertex 26.85 -22.6 -7.62939e-07
      vertex 27.7757 -22.2723 -7.62939e-07
      vertex 27.703 -23.0416 -7.62939e-07
    endloop
  endfacet
  facet normal 0 0 -1
    outer loop
      vertex 27.8 -21.5 -7.62939e-07
      vertex 25.4791 -10.6689 -7.62939e-07
      vertex 27.8 21.5 -7.62939e-07
    endloop
  endfacet
  facet normal 0 0 -1
    outer loop
      vertex 26.85 -22.6 -7.62939e-07
      vertex 27.703 -23.0416 -7.62939e-07
      vertex 27.5821 -23.8048 -7.62939e-07
    endloop
  endfacet
  facet normal 0 0 -1
    outer loop
      vertex 27.8 21.5 -7.62939e-07
      vertex 26.85 22.6 -7.62939e-07
      vertex 27.7757 22.2723 -7.62939e-07
    endloop
  endfacet
  facet normal 0 0 -1
    outer loop
      vertex 26.85 -22.6 -7.62939e-07
      vertex 27.5821 -23.8048 -7.62939e-07
      vertex 27.4136 -24.5589 -7.62939e-07
    endloop
  endfacet
  facet normal 0 0 -1
    outer loop
      vertex 27.7757 22.2723 -7.62939e-07
      vertex 26.85 22.6 -7.62939e-07
      vertex 27.703 23.0416 -7.62939e-07
    endloop
  endfacet
  facet normal 0 0 -1
    outer loop
      vertex 26.85 -25.4 -7.62939e-07
      vertex 27.4136 -24.5589 -7.62939e-07
      vertex 27.198 -25.3009 -7.62939e-07
    endloop
  endfacet
  facet normal -0 0 -1
    outer loop
      vertex 27.703 23.0416 -7.62939e-07
      vertex 26.85 22.6 -7.62939e-07
      vertex 27.5821 23.8048 -7.62939e-07
    endloop
  endfacet
  facet normal 0 0 -1
    outer loop
      vertex 26.85 -25.4 -7.62939e-07
      vertex 27.198 -25.3009 -7.62939e-07
      vertex 26.9362 -26.0279 -7.62939e-07
    endloop
  endfacet
  facet normal -0 0 -1
    outer loop
      vertex 27.5821 23.8048 -7.62939e-07
      vertex 26.85 22.6 -7.62939e-07
      vertex 27.4136 24.5589 -7.62939e-07
    endloop
  endfacet
  facet normal -0 0 -1
    outer loop
      vertex 27.4136 -24.5589 -7.62939e-07
      vertex 26.85 -25.4 -7.62939e-07
      vertex 26.85 -22.6 -7.62939e-07
    endloop
  endfacet
  facet normal 0 0 -1
    outer loop
      vertex 24.9302 -25.4 -7.62939e-07
      vertex 26.9362 -26.0279 -7.62939e-07
      vertex 26.6294 -26.7371 -7.62939e-07
    endloop
  endfacet
  facet normal 0 0 -1
    outer loop
      vertex 24.6589 -25.7456 -7.62939e-07
      vertex 26.6294 -26.7371 -7.62939e-07
      vertex 26.2786 -27.4256 -7.62939e-07
    endloop
  endfacet
  facet normal 0 0 -1
    outer loop
      vertex 24.2988 -26.063 -7.62939e-07
      vertex 26.2786 -27.4256 -7.62939e-07
      vertex 25.8852 -28.0907 -7.62939e-07
    endloop
  endfacet
  facet normal 0 0 -1
    outer loop
      vertex 23.8857 -26.3073 -7.62939e-07
      vertex 25.8852 -28.0907 -7.62939e-07
      vertex 25.4509 -28.7298 -7.62939e-07
    endloop
  endfacet
  facet normal 0 0 -1
    outer loop
      vertex 23.4342 -26.4699 -7.62939e-07
      vertex 25.4509 -28.7298 -7.62939e-07
      vertex 24.9773 -29.3403 -7.62939e-07
    endloop
  endfacet
  facet normal 0 0 -1
    outer loop
      vertex 26.2786 -27.4256 -7.62939e-07
      vertex 24.5456 -25.8589 -7.62939e-07
      vertex 24.6589 -25.7456 -7.62939e-07
    endloop
  endfacet
  facet normal 0 0 -1
    outer loop
      vertex 26.9362 -26.0279 -7.62939e-07
      vertex 24.9302 -25.4 -7.62939e-07
      vertex 26.85 -25.4 -7.62939e-07
    endloop
  endfacet
  facet normal 0 -0 -1
    outer loop
      vertex 24.9302 -25.4 -7.62939e-07
      vertex 26.6294 -26.7371 -7.62939e-07
      vertex 24.863 -25.4988 -7.62939e-07
    endloop
  endfacet
  facet normal 0 0 -1
    outer loop
      vertex 26.6294 -26.7371 -7.62939e-07
      vertex 24.7648 -25.6254 -7.62939e-07
      vertex 24.863 -25.4988 -7.62939e-07
    endloop
  endfacet
  facet normal 0 0 -1
    outer loop
      vertex 26.6294 -26.7371 -7.62939e-07
      vertex 24.6589 -25.7456 -7.62939e-07
      vertex 24.7648 -25.6254 -7.62939e-07
    endloop
  endfacet
  facet normal 0 0 -1
    outer loop
      vertex 23.1196 -26.5299 -7.62939e-07
      vertex 24.9773 -29.3403 -7.62939e-07
      vertex 24.4663 -29.9199 -7.62939e-07
    endloop
  endfacet
  facet normal 0 0 -1
    outer loop
      vertex 26.2786 -27.4256 -7.62939e-07
      vertex 24.4254 -25.9648 -7.62939e-07
      vertex 24.5456 -25.8589 -7.62939e-07
    endloop
  endfacet
  facet normal 0 0 -1
    outer loop
      vertex 26.2786 -27.4256 -7.62939e-07
      vertex 24.2988 -26.063 -7.62939e-07
      vertex 24.4254 -25.9648 -7.62939e-07
    endloop
  endfacet
  facet normal 0 0 -1
    outer loop
      vertex 25.8852 -28.0907 -7.62939e-07
      vertex 24.1663 -26.153 -7.62939e-07
      vertex 24.2988 -26.063 -7.62939e-07
    endloop
  endfacet
  facet normal 0 0 -1
    outer loop
      vertex 25.8852 -28.0907 -7.62939e-07
      vertex 24.0285 -26.2346 -7.62939e-07
      vertex 24.1663 -26.153 -7.62939e-07
    endloop
  endfacet
  facet normal 0 0 -1
    outer loop
      vertex 22.8 -26.55 -7.62939e-07
      vertex 24.4663 -29.9199 -7.62939e-07
      vertex 23.9199 -30.4663 -7.62939e-07
    endloop
  endfacet
  facet normal 0 0 -1
    outer loop
      vertex 25.8852 -28.0907 -7.62939e-07
      vertex 23.8857 -26.3073 -7.62939e-07
      vertex 24.0285 -26.2346 -7.62939e-07
    endloop
  endfacet
  facet normal 0 0 -1
    outer loop
      vertex 25.4509 -28.7298 -7.62939e-07
      vertex 23.7387 -26.3709 -7.62939e-07
      vertex 23.8857 -26.3073 -7.62939e-07
    endloop
  endfacet
  facet normal 0 0 -1
    outer loop
      vertex 25.4509 -28.7298 -7.62939e-07
      vertex 23.588 -26.4252 -7.62939e-07
      vertex 23.7387 -26.3709 -7.62939e-07
    endloop
  endfacet
  facet normal 0 0 -1
    outer loop
      vertex 25.4509 -28.7298 -7.62939e-07
      vertex 23.4342 -26.4699 -7.62939e-07
      vertex 23.588 -26.4252 -7.62939e-07
    endloop
  endfacet
  facet normal 0 0 -1
    outer loop
      vertex 22.4804 -26.5299 -7.62939e-07
      vertex 23.9199 -30.4663 -7.62939e-07
      vertex 23.3403 -30.9773 -7.62939e-07
    endloop
  endfacet
  facet normal 0 0 -1
    outer loop
      vertex 24.9773 -29.3403 -7.62939e-07
      vertex 23.2778 -26.5048 -7.62939e-07
      vertex 23.4342 -26.4699 -7.62939e-07
    endloop
  endfacet
  facet normal 0 0 -1
    outer loop
      vertex 24.9773 -29.3403 -7.62939e-07
      vertex 23.1196 -26.5299 -7.62939e-07
      vertex 23.2778 -26.5048 -7.62939e-07
    endloop
  endfacet
  facet normal 0 0 -1
    outer loop
      vertex 24.4663 -29.9199 -7.62939e-07
      vertex 22.9601 -26.545 -7.62939e-07
      vertex 23.1196 -26.5299 -7.62939e-07
    endloop
  endfacet
  facet normal 0 0 -1
    outer loop
      vertex 24.4663 -29.9199 -7.62939e-07
      vertex 22.8 -26.55 -7.62939e-07
      vertex 22.9601 -26.545 -7.62939e-07
    endloop
  endfacet
  facet normal 0 0 -1
    outer loop
      vertex 22.1658 -26.4699 -7.62939e-07
      vertex 23.3403 -30.9773 -7.62939e-07
      vertex 22.7298 -31.4509 -7.62939e-07
    endloop
  endfacet
  facet normal 0 0 -1
    outer loop
      vertex 23.9199 -30.4663 -7.62939e-07
      vertex 22.6399 -26.545 -7.62939e-07
      vertex 22.8 -26.55 -7.62939e-07
    endloop
  endfacet
  facet normal 0 0 -1
    outer loop
      vertex 23.9199 -30.4663 -7.62939e-07
      vertex 22.4804 -26.5299 -7.62939e-07
      vertex 22.6399 -26.545 -7.62939e-07
    endloop
  endfacet
  facet normal 0 0 -1
    outer loop
      vertex 23.3403 -30.9773 -7.62939e-07
      vertex 22.3222 -26.5048 -7.62939e-07
      vertex 22.4804 -26.5299 -7.62939e-07
    endloop
  endfacet
  facet normal 0 0 -1
    outer loop
      vertex 23.3403 -30.9773 -7.62939e-07
      vertex 22.1658 -26.4699 -7.62939e-07
      vertex 22.3222 -26.5048 -7.62939e-07
    endloop
  endfacet
  facet normal 0 0 -1
    outer loop
      vertex 21.8613 -26.3709 -7.62939e-07
      vertex 22.7298 -31.4509 -7.62939e-07
      vertex 22.0907 -31.8852 -7.62939e-07
    endloop
  endfacet
  facet normal 0 0 -1
    outer loop
      vertex 22.7298 -31.4509 -7.62939e-07
      vertex 22.012 -26.4252 -7.62939e-07
      vertex 22.1658 -26.4699 -7.62939e-07
    endloop
  endfacet
  facet normal 0 0 -1
    outer loop
      vertex 22.7298 -31.4509 -7.62939e-07
      vertex 21.8613 -26.3709 -7.62939e-07
      vertex 22.012 -26.4252 -7.62939e-07
    endloop
  endfacet
  facet normal 0 0 -1
    outer loop
      vertex 22.0907 -31.8852 -7.62939e-07
      vertex 21.7143 -26.3073 -7.62939e-07
      vertex 21.8613 -26.3709 -7.62939e-07
    endloop
  endfacet
  facet normal 0 0 -1
    outer loop
      vertex 22.0907 -31.8852 -7.62939e-07
      vertex 21.5715 -26.2346 -7.62939e-07
      vertex 21.7143 -26.3073 -7.62939e-07
    endloop
  endfacet
  facet normal 0 0 -1
    outer loop
      vertex 21.4256 -32.2786 -7.62939e-07
      vertex 21.5715 -26.2346 -7.62939e-07
      vertex 22.0907 -31.8852 -7.62939e-07
    endloop
  endfacet
  facet normal -0 0 -1
    outer loop
      vertex 21.5715 -26.2346 -7.62939e-07
      vertex 21.4256 -32.2786 -7.62939e-07
      vertex 21.4337 -26.153 -7.62939e-07
    endloop
  endfacet
  facet normal 0 0 -1
    outer loop
      vertex 20.7371 -32.6294 -7.62939e-07
      vertex 21.4337 -26.153 -7.62939e-07
      vertex 21.4256 -32.2786 -7.62939e-07
    endloop
  endfacet
  facet normal -0 0 -1
    outer loop
      vertex 21.4337 -26.153 -7.62939e-07
      vertex 20.7371 -32.6294 -7.62939e-07
      vertex 21.3012 -26.063 -7.62939e-07
    endloop
  endfacet
  facet normal 0 0 -1
    outer loop
      vertex 18.75 -25.4 -7.62939e-07
      vertex 21.3012 -26.063 -7.62939e-07
      vertex 20.7371 -32.6294 -7.62939e-07
    endloop
  endfacet
  facet normal 0 0 -1
    outer loop
      vertex 21.3012 -26.063 -7.62939e-07
      vertex 18.75 -25.4 -7.62939e-07
      vertex 21.1746 -25.9648 -7.62939e-07
    endloop
  endfacet
  facet normal 0 0 -1
    outer loop
      vertex 21.1746 -25.9648 -7.62939e-07
      vertex 18.75 -25.4 -7.62939e-07
      vertex 21.0544 -25.8589 -7.62939e-07
    endloop
  endfacet
  facet normal 0 0 -1
    outer loop
      vertex 21.0544 -25.8589 -7.62939e-07
      vertex 18.75 -25.4 -7.62939e-07
      vertex 20.9411 -25.7456 -7.62939e-07
    endloop
  endfacet
  facet normal 0 0 -1
    outer loop
      vertex 20.9411 -25.7456 -7.62939e-07
      vertex 18.75 -25.4 -7.62939e-07
      vertex 20.8352 -25.6254 -7.62939e-07
    endloop
  endfacet
  facet normal 0 0 -1
    outer loop
      vertex 20.8352 -25.6254 -7.62939e-07
      vertex 18.75 -25.4 -7.62939e-07
      vertex 20.737 -25.4988 -7.62939e-07
    endloop
  endfacet
  facet normal 0 0 -1
    outer loop
      vertex 18.75 -25.4 -7.62939e-07
      vertex 20.7371 -32.6294 -7.62939e-07
      vertex 20.0279 -32.9362 -7.62939e-07
    endloop
  endfacet
  facet normal 0 0 -1
    outer loop
      vertex 18.75 -25.4 -7.62939e-07
      vertex 20.0279 -32.9362 -7.62939e-07
      vertex 19.3009 -33.198 -7.62939e-07
    endloop
  endfacet
  facet normal 0 0 -1
    outer loop
      vertex 20.737 -25.4988 -7.62939e-07
      vertex 18.75 -25.4 -7.62939e-07
      vertex 20.6698 -25.4 -7.62939e-07
    endloop
  endfacet
  facet normal 0 0 -1
    outer loop
      vertex 11.0803 -20.1551 -7.62939e-07
      vertex 18.75 -22.6 -7.62939e-07
      vertex 18.75 -25.4 -7.62939e-07
    endloop
  endfacet
  facet normal 0 0 -1
    outer loop
      vertex 18.5589 -33.4136 -7.62939e-07
      vertex 18.75 -25.4 -7.62939e-07
      vertex 19.3009 -33.198 -7.62939e-07
    endloop
  endfacet
  facet normal 0 0 -1
    outer loop
      vertex 17.8048 -33.5821 -7.62939e-07
      vertex 18.75 -25.4 -7.62939e-07
      vertex 18.5589 -33.4136 -7.62939e-07
    endloop
  endfacet
  facet normal 0 0 -1
    outer loop
      vertex 17.0416 -33.703 -7.62939e-07
      vertex 18.75 -25.4 -7.62939e-07
      vertex 17.8048 -33.5821 -7.62939e-07
    endloop
  endfacet
  facet normal 0 0 -1
    outer loop
      vertex 20.7667 -16.0311 -7.62939e-07
      vertex 17.7218 -14.6608 -7.62939e-07
      vertex 18.6074 -13.5191 -7.62939e-07
    endloop
  endfacet
  facet normal 0 0 -1
    outer loop
      vertex 16.2723 -33.7757 -7.62939e-07
      vertex 18.75 -25.4 -7.62939e-07
      vertex 17.0416 -33.703 -7.62939e-07
    endloop
  endfacet
  facet normal 0 0 -1
    outer loop
      vertex 20.7667 -16.0311 -7.62939e-07
      vertex 16.7663 -15.7446 -7.62939e-07
      vertex 17.7218 -14.6608 -7.62939e-07
    endloop
  endfacet
  facet normal 0 0 -1
    outer loop
      vertex 15.5 -33.8 -7.62939e-07
      vertex 18.75 -25.4 -7.62939e-07
      vertex 16.2723 -33.7757 -7.62939e-07
    endloop
  endfacet
  facet normal -0 0 -1
    outer loop
      vertex 20.7667 -16.0311 -7.62939e-07
      vertex 15.7446 -16.7663 -7.62939e-07
      vertex 16.7663 -15.7446 -7.62939e-07
    endloop
  endfacet
  facet normal 0 0 -1
    outer loop
      vertex 9.79292 -20.811 -7.62939e-07
      vertex 18.75 -25.4 -7.62939e-07
      vertex 15.5 -33.8 -7.62939e-07
    endloop
  endfacet
  facet normal 0 0 -1
    outer loop
      vertex 18.75 -22.6 -7.62939e-07
      vertex 14.6608 -17.7218 -7.62939e-07
      vertex 15.7446 -16.7663 -7.62939e-07
    endloop
  endfacet
  facet normal 0 0 -1
    outer loop
      vertex 18.75 -22.6 -7.62939e-07
      vertex 13.5191 -18.6074 -7.62939e-07
      vertex 14.6608 -17.7218 -7.62939e-07
    endloop
  endfacet
  facet normal 0 0 -1
    outer loop
      vertex 18.75 -22.6 -7.62939e-07
      vertex 12.324 -19.4195 -7.62939e-07
      vertex 13.5191 -18.6074 -7.62939e-07
    endloop
  endfacet
  facet normal 0 0 -1
    outer loop
      vertex 18.75 -22.6 -7.62939e-07
      vertex 11.0803 -20.1551 -7.62939e-07
      vertex 12.324 -19.4195 -7.62939e-07
    endloop
  endfacet
  facet normal 0 0 -1
    outer loop
      vertex 18.75 -25.4 -7.62939e-07
      vertex 9.79292 -20.811 -7.62939e-07
      vertex 11.0803 -20.1551 -7.62939e-07
    endloop
  endfacet
  facet normal 0 0 -1
    outer loop
      vertex 15.5 -33.8 -7.62939e-07
      vertex 8.46686 -21.3849 -7.62939e-07
      vertex 9.79292 -20.811 -7.62939e-07
    endloop
  endfacet
  facet normal 0 0 -1
    outer loop
      vertex 15.5 -33.8 -7.62939e-07
      vertex 7.10739 -21.8743 -7.62939e-07
      vertex 8.46686 -21.3849 -7.62939e-07
    endloop
  endfacet
  facet normal 0 0 -1
    outer loop
      vertex 15.5 -33.8 -7.62939e-07
      vertex 5.71987 -22.2774 -7.62939e-07
      vertex 7.10739 -21.8743 -7.62939e-07
    endloop
  endfacet
  facet normal 0 0 -1
    outer loop
      vertex 15.5 -33.8 -7.62939e-07
      vertex 4.30977 -22.5926 -7.62939e-07
      vertex 5.71987 -22.2774 -7.62939e-07
    endloop
  endfacet
  facet normal 0 0 -1
    outer loop
      vertex 15.5 -33.8 -7.62939e-07
      vertex 2.88266 -22.8186 -7.62939e-07
      vertex 4.30977 -22.5926 -7.62939e-07
    endloop
  endfacet
  facet normal 0 0 -1
    outer loop
      vertex 15.5 -33.8 -7.62939e-07
      vertex 1.44418 -22.9546 -7.62939e-07
      vertex 2.88266 -22.8186 -7.62939e-07
    endloop
  endfacet
  facet normal 0 0 -1
    outer loop
      vertex 15.5 -33.8 -7.62939e-07
      vertex 0 -23 -7.62939e-07
      vertex 1.44418 -22.9546 -7.62939e-07
    endloop
  endfacet
  facet normal 0 0 -1
    outer loop
      vertex -15.5 -33.8 -7.62939e-07
      vertex 0 -23 -7.62939e-07
      vertex 15.5 -33.8 -7.62939e-07
    endloop
  endfacet
  facet normal -0 0 -1
    outer loop
      vertex 0 -23 -7.62939e-07
      vertex -15.5 -33.8 -7.62939e-07
      vertex -1.44418 -22.9546 -7.62939e-07
    endloop
  endfacet
  facet normal -0 0 -1
    outer loop
      vertex -1.44418 -22.9546 -7.62939e-07
      vertex -15.5 -33.8 -7.62939e-07
      vertex -2.88266 -22.8186 -7.62939e-07
    endloop
  endfacet
  facet normal -0 0 -1
    outer loop
      vertex -2.88266 -22.8186 -7.62939e-07
      vertex -15.5 -33.8 -7.62939e-07
      vertex -4.30977 -22.5926 -7.62939e-07
    endloop
  endfacet
  facet normal -0 0 -1
    outer loop
      vertex -4.30977 -22.5926 -7.62939e-07
      vertex -15.5 -33.8 -7.62939e-07
      vertex -5.71987 -22.2774 -7.62939e-07
    endloop
  endfacet
  facet normal -0 0 -1
    outer loop
      vertex -5.71987 -22.2774 -7.62939e-07
      vertex -15.5 -33.8 -7.62939e-07
      vertex -7.10739 -21.8743 -7.62939e-07
    endloop
  endfacet
  facet normal -0 0 -1
    outer loop
      vertex -7.10739 -21.8743 -7.62939e-07
      vertex -15.5 -33.8 -7.62939e-07
      vertex -8.46686 -21.3849 -7.62939e-07
    endloop
  endfacet
  facet normal -0 0 -1
    outer loop
      vertex -8.46686 -21.3849 -7.62939e-07
      vertex -15.5 -33.8 -7.62939e-07
      vertex -9.79292 -20.811 -7.62939e-07
    endloop
  endfacet
  facet normal 0 0 -1
    outer loop
      vertex -18.75 -25.4 -7.62939e-07
      vertex -9.79292 -20.811 -7.62939e-07
      vertex -15.5 -33.8 -7.62939e-07
    endloop
  endfacet
  facet normal -0 0 -1
    outer loop
      vertex -9.79292 -20.811 -7.62939e-07
      vertex -18.75 -25.4 -7.62939e-07
      vertex -11.0803 -20.1551 -7.62939e-07
    endloop
  endfacet
  facet normal 0 0 -1
    outer loop
      vertex -18.75 -22.6 -7.62939e-07
      vertex -11.0803 -20.1551 -7.62939e-07
      vertex -18.75 -25.4 -7.62939e-07
    endloop
  endfacet
  facet normal -0 0 -1
    outer loop
      vertex -11.0803 -20.1551 -7.62939e-07
      vertex -18.75 -22.6 -7.62939e-07
      vertex -12.324 -19.4195 -7.62939e-07
    endloop
  endfacet
  facet normal -0 0 -1
    outer loop
      vertex -12.324 -19.4195 -7.62939e-07
      vertex -18.75 -22.6 -7.62939e-07
      vertex -13.5191 -18.6074 -7.62939e-07
    endloop
  endfacet
  facet normal 0 0 -1
    outer loop
      vertex -18.75 -25.4 -7.62939e-07
      vertex -15.5 -33.8 -7.62939e-07
      vertex -16.2723 -33.7757 -7.62939e-07
    endloop
  endfacet
  facet normal -0 0 -1
    outer loop
      vertex -13.5191 -18.6074 -7.62939e-07
      vertex -18.75 -22.6 -7.62939e-07
      vertex -14.6608 -17.7218 -7.62939e-07
    endloop
  endfacet
  facet normal 0 0 -1
    outer loop
      vertex -18.75 -25.4 -7.62939e-07
      vertex -16.2723 -33.7757 -7.62939e-07
      vertex -17.0416 -33.703 -7.62939e-07
    endloop
  endfacet
  facet normal -0 0 -1
    outer loop
      vertex -14.6608 -17.7218 -7.62939e-07
      vertex -18.75 -22.6 -7.62939e-07
      vertex -15.7446 -16.7663 -7.62939e-07
    endloop
  endfacet
  facet normal 0 0 -1
    outer loop
      vertex -18.75 -25.4 -7.62939e-07
      vertex -17.0416 -33.703 -7.62939e-07
      vertex -17.8048 -33.5821 -7.62939e-07
    endloop
  endfacet
  facet normal 0 0 -1
    outer loop
      vertex -18.75 -25.4 -7.62939e-07
      vertex -17.8048 -33.5821 -7.62939e-07
      vertex -18.5589 -33.4136 -7.62939e-07
    endloop
  endfacet
  facet normal 0 0 -1
    outer loop
      vertex -20.7667 -16.0311 -7.62939e-07
      vertex -15.7446 -16.7663 -7.62939e-07
      vertex -18.75 -22.6 -7.62939e-07
    endloop
  endfacet
  facet normal 0 0 -1
    outer loop
      vertex -15.7446 -16.7663 -7.62939e-07
      vertex -20.7667 -16.0311 -7.62939e-07
      vertex -16.7663 -15.7446 -7.62939e-07
    endloop
  endfacet
  facet normal 0 0 -1
    outer loop
      vertex -19.3009 -33.198 -7.62939e-07
      vertex -18.75 -25.4 -7.62939e-07
      vertex -18.5589 -33.4136 -7.62939e-07
    endloop
  endfacet
  facet normal 0 0 -1
    outer loop
      vertex -20.0279 -32.9362 -7.62939e-07
      vertex -18.75 -25.4 -7.62939e-07
      vertex -19.3009 -33.198 -7.62939e-07
    endloop
  endfacet
  facet normal 0 0 -1
    outer loop
      vertex -20.7371 -32.6294 -7.62939e-07
      vertex -18.75 -25.4 -7.62939e-07
      vertex -20.0279 -32.9362 -7.62939e-07
    endloop
  endfacet
  facet normal -0 0 -1
    outer loop
      vertex -18.75 -25.4 -7.62939e-07
      vertex -20.737 -25.4988 -7.62939e-07
      vertex -20.6698 -25.4 -7.62939e-07
    endloop
  endfacet
  facet normal 0 0 -1
    outer loop
      vertex -21.3012 -26.063 -7.62939e-07
      vertex -18.75 -25.4 -7.62939e-07
      vertex -20.7371 -32.6294 -7.62939e-07
    endloop
  endfacet
  facet normal 0 0 -1
    outer loop
      vertex -18.75 -25.4 -7.62939e-07
      vertex -20.8352 -25.6254 -7.62939e-07
      vertex -20.737 -25.4988 -7.62939e-07
    endloop
  endfacet
  facet normal 0 0 -1
    outer loop
      vertex -18.75 -25.4 -7.62939e-07
      vertex -20.9411 -25.7456 -7.62939e-07
      vertex -20.8352 -25.6254 -7.62939e-07
    endloop
  endfacet
  facet normal 0 0 -1
    outer loop
      vertex -18.75 -25.4 -7.62939e-07
      vertex -21.0544 -25.8589 -7.62939e-07
      vertex -20.9411 -25.7456 -7.62939e-07
    endloop
  endfacet
  facet normal 0 0 -1
    outer loop
      vertex -18.75 -25.4 -7.62939e-07
      vertex -21.1746 -25.9648 -7.62939e-07
      vertex -21.0544 -25.8589 -7.62939e-07
    endloop
  endfacet
  facet normal 0 0 -1
    outer loop
      vertex -18.75 -25.4 -7.62939e-07
      vertex -21.3012 -26.063 -7.62939e-07
      vertex -21.1746 -25.9648 -7.62939e-07
    endloop
  endfacet
  facet normal 0 0 -1
    outer loop
      vertex -21.4337 -26.153 -7.62939e-07
      vertex -20.7371 -32.6294 -7.62939e-07
      vertex -21.4256 -32.2786 -7.62939e-07
    endloop
  endfacet
  facet normal 0 0 -1
    outer loop
      vertex -20.7371 -32.6294 -7.62939e-07
      vertex -21.4337 -26.153 -7.62939e-07
      vertex -21.3012 -26.063 -7.62939e-07
    endloop
  endfacet
  facet normal 0 0 -1
    outer loop
      vertex -21.4256 -32.2786 -7.62939e-07
      vertex -21.5715 -26.2346 -7.62939e-07
      vertex -21.4337 -26.153 -7.62939e-07
    endloop
  endfacet
  facet normal 0 0 -1
    outer loop
      vertex -22.0907 -31.8852 -7.62939e-07
      vertex -21.5715 -26.2346 -7.62939e-07
      vertex -21.4256 -32.2786 -7.62939e-07
    endloop
  endfacet
  facet normal 0 0 -1
    outer loop
      vertex -21.5715 -26.2346 -7.62939e-07
      vertex -22.0907 -31.8852 -7.62939e-07
      vertex -21.7143 -26.3073 -7.62939e-07
    endloop
  endfacet
  facet normal 0 0 -1
    outer loop
      vertex -21.7143 -26.3073 -7.62939e-07
      vertex -22.0907 -31.8852 -7.62939e-07
      vertex -21.8613 -26.3709 -7.62939e-07
    endloop
  endfacet
  facet normal 0 0 -1
    outer loop
      vertex -22.7298 -31.4509 -7.62939e-07
      vertex -21.8613 -26.3709 -7.62939e-07
      vertex -22.0907 -31.8852 -7.62939e-07
    endloop
  endfacet
  facet normal 0 0 -1
    outer loop
      vertex -21.8613 -26.3709 -7.62939e-07
      vertex -22.7298 -31.4509 -7.62939e-07
      vertex -22.012 -26.4252 -7.62939e-07
    endloop
  endfacet
  facet normal 0 0 -1
    outer loop
      vertex -22.012 -26.4252 -7.62939e-07
      vertex -22.7298 -31.4509 -7.62939e-07
      vertex -22.1658 -26.4699 -7.62939e-07
    endloop
  endfacet
  facet normal 0 0 -1
    outer loop
      vertex -23.3403 -30.9773 -7.62939e-07
      vertex -22.1658 -26.4699 -7.62939e-07
      vertex -22.7298 -31.4509 -7.62939e-07
    endloop
  endfacet
  facet normal 0 0 -1
    outer loop
      vertex -22.1658 -26.4699 -7.62939e-07
      vertex -23.3403 -30.9773 -7.62939e-07
      vertex -22.3222 -26.5048 -7.62939e-07
    endloop
  endfacet
  facet normal 0 0 -1
    outer loop
      vertex -22.3222 -26.5048 -7.62939e-07
      vertex -23.3403 -30.9773 -7.62939e-07
      vertex -22.4804 -26.5299 -7.62939e-07
    endloop
  endfacet
  facet normal 0 0 -1
    outer loop
      vertex -23.9199 -30.4663 -7.62939e-07
      vertex -22.4804 -26.5299 -7.62939e-07
      vertex -23.3403 -30.9773 -7.62939e-07
    endloop
  endfacet
  facet normal 0 0 -1
    outer loop
      vertex -22.4804 -26.5299 -7.62939e-07
      vertex -23.9199 -30.4663 -7.62939e-07
      vertex -22.6399 -26.545 -7.62939e-07
    endloop
  endfacet
  facet normal 0 0 -1
    outer loop
      vertex -22.6399 -26.545 -7.62939e-07
      vertex -23.9199 -30.4663 -7.62939e-07
      vertex -22.8 -26.55 -7.62939e-07
    endloop
  endfacet
  facet normal 0 0 -1
    outer loop
      vertex -24.4663 -29.9199 -7.62939e-07
      vertex -22.8 -26.55 -7.62939e-07
      vertex -23.9199 -30.4663 -7.62939e-07
    endloop
  endfacet
  facet normal -0 0 -1
    outer loop
      vertex -22.8 -26.55 -7.62939e-07
      vertex -24.4663 -29.9199 -7.62939e-07
      vertex -22.9601 -26.545 -7.62939e-07
    endloop
  endfacet
  facet normal -0 0 -1
    outer loop
      vertex -22.9601 -26.545 -7.62939e-07
      vertex -24.4663 -29.9199 -7.62939e-07
      vertex -23.1196 -26.5299 -7.62939e-07
    endloop
  endfacet
  facet normal 0 0 -1
    outer loop
      vertex -24.9773 -29.3403 -7.62939e-07
      vertex -23.1196 -26.5299 -7.62939e-07
      vertex -24.4663 -29.9199 -7.62939e-07
    endloop
  endfacet
  facet normal -0 0 -1
    outer loop
      vertex -23.1196 -26.5299 -7.62939e-07
      vertex -24.9773 -29.3403 -7.62939e-07
      vertex -23.2778 -26.5048 -7.62939e-07
    endloop
  endfacet
  facet normal -0 0 -1
    outer loop
      vertex -23.2778 -26.5048 -7.62939e-07
      vertex -24.9773 -29.3403 -7.62939e-07
      vertex -23.4342 -26.4699 -7.62939e-07
    endloop
  endfacet
  facet normal 0 0 -1
    outer loop
      vertex -25.4509 -28.7298 -7.62939e-07
      vertex -23.4342 -26.4699 -7.62939e-07
      vertex -24.9773 -29.3403 -7.62939e-07
    endloop
  endfacet
  facet normal -0 0 -1
    outer loop
      vertex -23.4342 -26.4699 -7.62939e-07
      vertex -25.4509 -28.7298 -7.62939e-07
      vertex -23.588 -26.4252 -7.62939e-07
    endloop
  endfacet
  facet normal -0 0 -1
    outer loop
      vertex -23.588 -26.4252 -7.62939e-07
      vertex -25.4509 -28.7298 -7.62939e-07
      vertex -23.7387 -26.3709 -7.62939e-07
    endloop
  endfacet
  facet normal -0 0 -1
    outer loop
      vertex -23.7387 -26.3709 -7.62939e-07
      vertex -25.4509 -28.7298 -7.62939e-07
      vertex -23.8857 -26.3073 -7.62939e-07
    endloop
  endfacet
  facet normal 0 0 -1
    outer loop
      vertex -25.8852 -28.0907 -7.62939e-07
      vertex -23.8857 -26.3073 -7.62939e-07
      vertex -25.4509 -28.7298 -7.62939e-07
    endloop
  endfacet
  facet normal -0 0 -1
    outer loop
      vertex -23.8857 -26.3073 -7.62939e-07
      vertex -25.8852 -28.0907 -7.62939e-07
      vertex -24.0285 -26.2346 -7.62939e-07
    endloop
  endfacet
  facet normal -0 0 -1
    outer loop
      vertex -24.0285 -26.2346 -7.62939e-07
      vertex -25.8852 -28.0907 -7.62939e-07
      vertex -24.1663 -26.153 -7.62939e-07
    endloop
  endfacet
  facet normal -0 0 -1
    outer loop
      vertex -24.1663 -26.153 -7.62939e-07
      vertex -25.8852 -28.0907 -7.62939e-07
      vertex -24.2988 -26.063 -7.62939e-07
    endloop
  endfacet
  facet normal 0 0 -1
    outer loop
      vertex -26.2786 -27.4256 -7.62939e-07
      vertex -24.2988 -26.063 -7.62939e-07
      vertex -25.8852 -28.0907 -7.62939e-07
    endloop
  endfacet
  facet normal -0 0 -1
    outer loop
      vertex -24.2988 -26.063 -7.62939e-07
      vertex -26.2786 -27.4256 -7.62939e-07
      vertex -24.4254 -25.9648 -7.62939e-07
    endloop
  endfacet
  facet normal -0 0 -1
    outer loop
      vertex -24.4254 -25.9648 -7.62939e-07
      vertex -26.2786 -27.4256 -7.62939e-07
      vertex -24.5456 -25.8589 -7.62939e-07
    endloop
  endfacet
  facet normal -0 0 -1
    outer loop
      vertex -24.5456 -25.8589 -7.62939e-07
      vertex -26.2786 -27.4256 -7.62939e-07
      vertex -24.6589 -25.7456 -7.62939e-07
    endloop
  endfacet
  facet normal 0 0 -1
    outer loop
      vertex -26.6294 -26.7371 -7.62939e-07
      vertex -24.6589 -25.7456 -7.62939e-07
      vertex -26.2786 -27.4256 -7.62939e-07
    endloop
  endfacet
  facet normal -0 0 -1
    outer loop
      vertex -24.6589 -25.7456 -7.62939e-07
      vertex -26.6294 -26.7371 -7.62939e-07
      vertex -24.7648 -25.6254 -7.62939e-07
    endloop
  endfacet
  facet normal -0 0 -1
    outer loop
      vertex -24.7648 -25.6254 -7.62939e-07
      vertex -26.6294 -26.7371 -7.62939e-07
      vertex -24.863 -25.4988 -7.62939e-07
    endloop
  endfacet
  facet normal -0 0 -1
    outer loop
      vertex -24.863 -25.4988 -7.62939e-07
      vertex -26.6294 -26.7371 -7.62939e-07
      vertex -24.9302 -25.4 -7.62939e-07
    endloop
  endfacet
  facet normal 0 0 -1
    outer loop
      vertex -26.9362 -26.0279 -7.62939e-07
      vertex -24.9302 -25.4 -7.62939e-07
      vertex -26.6294 -26.7371 -7.62939e-07
    endloop
  endfacet
  facet normal 0 0 -1
    outer loop
      vertex -27.4136 -24.5589 -7.62939e-07
      vertex -26.85 -22.6 -7.62939e-07
      vertex -26.85 -25.4 -7.62939e-07
    endloop
  endfacet
  facet normal 0 0 -1
    outer loop
      vertex -27.8 21.5 -7.62939e-07
      vertex -25.4791 10.6689 -7.62939e-07
      vertex -27.8 -21.5 -7.62939e-07
    endloop
  endfacet
  facet normal 0 0 -1
    outer loop
      vertex -27.198 -25.3009 -7.62939e-07
      vertex -26.85 -25.4 -7.62939e-07
      vertex -26.9362 -26.0279 -7.62939e-07
    endloop
  endfacet
  facet normal -0 0 -1
    outer loop
      vertex -24.9302 -25.4 -7.62939e-07
      vertex -26.9362 -26.0279 -7.62939e-07
      vertex -26.85 -25.4 -7.62939e-07
    endloop
  endfacet
  facet normal 0 0 -1
    outer loop
      vertex 26.85 25.4 -7.62939e-07
      vertex 27.4136 24.5589 -7.62939e-07
      vertex 26.85 22.6 -7.62939e-07
    endloop
  endfacet
  facet normal 0 0 -1
    outer loop
      vertex 27.4136 24.5589 -7.62939e-07
      vertex 26.85 25.4 -7.62939e-07
      vertex 27.198 25.3009 -7.62939e-07
    endloop
  endfacet
  facet normal 0 0 -1
    outer loop
      vertex 27.198 25.3009 -7.62939e-07
      vertex 26.85 25.4 -7.62939e-07
      vertex 26.9362 26.0279 -7.62939e-07
    endloop
  endfacet
  facet normal 0 0 -1
    outer loop
      vertex 24.9302 25.4 -7.62939e-07
      vertex 26.9362 26.0279 -7.62939e-07
      vertex 26.85 25.4 -7.62939e-07
    endloop
  endfacet
  facet normal -0 0 -1
    outer loop
      vertex 26.9362 26.0279 -7.62939e-07
      vertex 24.9302 25.4 -7.62939e-07
      vertex 26.6294 26.7371 -7.62939e-07
    endloop
  endfacet
  facet normal 0 0 -1
    outer loop
      vertex 24.7648 25.6254 -7.62939e-07
      vertex 26.6294 26.7371 -7.62939e-07
      vertex 24.863 25.4988 -7.62939e-07
    endloop
  endfacet
  facet normal -0 0 -1
    outer loop
      vertex 26.6294 26.7371 -7.62939e-07
      vertex 24.6589 25.7456 -7.62939e-07
      vertex 26.2786 27.4256 -7.62939e-07
    endloop
  endfacet
  facet normal 0 0 -1
    outer loop
      vertex 24.4254 25.9648 -7.62939e-07
      vertex 26.2786 27.4256 -7.62939e-07
      vertex 24.5456 25.8589 -7.62939e-07
    endloop
  endfacet
  facet normal 0 0 -1
    outer loop
      vertex 26.6294 26.7371 -7.62939e-07
      vertex 24.9302 25.4 -7.62939e-07
      vertex 24.863 25.4988 -7.62939e-07
    endloop
  endfacet
  facet normal 0 0 -1
    outer loop
      vertex 24.6589 25.7456 -7.62939e-07
      vertex 26.6294 26.7371 -7.62939e-07
      vertex 24.7648 25.6254 -7.62939e-07
    endloop
  endfacet
  facet normal 0 0 -1
    outer loop
      vertex 24.5456 25.8589 -7.62939e-07
      vertex 26.2786 27.4256 -7.62939e-07
      vertex 24.6589 25.7456 -7.62939e-07
    endloop
  endfacet
  facet normal 0 0 -1
    outer loop
      vertex 24.2988 26.063 -7.62939e-07
      vertex 26.2786 27.4256 -7.62939e-07
      vertex 24.4254 25.9648 -7.62939e-07
    endloop
  endfacet
  facet normal -0 0 -1
    outer loop
      vertex 26.2786 27.4256 -7.62939e-07
      vertex 24.2988 26.063 -7.62939e-07
      vertex 25.8852 28.0907 -7.62939e-07
    endloop
  endfacet
  facet normal 0 0 -1
    outer loop
      vertex 24.1663 26.153 -7.62939e-07
      vertex 25.8852 28.0907 -7.62939e-07
      vertex 24.2988 26.063 -7.62939e-07
    endloop
  endfacet
  facet normal 0 0 -1
    outer loop
      vertex 24.0285 26.2346 -7.62939e-07
      vertex 25.8852 28.0907 -7.62939e-07
      vertex 24.1663 26.153 -7.62939e-07
    endloop
  endfacet
  facet normal 0 0 -1
    outer loop
      vertex 23.8857 26.3073 -7.62939e-07
      vertex 25.8852 28.0907 -7.62939e-07
      vertex 24.0285 26.2346 -7.62939e-07
    endloop
  endfacet
  facet normal -0 0 -1
    outer loop
      vertex 25.8852 28.0907 -7.62939e-07
      vertex 23.8857 26.3073 -7.62939e-07
      vertex 25.4509 28.7298 -7.62939e-07
    endloop
  endfacet
  facet normal 0 0 -1
    outer loop
      vertex 23.7387 26.3709 -7.62939e-07
      vertex 25.4509 28.7298 -7.62939e-07
      vertex 23.8857 26.3073 -7.62939e-07
    endloop
  endfacet
  facet normal 0 0 -1
    outer loop
      vertex 23.588 26.4252 -7.62939e-07
      vertex 25.4509 28.7298 -7.62939e-07
      vertex 23.7387 26.3709 -7.62939e-07
    endloop
  endfacet
  facet normal 0 0 -1
    outer loop
      vertex 23.4342 26.4699 -7.62939e-07
      vertex 25.4509 28.7298 -7.62939e-07
      vertex 23.588 26.4252 -7.62939e-07
    endloop
  endfacet
  facet normal -0 0 -1
    outer loop
      vertex 25.4509 28.7298 -7.62939e-07
      vertex 23.4342 26.4699 -7.62939e-07
      vertex 24.9773 29.3403 -7.62939e-07
    endloop
  endfacet
  facet normal 0 0 -1
    outer loop
      vertex 23.2778 26.5048 -7.62939e-07
      vertex 24.9773 29.3403 -7.62939e-07
      vertex 23.4342 26.4699 -7.62939e-07
    endloop
  endfacet
  facet normal 0 0 -1
    outer loop
      vertex 23.1196 26.5299 -7.62939e-07
      vertex 24.9773 29.3403 -7.62939e-07
      vertex 23.2778 26.5048 -7.62939e-07
    endloop
  endfacet
  facet normal -0 0 -1
    outer loop
      vertex 24.9773 29.3403 -7.62939e-07
      vertex 23.1196 26.5299 -7.62939e-07
      vertex 24.4663 29.9199 -7.62939e-07
    endloop
  endfacet
  facet normal 0 0 -1
    outer loop
      vertex 22.9601 26.545 -7.62939e-07
      vertex 24.4663 29.9199 -7.62939e-07
      vertex 23.1196 26.5299 -7.62939e-07
    endloop
  endfacet
  facet normal 0 0 -1
    outer loop
      vertex 22.8 26.55 -7.62939e-07
      vertex 24.4663 29.9199 -7.62939e-07
      vertex 22.9601 26.545 -7.62939e-07
    endloop
  endfacet
  facet normal -0 0 -1
    outer loop
      vertex 24.4663 29.9199 -7.62939e-07
      vertex 22.8 26.55 -7.62939e-07
      vertex 23.9199 30.4663 -7.62939e-07
    endloop
  endfacet
  facet normal 0 0 -1
    outer loop
      vertex 22.6399 26.545 -7.62939e-07
      vertex 23.9199 30.4663 -7.62939e-07
      vertex 22.8 26.55 -7.62939e-07
    endloop
  endfacet
  facet normal 0 0 -1
    outer loop
      vertex 22.4804 26.5299 -7.62939e-07
      vertex 23.9199 30.4663 -7.62939e-07
      vertex 22.6399 26.545 -7.62939e-07
    endloop
  endfacet
  facet normal -0 0 -1
    outer loop
      vertex 23.9199 30.4663 -7.62939e-07
      vertex 22.4804 26.5299 -7.62939e-07
      vertex 23.3403 30.9773 -7.62939e-07
    endloop
  endfacet
  facet normal 0 0 -1
    outer loop
      vertex 22.3222 26.5048 -7.62939e-07
      vertex 23.3403 30.9773 -7.62939e-07
      vertex 22.4804 26.5299 -7.62939e-07
    endloop
  endfacet
  facet normal 0 0 -1
    outer loop
      vertex 22.1658 26.4699 -7.62939e-07
      vertex 23.3403 30.9773 -7.62939e-07
      vertex 22.3222 26.5048 -7.62939e-07
    endloop
  endfacet
  facet normal -0 0 -1
    outer loop
      vertex 23.3403 30.9773 -7.62939e-07
      vertex 22.1658 26.4699 -7.62939e-07
      vertex 22.7298 31.4509 -7.62939e-07
    endloop
  endfacet
  facet normal 0 0 -1
    outer loop
      vertex 22.012 26.4252 -7.62939e-07
      vertex 22.7298 31.4509 -7.62939e-07
      vertex 22.1658 26.4699 -7.62939e-07
    endloop
  endfacet
  facet normal 0 0 -1
    outer loop
      vertex 21.8613 26.3709 -7.62939e-07
      vertex 22.7298 31.4509 -7.62939e-07
      vertex 22.012 26.4252 -7.62939e-07
    endloop
  endfacet
  facet normal -0 0 -1
    outer loop
      vertex 22.7298 31.4509 -7.62939e-07
      vertex 21.8613 26.3709 -7.62939e-07
      vertex 22.0907 31.8852 -7.62939e-07
    endloop
  endfacet
  facet normal 0 0 -1
    outer loop
      vertex 21.7143 26.3073 -7.62939e-07
      vertex 22.0907 31.8852 -7.62939e-07
      vertex 21.8613 26.3709 -7.62939e-07
    endloop
  endfacet
  facet normal 0 0 -1
    outer loop
      vertex 21.5715 26.2346 -7.62939e-07
      vertex 22.0907 31.8852 -7.62939e-07
      vertex 21.7143 26.3073 -7.62939e-07
    endloop
  endfacet
  facet normal 0 0 -1
    outer loop
      vertex 21.4256 32.2786 -7.62939e-07
      vertex 21.5715 26.2346 -7.62939e-07
      vertex 21.4337 26.153 -7.62939e-07
    endloop
  endfacet
  facet normal 0 0 -1
    outer loop
      vertex 21.5715 26.2346 -7.62939e-07
      vertex 21.4256 32.2786 -7.62939e-07
      vertex 22.0907 31.8852 -7.62939e-07
    endloop
  endfacet
  facet normal 0 0 -1
    outer loop
      vertex 20.7371 32.6294 -7.62939e-07
      vertex 21.4337 26.153 -7.62939e-07
      vertex 21.3012 26.063 -7.62939e-07
    endloop
  endfacet
  facet normal 0 0 -1
    outer loop
      vertex 18.75 25.4 -7.62939e-07
      vertex 21.3012 26.063 -7.62939e-07
      vertex 21.1746 25.9648 -7.62939e-07
    endloop
  endfacet
  facet normal 0 0 -1
    outer loop
      vertex 18.75 25.4 -7.62939e-07
      vertex 21.1746 25.9648 -7.62939e-07
      vertex 21.0544 25.8589 -7.62939e-07
    endloop
  endfacet
  facet normal 0 0 -1
    outer loop
      vertex 18.75 25.4 -7.62939e-07
      vertex 21.0544 25.8589 -7.62939e-07
      vertex 20.9411 25.7456 -7.62939e-07
    endloop
  endfacet
  facet normal 0 0 -1
    outer loop
      vertex 18.75 25.4 -7.62939e-07
      vertex 20.9411 25.7456 -7.62939e-07
      vertex 20.8352 25.6254 -7.62939e-07
    endloop
  endfacet
  facet normal 0 0 -1
    outer loop
      vertex 21.4337 26.153 -7.62939e-07
      vertex 20.7371 32.6294 -7.62939e-07
      vertex 21.4256 32.2786 -7.62939e-07
    endloop
  endfacet
  facet normal 0 0 -1
    outer loop
      vertex 18.75 25.4 -7.62939e-07
      vertex 20.8352 25.6254 -7.62939e-07
      vertex 20.737 25.4988 -7.62939e-07
    endloop
  endfacet
  facet normal 0 0 -1
    outer loop
      vertex 18.75 25.4 -7.62939e-07
      vertex 20.737 25.4988 -7.62939e-07
      vertex 20.6698 25.4 -7.62939e-07
    endloop
  endfacet
  facet normal -0 0 -1
    outer loop
      vertex 21.3012 26.063 -7.62939e-07
      vertex 18.75 25.4 -7.62939e-07
      vertex 20.7371 32.6294 -7.62939e-07
    endloop
  endfacet
  facet normal -0 0 -1
    outer loop
      vertex 20.7371 32.6294 -7.62939e-07
      vertex 18.75 25.4 -7.62939e-07
      vertex 20.0279 32.9362 -7.62939e-07
    endloop
  endfacet
  facet normal -0 0 -1
    outer loop
      vertex 20.0279 32.9362 -7.62939e-07
      vertex 18.75 25.4 -7.62939e-07
      vertex 19.3009 33.198 -7.62939e-07
    endloop
  endfacet
  facet normal 0 0 -1
    outer loop
      vertex 18.75 25.4 -7.62939e-07
      vertex 18.5589 33.4136 -7.62939e-07
      vertex 19.3009 33.198 -7.62939e-07
    endloop
  endfacet
  facet normal 0 0 -1
    outer loop
      vertex 15.7446 16.7663 -7.62939e-07
      vertex 20.7667 16.0311 -7.62939e-07
      vertex 16.7663 15.7446 -7.62939e-07
    endloop
  endfacet
  facet normal 0 0 -1
    outer loop
      vertex 20.7667 16.0311 -7.62939e-07
      vertex 15.7446 16.7663 -7.62939e-07
      vertex 18.75 22.6 -7.62939e-07
    endloop
  endfacet
  facet normal 0 0 -1
    outer loop
      vertex 14.6608 17.7218 -7.62939e-07
      vertex 18.75 22.6 -7.62939e-07
      vertex 15.7446 16.7663 -7.62939e-07
    endloop
  endfacet
  facet normal 0 0 -1
    outer loop
      vertex 13.5191 18.6074 -7.62939e-07
      vertex 18.75 22.6 -7.62939e-07
      vertex 14.6608 17.7218 -7.62939e-07
    endloop
  endfacet
  facet normal 0 0 -1
    outer loop
      vertex 12.324 19.4195 -7.62939e-07
      vertex 18.75 22.6 -7.62939e-07
      vertex 13.5191 18.6074 -7.62939e-07
    endloop
  endfacet
  facet normal 0 0 -1
    outer loop
      vertex 11.0803 20.1551 -7.62939e-07
      vertex 18.75 22.6 -7.62939e-07
      vertex 12.324 19.4195 -7.62939e-07
    endloop
  endfacet
  facet normal -0 0 -1
    outer loop
      vertex 18.75 22.6 -7.62939e-07
      vertex 11.0803 20.1551 -7.62939e-07
      vertex 18.75 25.4 -7.62939e-07
    endloop
  endfacet
  facet normal 0 0 -1
    outer loop
      vertex 18.75 25.4 -7.62939e-07
      vertex 17.8048 33.5821 -7.62939e-07
      vertex 18.5589 33.4136 -7.62939e-07
    endloop
  endfacet
  facet normal 0 0 -1
    outer loop
      vertex 18.75 25.4 -7.62939e-07
      vertex 17.0416 33.703 -7.62939e-07
      vertex 17.8048 33.5821 -7.62939e-07
    endloop
  endfacet
  facet normal 0 0 -1
    outer loop
      vertex 18.75 25.4 -7.62939e-07
      vertex 16.2723 33.7757 -7.62939e-07
      vertex 17.0416 33.703 -7.62939e-07
    endloop
  endfacet
  facet normal 0 0 -1
    outer loop
      vertex 18.75 25.4 -7.62939e-07
      vertex 15.5 33.8 -7.62939e-07
      vertex 16.2723 33.7757 -7.62939e-07
    endloop
  endfacet
  facet normal 0 0 -1
    outer loop
      vertex 9.79292 20.811 -7.62939e-07
      vertex 18.75 25.4 -7.62939e-07
      vertex 11.0803 20.1551 -7.62939e-07
    endloop
  endfacet
  facet normal -0 0 -1
    outer loop
      vertex 18.75 25.4 -7.62939e-07
      vertex 9.79292 20.811 -7.62939e-07
      vertex 15.5 33.8 -7.62939e-07
    endloop
  endfacet
  facet normal 0 0 -1
    outer loop
      vertex 8.46686 21.3849 -7.62939e-07
      vertex 15.5 33.8 -7.62939e-07
      vertex 9.79292 20.811 -7.62939e-07
    endloop
  endfacet
  facet normal 0 0 -1
    outer loop
      vertex 7.10739 21.8743 -7.62939e-07
      vertex 15.5 33.8 -7.62939e-07
      vertex 8.46686 21.3849 -7.62939e-07
    endloop
  endfacet
  facet normal 0 0 -1
    outer loop
      vertex 5.71987 22.2774 -7.62939e-07
      vertex 15.5 33.8 -7.62939e-07
      vertex 7.10739 21.8743 -7.62939e-07
    endloop
  endfacet
  facet normal 0 0 -1
    outer loop
      vertex 4.30977 22.5926 -7.62939e-07
      vertex 15.5 33.8 -7.62939e-07
      vertex 5.71987 22.2774 -7.62939e-07
    endloop
  endfacet
  facet normal 0 0 -1
    outer loop
      vertex 2.88266 22.8186 -7.62939e-07
      vertex 15.5 33.8 -7.62939e-07
      vertex 4.30977 22.5926 -7.62939e-07
    endloop
  endfacet
  facet normal 0 0 -1
    outer loop
      vertex 1.44418 22.9546 -7.62939e-07
      vertex 15.5 33.8 -7.62939e-07
      vertex 2.88266 22.8186 -7.62939e-07
    endloop
  endfacet
  facet normal 0 0 -1
    outer loop
      vertex 0 23 -7.62939e-07
      vertex 15.5 33.8 -7.62939e-07
      vertex 1.44418 22.9546 -7.62939e-07
    endloop
  endfacet
  facet normal 0 0 -1
    outer loop
      vertex -15.5 33.8 -7.62939e-07
      vertex 0 23 -7.62939e-07
      vertex -1.44418 22.9546 -7.62939e-07
    endloop
  endfacet
  facet normal 0 0 -1
    outer loop
      vertex -15.5 33.8 -7.62939e-07
      vertex -1.44418 22.9546 -7.62939e-07
      vertex -2.88266 22.8186 -7.62939e-07
    endloop
  endfacet
  facet normal 0 0 -1
    outer loop
      vertex -15.5 33.8 -7.62939e-07
      vertex -2.88266 22.8186 -7.62939e-07
      vertex -4.30977 22.5926 -7.62939e-07
    endloop
  endfacet
  facet normal 0 0 -1
    outer loop
      vertex -15.5 33.8 -7.62939e-07
      vertex -4.30977 22.5926 -7.62939e-07
      vertex -5.71987 22.2774 -7.62939e-07
    endloop
  endfacet
  facet normal 0 0 -1
    outer loop
      vertex -15.5 33.8 -7.62939e-07
      vertex -5.71987 22.2774 -7.62939e-07
      vertex -7.10739 21.8743 -7.62939e-07
    endloop
  endfacet
  facet normal 0 0 -1
    outer loop
      vertex -15.5 33.8 -7.62939e-07
      vertex -7.10739 21.8743 -7.62939e-07
      vertex -8.46686 21.3849 -7.62939e-07
    endloop
  endfacet
  facet normal 0 0 -1
    outer loop
      vertex -15.5 33.8 -7.62939e-07
      vertex -8.46686 21.3849 -7.62939e-07
      vertex -9.79292 20.811 -7.62939e-07
    endloop
  endfacet
  facet normal 0 0 -1
    outer loop
      vertex -18.75 25.4 -7.62939e-07
      vertex -9.79292 20.811 -7.62939e-07
      vertex -11.0803 20.1551 -7.62939e-07
    endloop
  endfacet
  facet normal 0 0 -1
    outer loop
      vertex 0 23 -7.62939e-07
      vertex -15.5 33.8 -7.62939e-07
      vertex 15.5 33.8 -7.62939e-07
    endloop
  endfacet
  facet normal 0 0 -1
    outer loop
      vertex -18.75 22.6 -7.62939e-07
      vertex -11.0803 20.1551 -7.62939e-07
      vertex -12.324 19.4195 -7.62939e-07
    endloop
  endfacet
  facet normal 0 0 -1
    outer loop
      vertex -18.75 22.6 -7.62939e-07
      vertex -12.324 19.4195 -7.62939e-07
      vertex -13.5191 18.6074 -7.62939e-07
    endloop
  endfacet
  facet normal 0 0 -1
    outer loop
      vertex -18.75 22.6 -7.62939e-07
      vertex -13.5191 18.6074 -7.62939e-07
      vertex -14.6608 17.7218 -7.62939e-07
    endloop
  endfacet
  facet normal 0 0 -1
    outer loop
      vertex -18.75 22.6 -7.62939e-07
      vertex -14.6608 17.7218 -7.62939e-07
      vertex -15.7446 16.7663 -7.62939e-07
    endloop
  endfacet
  facet normal 0 0 -1
    outer loop
      vertex -9.79292 20.811 -7.62939e-07
      vertex -18.75 25.4 -7.62939e-07
      vertex -15.5 33.8 -7.62939e-07
    endloop
  endfacet
  facet normal 0 0 -1
    outer loop
      vertex -18.75 22.6 -7.62939e-07
      vertex -15.7446 16.7663 -7.62939e-07
      vertex -16.7663 15.7446 -7.62939e-07
    endloop
  endfacet
  facet normal 0 0 -1
    outer loop
      vertex -15.5 33.8 -7.62939e-07
      vertex -18.75 25.4 -7.62939e-07
      vertex -16.2723 33.7757 -7.62939e-07
    endloop
  endfacet
  facet normal 0 0 -1
    outer loop
      vertex -18.75 22.6 -7.62939e-07
      vertex -16.7663 15.7446 -7.62939e-07
      vertex -17.7218 14.6608 -7.62939e-07
    endloop
  endfacet
  facet normal 0 0 -1
    outer loop
      vertex -11.0803 20.1551 -7.62939e-07
      vertex -18.75 22.6 -7.62939e-07
      vertex -18.75 25.4 -7.62939e-07
    endloop
  endfacet
  facet normal 0 0 -1
    outer loop
      vertex -17.0416 33.703 -7.62939e-07
      vertex -18.75 25.4 -7.62939e-07
      vertex -17.8048 33.5821 -7.62939e-07
    endloop
  endfacet
  facet normal 0 0 -1
    outer loop
      vertex -18.75 22.6 -7.62939e-07
      vertex -17.7218 14.6608 -7.62939e-07
      vertex -18.6074 13.5191 -7.62939e-07
    endloop
  endfacet
  facet normal 0 0 -1
    outer loop
      vertex -16.2723 33.7757 -7.62939e-07
      vertex -18.75 25.4 -7.62939e-07
      vertex -17.0416 33.703 -7.62939e-07
    endloop
  endfacet
  facet normal 0 0 -1
    outer loop
      vertex -17.8048 33.5821 -7.62939e-07
      vertex -18.75 25.4 -7.62939e-07
      vertex -18.5589 33.4136 -7.62939e-07
    endloop
  endfacet
  facet normal 0 0 -1
    outer loop
      vertex -18.75 25.4 -7.62939e-07
      vertex -19.3009 33.198 -7.62939e-07
      vertex -18.5589 33.4136 -7.62939e-07
    endloop
  endfacet
  facet normal 0 0 -1
    outer loop
      vertex -18.75 25.4 -7.62939e-07
      vertex -20.0279 32.9362 -7.62939e-07
      vertex -19.3009 33.198 -7.62939e-07
    endloop
  endfacet
  facet normal 0 0 -1
    outer loop
      vertex -20.737 25.4988 -7.62939e-07
      vertex -18.75 25.4 -7.62939e-07
      vertex -20.6698 25.4 -7.62939e-07
    endloop
  endfacet
  facet normal 0 0 -1
    outer loop
      vertex -20.8352 25.6254 -7.62939e-07
      vertex -18.75 25.4 -7.62939e-07
      vertex -20.737 25.4988 -7.62939e-07
    endloop
  endfacet
  facet normal 0 0 -1
    outer loop
      vertex -20.9411 25.7456 -7.62939e-07
      vertex -18.75 25.4 -7.62939e-07
      vertex -20.8352 25.6254 -7.62939e-07
    endloop
  endfacet
  facet normal 0 0 -1
    outer loop
      vertex -21.0544 25.8589 -7.62939e-07
      vertex -18.75 25.4 -7.62939e-07
      vertex -20.9411 25.7456 -7.62939e-07
    endloop
  endfacet
  facet normal 0 0 -1
    outer loop
      vertex -21.1746 25.9648 -7.62939e-07
      vertex -18.75 25.4 -7.62939e-07
      vertex -21.0544 25.8589 -7.62939e-07
    endloop
  endfacet
  facet normal 0 0 -1
    outer loop
      vertex -21.3012 26.063 -7.62939e-07
      vertex -18.75 25.4 -7.62939e-07
      vertex -21.1746 25.9648 -7.62939e-07
    endloop
  endfacet
  facet normal 0 0 -1
    outer loop
      vertex -18.75 25.4 -7.62939e-07
      vertex -20.7371 32.6294 -7.62939e-07
      vertex -20.0279 32.9362 -7.62939e-07
    endloop
  endfacet
  facet normal 0 0 -1
    outer loop
      vertex -18.75 25.4 -7.62939e-07
      vertex -21.3012 26.063 -7.62939e-07
      vertex -20.7371 32.6294 -7.62939e-07
    endloop
  endfacet
  facet normal 0 0 -1
    outer loop
      vertex -21.4337 26.153 -7.62939e-07
      vertex -20.7371 32.6294 -7.62939e-07
      vertex -21.3012 26.063 -7.62939e-07
    endloop
  endfacet
  facet normal 0 0 -1
    outer loop
      vertex -20.7371 32.6294 -7.62939e-07
      vertex -21.4337 26.153 -7.62939e-07
      vertex -21.4256 32.2786 -7.62939e-07
    endloop
  endfacet
  facet normal 0 0 -1
    outer loop
      vertex -21.5715 26.2346 -7.62939e-07
      vertex -21.4256 32.2786 -7.62939e-07
      vertex -21.4337 26.153 -7.62939e-07
    endloop
  endfacet
  facet normal 0 0 -1
    outer loop
      vertex -22.0907 31.8852 -7.62939e-07
      vertex -21.5715 26.2346 -7.62939e-07
      vertex -21.7143 26.3073 -7.62939e-07
    endloop
  endfacet
  facet normal 0 0 -1
    outer loop
      vertex -22.0907 31.8852 -7.62939e-07
      vertex -21.7143 26.3073 -7.62939e-07
      vertex -21.8613 26.3709 -7.62939e-07
    endloop
  endfacet
  facet normal 0 0 -1
    outer loop
      vertex -22.7298 31.4509 -7.62939e-07
      vertex -21.8613 26.3709 -7.62939e-07
      vertex -22.012 26.4252 -7.62939e-07
    endloop
  endfacet
  facet normal 0 0 -1
    outer loop
      vertex -21.5715 26.2346 -7.62939e-07
      vertex -22.0907 31.8852 -7.62939e-07
      vertex -21.4256 32.2786 -7.62939e-07
    endloop
  endfacet
  facet normal 0 0 -1
    outer loop
      vertex -22.7298 31.4509 -7.62939e-07
      vertex -22.012 26.4252 -7.62939e-07
      vertex -22.1658 26.4699 -7.62939e-07
    endloop
  endfacet
  facet normal 0 0 -1
    outer loop
      vertex -23.3403 30.9773 -7.62939e-07
      vertex -22.1658 26.4699 -7.62939e-07
      vertex -22.3222 26.5048 -7.62939e-07
    endloop
  endfacet
  facet normal 0 0 -1
    outer loop
      vertex -23.3403 30.9773 -7.62939e-07
      vertex -22.3222 26.5048 -7.62939e-07
      vertex -22.4804 26.5299 -7.62939e-07
    endloop
  endfacet
  facet normal 0 0 -1
    outer loop
      vertex -23.9199 30.4663 -7.62939e-07
      vertex -22.4804 26.5299 -7.62939e-07
      vertex -22.6399 26.545 -7.62939e-07
    endloop
  endfacet
  facet normal 0 0 -1
    outer loop
      vertex -21.8613 26.3709 -7.62939e-07
      vertex -22.7298 31.4509 -7.62939e-07
      vertex -22.0907 31.8852 -7.62939e-07
    endloop
  endfacet
  facet normal 0 0 -1
    outer loop
      vertex -23.9199 30.4663 -7.62939e-07
      vertex -22.6399 26.545 -7.62939e-07
      vertex -22.8 26.55 -7.62939e-07
    endloop
  endfacet
  facet normal 0 0 -1
    outer loop
      vertex -24.4663 29.9199 -7.62939e-07
      vertex -22.8 26.55 -7.62939e-07
      vertex -22.9601 26.545 -7.62939e-07
    endloop
  endfacet
  facet normal 0 0 -1
    outer loop
      vertex -24.4663 29.9199 -7.62939e-07
      vertex -22.9601 26.545 -7.62939e-07
      vertex -23.1196 26.5299 -7.62939e-07
    endloop
  endfacet
  facet normal 0 0 -1
    outer loop
      vertex -24.9773 29.3403 -7.62939e-07
      vertex -23.1196 26.5299 -7.62939e-07
      vertex -23.2778 26.5048 -7.62939e-07
    endloop
  endfacet
  facet normal 0 0 -1
    outer loop
      vertex -22.1658 26.4699 -7.62939e-07
      vertex -23.3403 30.9773 -7.62939e-07
      vertex -22.7298 31.4509 -7.62939e-07
    endloop
  endfacet
  facet normal 0 0 -1
    outer loop
      vertex -24.9773 29.3403 -7.62939e-07
      vertex -23.2778 26.5048 -7.62939e-07
      vertex -23.4342 26.4699 -7.62939e-07
    endloop
  endfacet
  facet normal 0 0 -1
    outer loop
      vertex -25.4509 28.7298 -7.62939e-07
      vertex -23.4342 26.4699 -7.62939e-07
      vertex -23.588 26.4252 -7.62939e-07
    endloop
  endfacet
  facet normal 0 0 -1
    outer loop
      vertex -25.4509 28.7298 -7.62939e-07
      vertex -23.588 26.4252 -7.62939e-07
      vertex -23.7387 26.3709 -7.62939e-07
    endloop
  endfacet
  facet normal 0 0 -1
    outer loop
      vertex -25.4509 28.7298 -7.62939e-07
      vertex -23.7387 26.3709 -7.62939e-07
      vertex -23.8857 26.3073 -7.62939e-07
    endloop
  endfacet
  facet normal 0 0 -1
    outer loop
      vertex -22.4804 26.5299 -7.62939e-07
      vertex -23.9199 30.4663 -7.62939e-07
      vertex -23.3403 30.9773 -7.62939e-07
    endloop
  endfacet
  facet normal 0 0 -1
    outer loop
      vertex -25.8852 28.0907 -7.62939e-07
      vertex -23.8857 26.3073 -7.62939e-07
      vertex -24.0285 26.2346 -7.62939e-07
    endloop
  endfacet
  facet normal 0 0 -1
    outer loop
      vertex -25.8852 28.0907 -7.62939e-07
      vertex -24.0285 26.2346 -7.62939e-07
      vertex -24.1663 26.153 -7.62939e-07
    endloop
  endfacet
  facet normal 0 0 -1
    outer loop
      vertex -25.8852 28.0907 -7.62939e-07
      vertex -24.1663 26.153 -7.62939e-07
      vertex -24.2988 26.063 -7.62939e-07
    endloop
  endfacet
  facet normal 0 0 -1
    outer loop
      vertex -26.2786 27.4256 -7.62939e-07
      vertex -24.2988 26.063 -7.62939e-07
      vertex -24.4254 25.9648 -7.62939e-07
    endloop
  endfacet
  facet normal 0 0 -1
    outer loop
      vertex -22.8 26.55 -7.62939e-07
      vertex -24.4663 29.9199 -7.62939e-07
      vertex -23.9199 30.4663 -7.62939e-07
    endloop
  endfacet
  facet normal 0 0 -1
    outer loop
      vertex -26.2786 27.4256 -7.62939e-07
      vertex -24.4254 25.9648 -7.62939e-07
      vertex -24.5456 25.8589 -7.62939e-07
    endloop
  endfacet
  facet normal 0 0 -1
    outer loop
      vertex -26.2786 27.4256 -7.62939e-07
      vertex -24.5456 25.8589 -7.62939e-07
      vertex -24.6589 25.7456 -7.62939e-07
    endloop
  endfacet
  facet normal 0 0 -1
    outer loop
      vertex -26.6294 26.7371 -7.62939e-07
      vertex -24.6589 25.7456 -7.62939e-07
      vertex -24.7648 25.6254 -7.62939e-07
    endloop
  endfacet
  facet normal 0 0 -1
    outer loop
      vertex -26.6294 26.7371 -7.62939e-07
      vertex -24.7648 25.6254 -7.62939e-07
      vertex -24.863 25.4988 -7.62939e-07
    endloop
  endfacet
  facet normal 0 0 -1
    outer loop
      vertex -26.6294 26.7371 -7.62939e-07
      vertex -24.863 25.4988 -7.62939e-07
      vertex -24.9302 25.4 -7.62939e-07
    endloop
  endfacet
  facet normal 0 0 -1
    outer loop
      vertex -23.1196 26.5299 -7.62939e-07
      vertex -24.9773 29.3403 -7.62939e-07
      vertex -24.4663 29.9199 -7.62939e-07
    endloop
  endfacet
  facet normal 0 0 -1
    outer loop
      vertex -23.4342 26.4699 -7.62939e-07
      vertex -25.4509 28.7298 -7.62939e-07
      vertex -24.9773 29.3403 -7.62939e-07
    endloop
  endfacet
  facet normal 0 0 -1
    outer loop
      vertex -23.8857 26.3073 -7.62939e-07
      vertex -25.8852 28.0907 -7.62939e-07
      vertex -25.4509 28.7298 -7.62939e-07
    endloop
  endfacet
  facet normal 0 0 -1
    outer loop
      vertex -24.2988 26.063 -7.62939e-07
      vertex -26.2786 27.4256 -7.62939e-07
      vertex -25.8852 28.0907 -7.62939e-07
    endloop
  endfacet
  facet normal 0 0 -1
    outer loop
      vertex -24.6589 25.7456 -7.62939e-07
      vertex -26.6294 26.7371 -7.62939e-07
      vertex -26.2786 27.4256 -7.62939e-07
    endloop
  endfacet
  facet normal 0 0 -1
    outer loop
      vertex -26.9362 26.0279 -7.62939e-07
      vertex -24.9302 25.4 -7.62939e-07
      vertex -26.85 25.4 -7.62939e-07
    endloop
  endfacet
  facet normal 0 0 -1
    outer loop
      vertex -24.9302 25.4 -7.62939e-07
      vertex -26.9362 26.0279 -7.62939e-07
      vertex -26.6294 26.7371 -7.62939e-07
    endloop
  endfacet
  facet normal 0 0 -1
    outer loop
      vertex -24.863 22.5012 -7.62939e-07
      vertex -26.85 22.6 -7.62939e-07
      vertex -24.9302 22.6 -7.62939e-07
    endloop
  endfacet
  facet normal 0 0 -1
    outer loop
      vertex -27.4136 -24.5589 -7.62939e-07
      vertex -26.85 -25.4 -7.62939e-07
      vertex -27.198 -25.3009 -7.62939e-07
    endloop
  endfacet
  facet normal 0 -0 -1
    outer loop
      vertex -27.7757 22.2723 -7.62939e-07
      vertex -26.85 22.6 -7.62939e-07
      vertex -27.8 21.5 -7.62939e-07
    endloop
  endfacet
  facet normal 0 0 -1
    outer loop
      vertex -26.85 -22.6 -7.62939e-07
      vertex -27.4136 -24.5589 -7.62939e-07
      vertex -27.5821 -23.8048 -7.62939e-07
    endloop
  endfacet
  facet normal 0 -0 -1
    outer loop
      vertex -27.703 23.0416 -7.62939e-07
      vertex -26.85 22.6 -7.62939e-07
      vertex -27.7757 22.2723 -7.62939e-07
    endloop
  endfacet
  facet normal 0 0 -1
    outer loop
      vertex -26.85 -22.6 -7.62939e-07
      vertex -27.5821 -23.8048 -7.62939e-07
      vertex -27.703 -23.0416 -7.62939e-07
    endloop
  endfacet
  facet normal -0 0 -1
    outer loop
      vertex -26.85 25.4 -7.62939e-07
      vertex -27.198 25.3009 -7.62939e-07
      vertex -26.9362 26.0279 -7.62939e-07
    endloop
  endfacet
  facet normal -0 0 -1
    outer loop
      vertex -26.85 -22.6 -7.62939e-07
      vertex -27.703 -23.0416 -7.62939e-07
      vertex -27.7757 -22.2723 -7.62939e-07
    endloop
  endfacet
  facet normal 0 0 -1
    outer loop
      vertex -26.85 25.4 -7.62939e-07
      vertex -27.4136 24.5589 -7.62939e-07
      vertex -27.198 25.3009 -7.62939e-07
    endloop
  endfacet
  facet normal 0 0 -1
    outer loop
      vertex -26.85 -22.6 -7.62939e-07
      vertex -27.7757 -22.2723 -7.62939e-07
      vertex -27.8 -21.5 -7.62939e-07
    endloop
  endfacet
  facet normal 0 0 -1
    outer loop
      vertex -26.85 22.6 -7.62939e-07
      vertex -27.4136 24.5589 -7.62939e-07
      vertex -26.85 25.4 -7.62939e-07
    endloop
  endfacet
  facet normal 0 -0 -1
    outer loop
      vertex -27.4136 24.5589 -7.62939e-07
      vertex -26.85 22.6 -7.62939e-07
      vertex -27.5821 23.8048 -7.62939e-07
    endloop
  endfacet
  facet normal 0 -0 -1
    outer loop
      vertex -27.5821 23.8048 -7.62939e-07
      vertex -26.85 22.6 -7.62939e-07
      vertex -27.703 23.0416 -7.62939e-07
    endloop
  endfacet
  facet normal 0 0 -1
    outer loop
      vertex 21.9791 16.7311 -7.62939e-07
      vertex 27.8 21.5 -7.62939e-07
      vertex 25.4791 10.6689 -7.62939e-07
    endloop
  endfacet
  facet normal 0 -0 -1
    outer loop
      vertex 23.8857 21.6927 -7.62939e-07
      vertex 27.8 21.5 -7.62939e-07
      vertex 21.9791 16.7311 -7.62939e-07
    endloop
  endfacet
  facet normal -0 0 -1
    outer loop
      vertex 26.85 22.6 -7.62939e-07
      vertex 24.863 22.5012 -7.62939e-07
      vertex 24.9302 22.6 -7.62939e-07
    endloop
  endfacet
  facet normal 0 0 -1
    outer loop
      vertex 26.85 22.6 -7.62939e-07
      vertex 24.7648 22.3746 -7.62939e-07
      vertex 24.863 22.5012 -7.62939e-07
    endloop
  endfacet
  facet normal 0 0 -1
    outer loop
      vertex 26.85 22.6 -7.62939e-07
      vertex 24.6589 22.2544 -7.62939e-07
      vertex 24.7648 22.3746 -7.62939e-07
    endloop
  endfacet
  facet normal 0 0 -1
    outer loop
      vertex 27.8 21.5 -7.62939e-07
      vertex 24.6589 22.2544 -7.62939e-07
      vertex 26.85 22.6 -7.62939e-07
    endloop
  endfacet
  facet normal 0 -0 -1
    outer loop
      vertex 24.6589 22.2544 -7.62939e-07
      vertex 27.8 21.5 -7.62939e-07
      vertex 24.5456 22.1411 -7.62939e-07
    endloop
  endfacet
  facet normal 0 -0 -1
    outer loop
      vertex 24.2988 21.937 -7.62939e-07
      vertex 27.8 21.5 -7.62939e-07
      vertex 24.1663 21.847 -7.62939e-07
    endloop
  endfacet
  facet normal 0 -0 -1
    outer loop
      vertex 24.5456 22.1411 -7.62939e-07
      vertex 27.8 21.5 -7.62939e-07
      vertex 24.4254 22.0352 -7.62939e-07
    endloop
  endfacet
  facet normal 0 -0 -1
    outer loop
      vertex 24.4254 22.0352 -7.62939e-07
      vertex 27.8 21.5 -7.62939e-07
      vertex 24.2988 21.937 -7.62939e-07
    endloop
  endfacet
  facet normal 0 0 -1
    outer loop
      vertex 27.8 21.5 -7.62939e-07
      vertex 24.0285 21.7654 -7.62939e-07
      vertex 24.1663 21.847 -7.62939e-07
    endloop
  endfacet
  facet normal 0 0 -1
    outer loop
      vertex 27.8 21.5 -7.62939e-07
      vertex 23.8857 21.6927 -7.62939e-07
      vertex 24.0285 21.7654 -7.62939e-07
    endloop
  endfacet
  facet normal 0 0 -1
    outer loop
      vertex 23.8857 21.6927 -7.62939e-07
      vertex 21.9791 16.7311 -7.62939e-07
      vertex 23.7387 21.6291 -7.62939e-07
    endloop
  endfacet
  facet normal 0 0 -1
    outer loop
      vertex 23.7387 21.6291 -7.62939e-07
      vertex 21.9791 16.7311 -7.62939e-07
      vertex 23.588 21.5748 -7.62939e-07
    endloop
  endfacet
  facet normal 0 0 -1
    outer loop
      vertex 23.588 21.5748 -7.62939e-07
      vertex 21.9791 16.7311 -7.62939e-07
      vertex 23.4342 21.5301 -7.62939e-07
    endloop
  endfacet
  facet normal 0 0 -1
    outer loop
      vertex 23.4342 21.5301 -7.62939e-07
      vertex 21.9791 16.7311 -7.62939e-07
      vertex 23.2778 21.4952 -7.62939e-07
    endloop
  endfacet
  facet normal 0 0 -1
    outer loop
      vertex 23.2778 21.4952 -7.62939e-07
      vertex 21.9791 16.7311 -7.62939e-07
      vertex 23.1196 21.4701 -7.62939e-07
    endloop
  endfacet
  facet normal 0 0 -1
    outer loop
      vertex 23.1196 21.4701 -7.62939e-07
      vertex 21.9791 16.7311 -7.62939e-07
      vertex 22.9601 21.455 -7.62939e-07
    endloop
  endfacet
  facet normal 0 0 -1
    outer loop
      vertex 22.9601 21.455 -7.62939e-07
      vertex 21.9791 16.7311 -7.62939e-07
      vertex 22.8 21.45 -7.62939e-07
    endloop
  endfacet
  facet normal -0 0 -1
    outer loop
      vertex 22.8 21.45 -7.62939e-07
      vertex 21.9791 16.7311 -7.62939e-07
      vertex 22.6399 21.455 -7.62939e-07
    endloop
  endfacet
  facet normal -0 0 -1
    outer loop
      vertex 22.6399 21.455 -7.62939e-07
      vertex 21.9791 16.7311 -7.62939e-07
      vertex 22.4804 21.4701 -7.62939e-07
    endloop
  endfacet
  facet normal -0 0 -1
    outer loop
      vertex 22.4804 21.4701 -7.62939e-07
      vertex 21.9791 16.7311 -7.62939e-07
      vertex 22.3222 21.4952 -7.62939e-07
    endloop
  endfacet
  facet normal -0 0 -1
    outer loop
      vertex 22.3222 21.4952 -7.62939e-07
      vertex 21.9791 16.7311 -7.62939e-07
      vertex 22.1658 21.5301 -7.62939e-07
    endloop
  endfacet
  facet normal -0 0 -1
    outer loop
      vertex 22.1658 21.5301 -7.62939e-07
      vertex 21.9791 16.7311 -7.62939e-07
      vertex 22.012 21.5748 -7.62939e-07
    endloop
  endfacet
  facet normal 0 0 -1
    outer loop
      vertex 21.9791 16.7311 -7.62939e-07
      vertex 21.8613 21.6291 -7.62939e-07
      vertex 22.012 21.5748 -7.62939e-07
    endloop
  endfacet
  facet normal 0 0 -1
    outer loop
      vertex 21.9791 16.7311 -7.62939e-07
      vertex 21.7143 21.6927 -7.62939e-07
      vertex 21.8613 21.6291 -7.62939e-07
    endloop
  endfacet
  facet normal 0 0 -1
    outer loop
      vertex 21.9791 16.7311 -7.62939e-07
      vertex 21.5715 21.7654 -7.62939e-07
      vertex 21.7143 21.6927 -7.62939e-07
    endloop
  endfacet
  facet normal 0 0 -1
    outer loop
      vertex 21.9791 16.7311 -7.62939e-07
      vertex 21.4337 21.847 -7.62939e-07
      vertex 21.5715 21.7654 -7.62939e-07
    endloop
  endfacet
  facet normal 0 0 -1
    outer loop
      vertex 20.7667 16.0311 -7.62939e-07
      vertex 21.4337 21.847 -7.62939e-07
      vertex 21.9791 16.7311 -7.62939e-07
    endloop
  endfacet
  facet normal -0 0 -1
    outer loop
      vertex 21.4337 21.847 -7.62939e-07
      vertex 20.7667 16.0311 -7.62939e-07
      vertex 21.3012 21.937 -7.62939e-07
    endloop
  endfacet
  facet normal 0 0 -1
    outer loop
      vertex 18.75 22.6 -7.62939e-07
      vertex 21.3012 21.937 -7.62939e-07
      vertex 20.7667 16.0311 -7.62939e-07
    endloop
  endfacet
  facet normal 0 0 -1
    outer loop
      vertex 21.3012 21.937 -7.62939e-07
      vertex 18.75 22.6 -7.62939e-07
      vertex 21.1746 22.0352 -7.62939e-07
    endloop
  endfacet
  facet normal 0 0 -1
    outer loop
      vertex 21.1746 22.0352 -7.62939e-07
      vertex 18.75 22.6 -7.62939e-07
      vertex 21.0544 22.1411 -7.62939e-07
    endloop
  endfacet
  facet normal 0 0 -1
    outer loop
      vertex 21.0544 22.1411 -7.62939e-07
      vertex 18.75 22.6 -7.62939e-07
      vertex 20.9411 22.2544 -7.62939e-07
    endloop
  endfacet
  facet normal 0 0 -1
    outer loop
      vertex 20.9411 22.2544 -7.62939e-07
      vertex 18.75 22.6 -7.62939e-07
      vertex 20.8352 22.3746 -7.62939e-07
    endloop
  endfacet
  facet normal 0 0 -1
    outer loop
      vertex 22.8186 2.88266 -7.62939e-07
      vertex 25.4791 10.6689 -7.62939e-07
      vertex 22.9546 1.44418 -7.62939e-07
    endloop
  endfacet
  facet normal 0 0 -1
    outer loop
      vertex 22.5926 4.30977 -7.62939e-07
      vertex 25.4791 10.6689 -7.62939e-07
      vertex 22.8186 2.88266 -7.62939e-07
    endloop
  endfacet
  facet normal 0 0 -1
    outer loop
      vertex 25.4791 10.6689 -7.62939e-07
      vertex 22.5926 4.30977 -7.62939e-07
      vertex 24.2667 9.96891 -7.62939e-07
    endloop
  endfacet
  facet normal 0 0 -1
    outer loop
      vertex 22.2774 5.71987 -7.62939e-07
      vertex 24.2667 9.96891 -7.62939e-07
      vertex 22.5926 4.30977 -7.62939e-07
    endloop
  endfacet
  facet normal 0 0 -1
    outer loop
      vertex 21.8743 7.10739 -7.62939e-07
      vertex 24.2667 9.96891 -7.62939e-07
      vertex 22.2774 5.71987 -7.62939e-07
    endloop
  endfacet
  facet normal 0 0 -1
    outer loop
      vertex 21.3849 8.46686 -7.62939e-07
      vertex 24.2667 9.96891 -7.62939e-07
      vertex 21.8743 7.10739 -7.62939e-07
    endloop
  endfacet
  facet normal 0 0 -1
    outer loop
      vertex 20.811 9.79292 -7.62939e-07
      vertex 24.2667 9.96891 -7.62939e-07
      vertex 21.3849 8.46686 -7.62939e-07
    endloop
  endfacet
  facet normal 0 0 -1
    outer loop
      vertex 20.1551 11.0803 -7.62939e-07
      vertex 24.2667 9.96891 -7.62939e-07
      vertex 20.811 9.79292 -7.62939e-07
    endloop
  endfacet
  facet normal 0 0 -1
    outer loop
      vertex 20.8352 22.3746 -7.62939e-07
      vertex 18.75 22.6 -7.62939e-07
      vertex 20.737 22.5012 -7.62939e-07
    endloop
  endfacet
  facet normal 0 0 -1
    outer loop
      vertex 24.2667 9.96891 -7.62939e-07
      vertex 20.1551 11.0803 -7.62939e-07
      vertex 20.7667 16.0311 -7.62939e-07
    endloop
  endfacet
  facet normal 0 0 -1
    outer loop
      vertex 19.4195 12.324 -7.62939e-07
      vertex 20.7667 16.0311 -7.62939e-07
      vertex 20.1551 11.0803 -7.62939e-07
    endloop
  endfacet
  facet normal 0 0 -1
    outer loop
      vertex 18.6074 13.5191 -7.62939e-07
      vertex 20.7667 16.0311 -7.62939e-07
      vertex 19.4195 12.324 -7.62939e-07
    endloop
  endfacet
  facet normal 0 0 -1
    outer loop
      vertex 17.7218 14.6608 -7.62939e-07
      vertex 20.7667 16.0311 -7.62939e-07
      vertex 18.6074 13.5191 -7.62939e-07
    endloop
  endfacet
  facet normal 0 0 -1
    outer loop
      vertex 16.7663 15.7446 -7.62939e-07
      vertex 20.7667 16.0311 -7.62939e-07
      vertex 17.7218 14.6608 -7.62939e-07
    endloop
  endfacet
  facet normal 0 0 -1
    outer loop
      vertex 20.737 22.5012 -7.62939e-07
      vertex 18.75 22.6 -7.62939e-07
      vertex 20.6698 22.6 -7.62939e-07
    endloop
  endfacet
  facet normal -0.995564 -0.0940823 0
    outer loop
      vertex -27.703 -23.0416 -7.62939e-07
      vertex -27.7757 -22.2723 2.4
      vertex -27.7757 -22.2723 -7.62939e-07
    endloop
  endfacet
  facet normal -0.995564 -0.0940823 0
    outer loop
      vertex -27.7757 -22.2723 2.4
      vertex -27.703 -23.0416 -7.62939e-07
      vertex -27.703 -23.0416 2.4
    endloop
  endfacet
  facet normal -0.975934 -0.218068 0
    outer loop
      vertex -27.4136 -24.5589 -7.62939e-07
      vertex -27.5821 -23.8048 2.4
      vertex -27.5821 -23.8048 -7.62939e-07
    endloop
  endfacet
  facet normal -0.975934 -0.218068 0
    outer loop
      vertex -27.5821 -23.8048 2.4
      vertex -27.4136 -24.5589 -7.62939e-07
      vertex -27.4136 -24.5589 2.4
    endloop
  endfacet
  facet normal -0.940854 -0.338811 0
    outer loop
      vertex -26.9362 -26.0279 -7.62939e-07
      vertex -27.198 -25.3009 2.4
      vertex -27.198 -25.3009 -7.62939e-07
    endloop
  endfacet
  facet normal -0.940854 -0.338811 0
    outer loop
      vertex -27.198 -25.3009 2.4
      vertex -26.9362 -26.0279 -7.62939e-07
      vertex -26.9362 -26.0279 2.4
    endloop
  endfacet
  facet normal -0.999505 0.0314489 0
    outer loop
      vertex -27.8 21.5 -7.62939e-07
      vertex -27.7757 22.2723 2.4
      vertex -27.7757 22.2723 -7.62939e-07
    endloop
  endfacet
  facet normal -0.999505 0.0314489 0
    outer loop
      vertex -27.7757 22.2723 2.4
      vertex -27.8 21.5 -7.62939e-07
      vertex -27.8 21.5 2.4
    endloop
  endfacet
  facet normal -0.891011 -0.453982 0
    outer loop
      vertex -26.2786 -27.4256 -7.62939e-07
      vertex -26.6294 -26.7371 2.4
      vertex -26.6294 -26.7371 -7.62939e-07
    endloop
  endfacet
  facet normal -0.891011 -0.453982 0
    outer loop
      vertex -26.6294 -26.7371 2.4
      vertex -26.2786 -27.4256 -7.62939e-07
      vertex -26.2786 -27.4256 2.4
    endloop
  endfacet
  facet normal -0.707107 -0.707107 0
    outer loop
      vertex -23.9199 -30.4663 -7.62939e-07
      vertex -24.4663 -29.9199 2.4
      vertex -24.4663 -29.9199 -7.62939e-07
    endloop
  endfacet
  facet normal -0.707107 -0.707107 0
    outer loop
      vertex -24.4663 -29.9199 2.4
      vertex -23.9199 -30.4663 -7.62939e-07
      vertex -23.9199 -30.4663 2.4
    endloop
  endfacet
  facet normal -0.397041 -0.917801 0
    outer loop
      vertex -20.7371 -32.6294 -7.62939e-07
      vertex -20.0279 -32.9362 2.4
      vertex -20.7371 -32.6294 2.4
    endloop
  endfacet
  facet normal -0.397041 -0.917801 -0
    outer loop
      vertex -20.0279 -32.9362 2.4
      vertex -20.7371 -32.6294 -7.62939e-07
      vertex -20.0279 -32.9362 -7.62939e-07
    endloop
  endfacet
  facet normal -0.279026 -0.960284 0
    outer loop
      vertex -19.3009 -33.198 -7.62939e-07
      vertex -18.5589 -33.4136 2.4
      vertex -19.3009 -33.198 2.4
    endloop
  endfacet
  facet normal -0.279026 -0.960284 -0
    outer loop
      vertex -18.5589 -33.4136 2.4
      vertex -19.3009 -33.198 -7.62939e-07
      vertex -18.5589 -33.4136 -7.62939e-07
    endloop
  endfacet
  facet normal -0.338811 -0.940854 0
    outer loop
      vertex -20.0279 -32.9362 -7.62939e-07
      vertex -19.3009 -33.198 2.4
      vertex -20.0279 -32.9362 2.4
    endloop
  endfacet
  facet normal -0.338811 -0.940854 -0
    outer loop
      vertex -19.3009 -33.198 2.4
      vertex -20.0279 -32.9362 -7.62939e-07
      vertex -19.3009 -33.198 -7.62939e-07
    endloop
  endfacet
  facet normal -0.612946 -0.790125 0
    outer loop
      vertex -23.3403 -30.9773 -7.62939e-07
      vertex -22.7298 -31.4509 2.4
      vertex -23.3403 -30.9773 2.4
    endloop
  endfacet
  facet normal -0.612946 -0.790125 -0
    outer loop
      vertex -22.7298 -31.4509 2.4
      vertex -23.3403 -30.9773 -7.62939e-07
      vertex -22.7298 -31.4509 -7.62939e-07
    endloop
  endfacet
  facet normal -0.0314489 -0.999505 0
    outer loop
      vertex -16.2723 -33.7757 -7.62939e-07
      vertex -15.5 -33.8 2.4
      vertex -16.2723 -33.7757 2.4
    endloop
  endfacet
  facet normal -0.0314489 -0.999505 -0
    outer loop
      vertex -15.5 -33.8 2.4
      vertex -16.2723 -33.7757 -7.62939e-07
      vertex -15.5 -33.8 -7.62939e-07
    endloop
  endfacet
  facet normal 0.860707 0.5091 0
    outer loop
      vertex 26.2786 27.4256 2.4
      vertex 25.8852 28.0907 -7.62939e-07
      vertex 25.8852 28.0907 2.4
    endloop
  endfacet
  facet normal 0.860707 0.5091 0
    outer loop
      vertex 25.8852 28.0907 -7.62939e-07
      vertex 26.2786 27.4256 2.4
      vertex 26.2786 27.4256 -7.62939e-07
    endloop
  endfacet
  facet normal 0.612946 0.790125 -0
    outer loop
      vertex 23.3403 30.9773 -7.62939e-07
      vertex 22.7298 31.4509 2.4
      vertex 23.3403 30.9773 2.4
    endloop
  endfacet
  facet normal 0.612946 0.790125 0
    outer loop
      vertex 22.7298 31.4509 2.4
      vertex 23.3403 30.9773 -7.62939e-07
      vertex 22.7298 31.4509 -7.62939e-07
    endloop
  endfacet
  facet normal 0.562055 0.8271 -0
    outer loop
      vertex 22.7298 31.4509 -7.62939e-07
      vertex 22.0907 31.8852 2.4
      vertex 22.7298 31.4509 2.4
    endloop
  endfacet
  facet normal 0.562055 0.8271 0
    outer loop
      vertex 22.0907 31.8852 2.4
      vertex 22.7298 31.4509 -7.62939e-07
      vertex 22.0907 31.8852 -7.62939e-07
    endloop
  endfacet
  facet normal 0.279026 0.960284 -0
    outer loop
      vertex 19.3009 33.198 -7.62939e-07
      vertex 18.5589 33.4136 2.4
      vertex 19.3009 33.198 2.4
    endloop
  endfacet
  facet normal 0.279026 0.960284 0
    outer loop
      vertex 18.5589 33.4136 2.4
      vertex 19.3009 33.198 -7.62939e-07
      vertex 18.5589 33.4136 -7.62939e-07
    endloop
  endfacet
  facet normal 0.218068 0.975934 -0
    outer loop
      vertex 18.5589 33.4136 -7.62939e-07
      vertex 17.8048 33.5821 2.4
      vertex 18.5589 33.4136 2.4
    endloop
  endfacet
  facet normal 0.218068 0.975934 0
    outer loop
      vertex 17.8048 33.5821 2.4
      vertex 18.5589 33.4136 -7.62939e-07
      vertex 17.8048 33.5821 -7.62939e-07
    endloop
  endfacet
  facet normal 0.5091 0.860707 -0
    outer loop
      vertex 22.0907 31.8852 -7.62939e-07
      vertex 21.4256 32.2786 2.4
      vertex 22.0907 31.8852 2.4
    endloop
  endfacet
  facet normal 0.5091 0.860707 0
    outer loop
      vertex 21.4256 32.2786 2.4
      vertex 22.0907 31.8852 -7.62939e-07
      vertex 21.4256 32.2786 -7.62939e-07
    endloop
  endfacet
  facet normal 0.453982 0.891011 -0
    outer loop
      vertex 21.4256 32.2786 -7.62939e-07
      vertex 20.7371 32.6294 2.4
      vertex 21.4256 32.2786 2.4
    endloop
  endfacet
  facet normal 0.453982 0.891011 0
    outer loop
      vertex 20.7371 32.6294 2.4
      vertex 21.4256 32.2786 -7.62939e-07
      vertex 20.7371 32.6294 -7.62939e-07
    endloop
  endfacet
  facet normal 0.338811 0.940854 -0
    outer loop
      vertex 20.0279 32.9362 -7.62939e-07
      vertex 19.3009 33.198 2.4
      vertex 20.0279 32.9362 2.4
    endloop
  endfacet
  facet normal 0.338811 0.940854 0
    outer loop
      vertex 19.3009 33.198 2.4
      vertex 20.0279 32.9362 -7.62939e-07
      vertex 19.3009 33.198 -7.62939e-07
    endloop
  endfacet
  facet normal 0.0940823 0.995564 -0
    outer loop
      vertex 17.0416 33.703 -7.62939e-07
      vertex 16.2723 33.7757 2.4
      vertex 17.0416 33.703 2.4
    endloop
  endfacet
  facet normal 0.0940823 0.995564 0
    outer loop
      vertex 16.2723 33.7757 2.4
      vertex 17.0416 33.703 -7.62939e-07
      vertex 16.2723 33.7757 -7.62939e-07
    endloop
  endfacet
  facet normal 0.960284 0.279026 0
    outer loop
      vertex 27.4136 24.5589 2.4
      vertex 27.198 25.3009 -7.62939e-07
      vertex 27.198 25.3009 2.4
    endloop
  endfacet
  facet normal 0.960284 0.279026 0
    outer loop
      vertex 27.198 25.3009 -7.62939e-07
      vertex 27.4136 24.5589 2.4
      vertex 27.4136 24.5589 -7.62939e-07
    endloop
  endfacet
  facet normal 0.940854 0.338811 0
    outer loop
      vertex 27.198 25.3009 2.4
      vertex 26.9362 26.0279 -7.62939e-07
      vertex 26.9362 26.0279 2.4
    endloop
  endfacet
  facet normal 0.940854 0.338811 0
    outer loop
      vertex 26.9362 26.0279 -7.62939e-07
      vertex 27.198 25.3009 2.4
      vertex 27.198 25.3009 -7.62939e-07
    endloop
  endfacet
  facet normal 0.917801 0.397041 0
    outer loop
      vertex 26.9362 26.0279 2.4
      vertex 26.6294 26.7371 -7.62939e-07
      vertex 26.6294 26.7371 2.4
    endloop
  endfacet
  facet normal 0.917801 0.397041 0
    outer loop
      vertex 26.6294 26.7371 -7.62939e-07
      vertex 26.9362 26.0279 2.4
      vertex 26.9362 26.0279 -7.62939e-07
    endloop
  endfacet
  facet normal 0.999505 0.0314489 0
    outer loop
      vertex 27.8 21.5 2.4
      vertex 27.7757 22.2723 -7.62939e-07
      vertex 27.7757 22.2723 2.4
    endloop
  endfacet
  facet normal 0.999505 0.0314489 0
    outer loop
      vertex 27.7757 22.2723 -7.62939e-07
      vertex 27.8 21.5 2.4
      vertex 27.8 21.5 -7.62939e-07
    endloop
  endfacet
  facet normal 0.987684 0.156461 0
    outer loop
      vertex 27.703 23.0416 2.4
      vertex 27.5821 23.8048 -7.62939e-07
      vertex 27.5821 23.8048 2.4
    endloop
  endfacet
  facet normal 0.987684 0.156461 0
    outer loop
      vertex 27.5821 23.8048 -7.62939e-07
      vertex 27.703 23.0416 2.4
      vertex 27.703 23.0416 -7.62939e-07
    endloop
  endfacet
  facet normal 0.995564 0.0940823 0
    outer loop
      vertex 27.7757 22.2723 2.4
      vertex 27.703 23.0416 -7.62939e-07
      vertex 27.703 23.0416 2.4
    endloop
  endfacet
  facet normal 0.995564 0.0940823 0
    outer loop
      vertex 27.703 23.0416 -7.62939e-07
      vertex 27.7757 22.2723 2.4
      vertex 27.7757 22.2723 -7.62939e-07
    endloop
  endfacet
  facet normal 0.940854 -0.338811 0
    outer loop
      vertex 26.9362 -26.0279 2.4
      vertex 27.198 -25.3009 -7.62939e-07
      vertex 27.198 -25.3009 2.4
    endloop
  endfacet
  facet normal 0.940854 -0.338811 0
    outer loop
      vertex 27.198 -25.3009 -7.62939e-07
      vertex 26.9362 -26.0279 2.4
      vertex 26.9362 -26.0279 -7.62939e-07
    endloop
  endfacet
  facet normal 0.917801 -0.397041 0
    outer loop
      vertex 26.6294 -26.7371 2.4
      vertex 26.9362 -26.0279 -7.62939e-07
      vertex 26.9362 -26.0279 2.4
    endloop
  endfacet
  facet normal 0.917801 -0.397041 0
    outer loop
      vertex 26.9362 -26.0279 -7.62939e-07
      vertex 26.6294 -26.7371 2.4
      vertex 26.6294 -26.7371 -7.62939e-07
    endloop
  endfacet
  facet normal 0.707107 -0.707107 0
    outer loop
      vertex 23.9199 -30.4663 2.4
      vertex 24.4663 -29.9199 -7.62939e-07
      vertex 24.4663 -29.9199 2.4
    endloop
  endfacet
  facet normal 0.707107 -0.707107 0
    outer loop
      vertex 24.4663 -29.9199 -7.62939e-07
      vertex 23.9199 -30.4663 2.4
      vertex 23.9199 -30.4663 -7.62939e-07
    endloop
  endfacet
  facet normal 0.218068 -0.975934 0
    outer loop
      vertex 17.8048 -33.5821 -7.62939e-07
      vertex 18.5589 -33.4136 2.4
      vertex 17.8048 -33.5821 2.4
    endloop
  endfacet
  facet normal 0.218068 -0.975934 0
    outer loop
      vertex 18.5589 -33.4136 2.4
      vertex 17.8048 -33.5821 -7.62939e-07
      vertex 18.5589 -33.4136 -7.62939e-07
    endloop
  endfacet
  facet normal -0.279026 0.960284 0
    outer loop
      vertex -18.5589 33.4136 -7.62939e-07
      vertex -19.3009 33.198 2.4
      vertex -18.5589 33.4136 2.4
    endloop
  endfacet
  facet normal -0.279026 0.960284 0
    outer loop
      vertex -19.3009 33.198 2.4
      vertex -18.5589 33.4136 -7.62939e-07
      vertex -19.3009 33.198 -7.62939e-07
    endloop
  endfacet
  facet normal -0.218068 0.975934 0
    outer loop
      vertex -17.8048 33.5821 -7.62939e-07
      vertex -18.5589 33.4136 2.4
      vertex -17.8048 33.5821 2.4
    endloop
  endfacet
  facet normal -0.218068 0.975934 0
    outer loop
      vertex -18.5589 33.4136 2.4
      vertex -17.8048 33.5821 -7.62939e-07
      vertex -18.5589 33.4136 -7.62939e-07
    endloop
  endfacet
  facet normal -0.562055 0.8271 0
    outer loop
      vertex -22.0907 31.8852 -7.62939e-07
      vertex -22.7298 31.4509 2.4
      vertex -22.0907 31.8852 2.4
    endloop
  endfacet
  facet normal -0.562055 0.8271 0
    outer loop
      vertex -22.7298 31.4509 2.4
      vertex -22.0907 31.8852 -7.62939e-07
      vertex -22.7298 31.4509 -7.62939e-07
    endloop
  endfacet
  facet normal -0.612946 0.790125 0
    outer loop
      vertex -22.7298 31.4509 -7.62939e-07
      vertex -23.3403 30.9773 2.4
      vertex -22.7298 31.4509 2.4
    endloop
  endfacet
  facet normal -0.612946 0.790125 0
    outer loop
      vertex -23.3403 30.9773 2.4
      vertex -22.7298 31.4509 -7.62939e-07
      vertex -23.3403 30.9773 -7.62939e-07
    endloop
  endfacet
  facet normal -0.917801 0.397041 0
    outer loop
      vertex -26.9362 26.0279 -7.62939e-07
      vertex -26.6294 26.7371 2.4
      vertex -26.6294 26.7371 -7.62939e-07
    endloop
  endfacet
  facet normal -0.917801 0.397041 0
    outer loop
      vertex -26.6294 26.7371 2.4
      vertex -26.9362 26.0279 -7.62939e-07
      vertex -26.9362 26.0279 2.4
    endloop
  endfacet
  facet normal -0.940854 0.338811 0
    outer loop
      vertex -27.198 25.3009 -7.62939e-07
      vertex -26.9362 26.0279 2.4
      vertex -26.9362 26.0279 -7.62939e-07
    endloop
  endfacet
  facet normal -0.940854 0.338811 0
    outer loop
      vertex -26.9362 26.0279 2.4
      vertex -27.198 25.3009 -7.62939e-07
      vertex -27.198 25.3009 2.4
    endloop
  endfacet
  facet normal -0.8271 0.562055 0
    outer loop
      vertex -25.8852 28.0907 -7.62939e-07
      vertex -25.4509 28.7298 2.4
      vertex -25.4509 28.7298 -7.62939e-07
    endloop
  endfacet
  facet normal -0.8271 0.562055 0
    outer loop
      vertex -25.4509 28.7298 2.4
      vertex -25.8852 28.0907 -7.62939e-07
      vertex -25.8852 28.0907 2.4
    endloop
  endfacet
  facet normal -0.917801 -0.397041 0
    outer loop
      vertex -26.6294 -26.7371 -7.62939e-07
      vertex -26.9362 -26.0279 2.4
      vertex -26.9362 -26.0279 -7.62939e-07
    endloop
  endfacet
  facet normal -0.917801 -0.397041 0
    outer loop
      vertex -26.9362 -26.0279 2.4
      vertex -26.6294 -26.7371 -7.62939e-07
      vertex -26.6294 -26.7371 2.4
    endloop
  endfacet
  facet normal -0.995564 0.0940823 0
    outer loop
      vertex -27.7757 22.2723 -7.62939e-07
      vertex -27.703 23.0416 2.4
      vertex -27.703 23.0416 -7.62939e-07
    endloop
  endfacet
  facet normal -0.995564 0.0940823 0
    outer loop
      vertex -27.703 23.0416 2.4
      vertex -27.7757 22.2723 -7.62939e-07
      vertex -27.7757 22.2723 2.4
    endloop
  endfacet
  facet normal -0.860707 -0.5091 0
    outer loop
      vertex -25.8852 -28.0907 -7.62939e-07
      vertex -26.2786 -27.4256 2.4
      vertex -26.2786 -27.4256 -7.62939e-07
    endloop
  endfacet
  facet normal -0.860707 -0.5091 0
    outer loop
      vertex -26.2786 -27.4256 2.4
      vertex -25.8852 -28.0907 -7.62939e-07
      vertex -25.8852 -28.0907 2.4
    endloop
  endfacet
  facet normal -0.790125 -0.612946 0
    outer loop
      vertex -24.9773 -29.3403 -7.62939e-07
      vertex -25.4509 -28.7298 2.4
      vertex -25.4509 -28.7298 -7.62939e-07
    endloop
  endfacet
  facet normal -0.790125 -0.612946 0
    outer loop
      vertex -25.4509 -28.7298 2.4
      vertex -24.9773 -29.3403 -7.62939e-07
      vertex -24.9773 -29.3403 2.4
    endloop
  endfacet
  facet normal -0.562055 -0.8271 0
    outer loop
      vertex -22.7298 -31.4509 -7.62939e-07
      vertex -22.0907 -31.8852 2.4
      vertex -22.7298 -31.4509 2.4
    endloop
  endfacet
  facet normal -0.562055 -0.8271 -0
    outer loop
      vertex -22.0907 -31.8852 2.4
      vertex -22.7298 -31.4509 -7.62939e-07
      vertex -22.0907 -31.8852 -7.62939e-07
    endloop
  endfacet
  facet normal -0.453982 -0.891011 0
    outer loop
      vertex -21.4256 -32.2786 -7.62939e-07
      vertex -20.7371 -32.6294 2.4
      vertex -21.4256 -32.2786 2.4
    endloop
  endfacet
  facet normal -0.453982 -0.891011 -0
    outer loop
      vertex -20.7371 -32.6294 2.4
      vertex -21.4256 -32.2786 -7.62939e-07
      vertex -20.7371 -32.6294 -7.62939e-07
    endloop
  endfacet
  facet normal 0.750102 0.661322 0
    outer loop
      vertex 24.9773 29.3403 2.4
      vertex 24.4663 29.9199 -7.62939e-07
      vertex 24.4663 29.9199 2.4
    endloop
  endfacet
  facet normal 0.750102 0.661322 0
    outer loop
      vertex 24.4663 29.9199 -7.62939e-07
      vertex 24.9773 29.3403 2.4
      vertex 24.9773 29.3403 -7.62939e-07
    endloop
  endfacet
  facet normal 0.960284 -0.279026 0
    outer loop
      vertex 27.198 -25.3009 2.4
      vertex 27.4136 -24.5589 -7.62939e-07
      vertex 27.4136 -24.5589 2.4
    endloop
  endfacet
  facet normal 0.960284 -0.279026 0
    outer loop
      vertex 27.4136 -24.5589 -7.62939e-07
      vertex 27.198 -25.3009 2.4
      vertex 27.198 -25.3009 -7.62939e-07
    endloop
  endfacet
  facet normal 0.790125 -0.612946 0
    outer loop
      vertex 24.9773 -29.3403 2.4
      vertex 25.4509 -28.7298 -7.62939e-07
      vertex 25.4509 -28.7298 2.4
    endloop
  endfacet
  facet normal 0.790125 -0.612946 0
    outer loop
      vertex 25.4509 -28.7298 -7.62939e-07
      vertex 24.9773 -29.3403 2.4
      vertex 24.9773 -29.3403 -7.62939e-07
    endloop
  endfacet
  facet normal 0.891011 -0.453982 0
    outer loop
      vertex 26.2786 -27.4256 2.4
      vertex 26.6294 -26.7371 -7.62939e-07
      vertex 26.6294 -26.7371 2.4
    endloop
  endfacet
  facet normal 0.891011 -0.453982 0
    outer loop
      vertex 26.6294 -26.7371 -7.62939e-07
      vertex 26.2786 -27.4256 2.4
      vertex 26.2786 -27.4256 -7.62939e-07
    endloop
  endfacet
  facet normal 0.562055 -0.8271 0
    outer loop
      vertex 22.0907 -31.8852 -7.62939e-07
      vertex 22.7298 -31.4509 2.4
      vertex 22.0907 -31.8852 2.4
    endloop
  endfacet
  facet normal 0.562055 -0.8271 0
    outer loop
      vertex 22.7298 -31.4509 2.4
      vertex 22.0907 -31.8852 -7.62939e-07
      vertex 22.7298 -31.4509 -7.62939e-07
    endloop
  endfacet
  facet normal 0.338811 -0.940854 0
    outer loop
      vertex 19.3009 -33.198 -7.62939e-07
      vertex 20.0279 -32.9362 2.4
      vertex 19.3009 -33.198 2.4
    endloop
  endfacet
  facet normal 0.338811 -0.940854 0
    outer loop
      vertex 20.0279 -32.9362 2.4
      vertex 19.3009 -33.198 -7.62939e-07
      vertex 20.0279 -32.9362 -7.62939e-07
    endloop
  endfacet
  facet normal 0.453982 -0.891011 0
    outer loop
      vertex 20.7371 -32.6294 -7.62939e-07
      vertex 21.4256 -32.2786 2.4
      vertex 20.7371 -32.6294 2.4
    endloop
  endfacet
  facet normal 0.453982 -0.891011 0
    outer loop
      vertex 21.4256 -32.2786 2.4
      vertex 20.7371 -32.6294 -7.62939e-07
      vertex 21.4256 -32.2786 -7.62939e-07
    endloop
  endfacet
  facet normal 0.279026 -0.960284 0
    outer loop
      vertex 18.5589 -33.4136 -7.62939e-07
      vertex 19.3009 -33.198 2.4
      vertex 18.5589 -33.4136 2.4
    endloop
  endfacet
  facet normal 0.279026 -0.960284 0
    outer loop
      vertex 19.3009 -33.198 2.4
      vertex 18.5589 -33.4136 -7.62939e-07
      vertex 19.3009 -33.198 -7.62939e-07
    endloop
  endfacet
  facet normal 0.975934 -0.218068 0
    outer loop
      vertex 27.4136 -24.5589 2.4
      vertex 27.5821 -23.8048 -7.62939e-07
      vertex 27.5821 -23.8048 2.4
    endloop
  endfacet
  facet normal 0.975934 -0.218068 0
    outer loop
      vertex 27.5821 -23.8048 -7.62939e-07
      vertex 27.4136 -24.5589 2.4
      vertex 27.4136 -24.5589 -7.62939e-07
    endloop
  endfacet
  facet normal 0.8271 -0.562055 0
    outer loop
      vertex 25.4509 -28.7298 2.4
      vertex 25.8852 -28.0907 -7.62939e-07
      vertex 25.8852 -28.0907 2.4
    endloop
  endfacet
  facet normal 0.8271 -0.562055 0
    outer loop
      vertex 25.8852 -28.0907 -7.62939e-07
      vertex 25.4509 -28.7298 2.4
      vertex 25.4509 -28.7298 -7.62939e-07
    endloop
  endfacet
  facet normal 0.612946 -0.790125 0
    outer loop
      vertex 22.7298 -31.4509 -7.62939e-07
      vertex 23.3403 -30.9773 2.4
      vertex 22.7298 -31.4509 2.4
    endloop
  endfacet
  facet normal 0.612946 -0.790125 0
    outer loop
      vertex 23.3403 -30.9773 2.4
      vertex 22.7298 -31.4509 -7.62939e-07
      vertex 23.3403 -30.9773 -7.62939e-07
    endloop
  endfacet
  facet normal 0.397041 -0.917801 0
    outer loop
      vertex 20.0279 -32.9362 -7.62939e-07
      vertex 20.7371 -32.6294 2.4
      vertex 20.0279 -32.9362 2.4
    endloop
  endfacet
  facet normal 0.397041 -0.917801 0
    outer loop
      vertex 20.7371 -32.6294 2.4
      vertex 20.0279 -32.9362 -7.62939e-07
      vertex 20.7371 -32.6294 -7.62939e-07
    endloop
  endfacet
  facet normal -0.0942494 0.995549 0
    outer loop
      vertex -22.4804 -26.5299 -7.62939e-07
      vertex -22.6399 -26.545 2.4
      vertex -22.4804 -26.5299 2.4
    endloop
  endfacet
  facet normal -0.0942494 0.995549 0
    outer loop
      vertex -22.6399 -26.545 2.4
      vertex -22.4804 -26.5299 -7.62939e-07
      vertex -22.6399 -26.545 -7.62939e-07
    endloop
  endfacet
  facet normal -0.1567 0.987646 0
    outer loop
      vertex -22.3222 -26.5048 -7.62939e-07
      vertex -22.4804 -26.5299 2.4
      vertex -22.3222 -26.5048 2.4
    endloop
  endfacet
  facet normal -0.1567 0.987646 0
    outer loop
      vertex -22.4804 -26.5299 2.4
      vertex -22.3222 -26.5048 -7.62939e-07
      vertex -22.4804 -26.5299 -7.62939e-07
    endloop
  endfacet
  facet normal -0.217789 0.975996 0
    outer loop
      vertex -22.1658 -26.4699 -7.62939e-07
      vertex -22.3222 -26.5048 2.4
      vertex -22.1658 -26.4699 2.4
    endloop
  endfacet
  facet normal -0.217789 0.975996 0
    outer loop
      vertex -22.3222 -26.5048 2.4
      vertex -22.1658 -26.4699 -7.62939e-07
      vertex -22.3222 -26.5048 -7.62939e-07
    endloop
  endfacet
  facet normal -0.279089 0.960265 0
    outer loop
      vertex -22.012 -26.4252 -7.62939e-07
      vertex -22.1658 -26.4699 2.4
      vertex -22.012 -26.4252 2.4
    endloop
  endfacet
  facet normal -0.279089 0.960265 0
    outer loop
      vertex -22.1658 -26.4699 2.4
      vertex -22.012 -26.4252 -7.62939e-07
      vertex -22.1658 -26.4699 -7.62939e-07
    endloop
  endfacet
  facet normal -0.338985 0.940792 0
    outer loop
      vertex -21.8613 -26.3709 -7.62939e-07
      vertex -22.012 -26.4252 2.4
      vertex -21.8613 -26.3709 2.4
    endloop
  endfacet
  facet normal -0.338985 0.940792 0
    outer loop
      vertex -22.012 -26.4252 2.4
      vertex -21.8613 -26.3709 -7.62939e-07
      vertex -22.012 -26.4252 -7.62939e-07
    endloop
  endfacet
  facet normal -0.397082 0.917783 0
    outer loop
      vertex -21.7143 -26.3073 -7.62939e-07
      vertex -21.8613 -26.3709 2.4
      vertex -21.7143 -26.3073 2.4
    endloop
  endfacet
  facet normal -0.397082 0.917783 0
    outer loop
      vertex -21.8613 -26.3709 2.4
      vertex -21.7143 -26.3073 -7.62939e-07
      vertex -21.8613 -26.3709 -7.62939e-07
    endloop
  endfacet
  facet normal -0.453692 0.891159 0
    outer loop
      vertex -21.5715 -26.2346 -7.62939e-07
      vertex -21.7143 -26.3073 2.4
      vertex -21.5715 -26.2346 2.4
    endloop
  endfacet
  facet normal -0.453692 0.891159 0
    outer loop
      vertex -21.7143 -26.3073 2.4
      vertex -21.5715 -26.2346 -7.62939e-07
      vertex -21.7143 -26.3073 -7.62939e-07
    endloop
  endfacet
  facet normal -0.509529 0.860454 0
    outer loop
      vertex -21.4337 -26.153 -7.62939e-07
      vertex -21.5715 -26.2346 2.4
      vertex -21.4337 -26.153 2.4
    endloop
  endfacet
  facet normal -0.509529 0.860454 0
    outer loop
      vertex -21.5715 -26.2346 2.4
      vertex -21.4337 -26.153 -7.62939e-07
      vertex -21.5715 -26.2346 -7.62939e-07
    endloop
  endfacet
  facet normal -0.561883 0.827217 0
    outer loop
      vertex -21.3012 -26.063 -7.62939e-07
      vertex -21.4337 -26.153 2.4
      vertex -21.3012 -26.063 2.4
    endloop
  endfacet
  facet normal -0.561883 0.827217 0
    outer loop
      vertex -21.4337 -26.153 2.4
      vertex -21.3012 -26.063 -7.62939e-07
      vertex -21.4337 -26.153 -7.62939e-07
    endloop
  endfacet
  facet normal -0.612903 0.790158 0
    outer loop
      vertex -21.1746 -25.9648 -7.62939e-07
      vertex -21.3012 -26.063 2.4
      vertex -21.1746 -25.9648 2.4
    endloop
  endfacet
  facet normal -0.612903 0.790158 0
    outer loop
      vertex -21.3012 -26.063 2.4
      vertex -21.1746 -25.9648 -7.62939e-07
      vertex -21.3012 -26.063 -7.62939e-07
    endloop
  endfacet
  facet normal -0.661064 0.75033 0
    outer loop
      vertex -21.0544 -25.8589 -7.62939e-07
      vertex -21.1746 -25.9648 2.4
      vertex -21.0544 -25.8589 2.4
    endloop
  endfacet
  facet normal -0.661064 0.75033 0
    outer loop
      vertex -21.1746 -25.9648 2.4
      vertex -21.0544 -25.8589 -7.62939e-07
      vertex -21.1746 -25.9648 -7.62939e-07
    endloop
  endfacet
  facet normal -0.707107 0.707107 0
    outer loop
      vertex -21.0544 -25.8589 -7.62939e-07
      vertex -20.9411 -25.7456 2.4
      vertex -20.9411 -25.7456 -7.62939e-07
    endloop
  endfacet
  facet normal -0.707107 0.707107 0
    outer loop
      vertex -20.9411 -25.7456 2.4
      vertex -21.0544 -25.8589 -7.62939e-07
      vertex -21.0544 -25.8589 2.4
    endloop
  endfacet
  facet normal -0.75033 0.661064 0
    outer loop
      vertex -20.9411 -25.7456 -7.62939e-07
      vertex -20.8352 -25.6254 2.4
      vertex -20.8352 -25.6254 -7.62939e-07
    endloop
  endfacet
  facet normal -0.75033 0.661064 0
    outer loop
      vertex -20.8352 -25.6254 2.4
      vertex -20.9411 -25.7456 -7.62939e-07
      vertex -20.9411 -25.7456 2.4
    endloop
  endfacet
  facet normal -0.790158 0.612903 0
    outer loop
      vertex -20.8352 -25.6254 -7.62939e-07
      vertex -20.737 -25.4988 2.4
      vertex -20.737 -25.4988 -7.62939e-07
    endloop
  endfacet
  facet normal -0.790158 0.612903 0
    outer loop
      vertex -20.737 -25.4988 2.4
      vertex -20.8352 -25.6254 -7.62939e-07
      vertex -20.8352 -25.6254 2.4
    endloop
  endfacet
  facet normal -0.826864 0.562402 0
    outer loop
      vertex -20.737 -25.4988 -7.62939e-07
      vertex -20.6698 -25.4 2.4
      vertex -20.6698 -25.4 -7.62939e-07
    endloop
  endfacet
  facet normal -0.826864 0.562402 0
    outer loop
      vertex -20.6698 -25.4 2.4
      vertex -20.737 -25.4988 -7.62939e-07
      vertex -20.737 -25.4988 2.4
    endloop
  endfacet
  facet normal 0 1 -0
    outer loop
      vertex -18.75 -25.4 -7.62939e-07
      vertex -20.6698 -25.4 2.4
      vertex -18.75 -25.4 2.4
    endloop
  endfacet
  facet normal 0 1 0
    outer loop
      vertex -20.6698 -25.4 2.4
      vertex -18.75 -25.4 -7.62939e-07
      vertex -20.6698 -25.4 -7.62939e-07
    endloop
  endfacet
  facet normal -1 0 0
    outer loop
      vertex -18.75 -25.4 -7.62939e-07
      vertex -18.75 -22.6 2.4
      vertex -18.75 -22.6 -7.62939e-07
    endloop
  endfacet
  facet normal -1 -0 0
    outer loop
      vertex -18.75 -22.6 2.4
      vertex -18.75 -25.4 -7.62939e-07
      vertex -18.75 -25.4 2.4
    endloop
  endfacet
  facet normal 0 -1 0
    outer loop
      vertex -20.6698 -22.6 -7.62939e-07
      vertex -18.75 -22.6 2.4
      vertex -20.6698 -22.6 2.4
    endloop
  endfacet
  facet normal 0 -1 -0
    outer loop
      vertex -18.75 -22.6 2.4
      vertex -20.6698 -22.6 -7.62939e-07
      vertex -18.75 -22.6 -7.62939e-07
    endloop
  endfacet
  facet normal -0.826864 -0.562402 0
    outer loop
      vertex -20.6698 -22.6 -7.62939e-07
      vertex -20.737 -22.5012 2.4
      vertex -20.737 -22.5012 -7.62939e-07
    endloop
  endfacet
  facet normal -0.826864 -0.562402 0
    outer loop
      vertex -20.737 -22.5012 2.4
      vertex -20.6698 -22.6 -7.62939e-07
      vertex -20.6698 -22.6 2.4
    endloop
  endfacet
  facet normal -0.790158 -0.612903 0
    outer loop
      vertex -20.737 -22.5012 -7.62939e-07
      vertex -20.8352 -22.3746 2.4
      vertex -20.8352 -22.3746 -7.62939e-07
    endloop
  endfacet
  facet normal -0.790158 -0.612903 0
    outer loop
      vertex -20.8352 -22.3746 2.4
      vertex -20.737 -22.5012 -7.62939e-07
      vertex -20.737 -22.5012 2.4
    endloop
  endfacet
  facet normal -0.75033 -0.661064 0
    outer loop
      vertex -20.8352 -22.3746 -7.62939e-07
      vertex -20.9411 -22.2544 2.4
      vertex -20.9411 -22.2544 -7.62939e-07
    endloop
  endfacet
  facet normal -0.75033 -0.661064 0
    outer loop
      vertex -20.9411 -22.2544 2.4
      vertex -20.8352 -22.3746 -7.62939e-07
      vertex -20.8352 -22.3746 2.4
    endloop
  endfacet
  facet normal -0.707107 -0.707107 0
    outer loop
      vertex -20.9411 -22.2544 -7.62939e-07
      vertex -21.0544 -22.1411 2.4
      vertex -21.0544 -22.1411 -7.62939e-07
    endloop
  endfacet
  facet normal -0.707107 -0.707107 0
    outer loop
      vertex -21.0544 -22.1411 2.4
      vertex -20.9411 -22.2544 -7.62939e-07
      vertex -20.9411 -22.2544 2.4
    endloop
  endfacet
  facet normal -0.661064 -0.75033 0
    outer loop
      vertex -21.1746 -22.0352 -7.62939e-07
      vertex -21.0544 -22.1411 2.4
      vertex -21.1746 -22.0352 2.4
    endloop
  endfacet
  facet normal -0.661064 -0.75033 -0
    outer loop
      vertex -21.0544 -22.1411 2.4
      vertex -21.1746 -22.0352 -7.62939e-07
      vertex -21.0544 -22.1411 -7.62939e-07
    endloop
  endfacet
  facet normal -0.612903 -0.790158 0
    outer loop
      vertex -21.3012 -21.937 -7.62939e-07
      vertex -21.1746 -22.0352 2.4
      vertex -21.3012 -21.937 2.4
    endloop
  endfacet
  facet normal -0.612903 -0.790158 -0
    outer loop
      vertex -21.1746 -22.0352 2.4
      vertex -21.3012 -21.937 -7.62939e-07
      vertex -21.1746 -22.0352 -7.62939e-07
    endloop
  endfacet
  facet normal -0.561883 -0.827217 0
    outer loop
      vertex -21.4337 -21.847 -7.62939e-07
      vertex -21.3012 -21.937 2.4
      vertex -21.4337 -21.847 2.4
    endloop
  endfacet
  facet normal -0.561883 -0.827217 -0
    outer loop
      vertex -21.3012 -21.937 2.4
      vertex -21.4337 -21.847 -7.62939e-07
      vertex -21.3012 -21.937 -7.62939e-07
    endloop
  endfacet
  facet normal -0.509529 -0.860454 0
    outer loop
      vertex -21.5715 -21.7654 -7.62939e-07
      vertex -21.4337 -21.847 2.4
      vertex -21.5715 -21.7654 2.4
    endloop
  endfacet
  facet normal -0.509529 -0.860454 -0
    outer loop
      vertex -21.4337 -21.847 2.4
      vertex -21.5715 -21.7654 -7.62939e-07
      vertex -21.4337 -21.847 -7.62939e-07
    endloop
  endfacet
  facet normal -0.453692 -0.891159 0
    outer loop
      vertex -21.7143 -21.6927 -7.62939e-07
      vertex -21.5715 -21.7654 2.4
      vertex -21.7143 -21.6927 2.4
    endloop
  endfacet
  facet normal -0.453692 -0.891159 -0
    outer loop
      vertex -21.5715 -21.7654 2.4
      vertex -21.7143 -21.6927 -7.62939e-07
      vertex -21.5715 -21.7654 -7.62939e-07
    endloop
  endfacet
  facet normal -0.397082 -0.917783 0
    outer loop
      vertex -21.8613 -21.6291 -7.62939e-07
      vertex -21.7143 -21.6927 2.4
      vertex -21.8613 -21.6291 2.4
    endloop
  endfacet
  facet normal -0.397082 -0.917783 -0
    outer loop
      vertex -21.7143 -21.6927 2.4
      vertex -21.8613 -21.6291 -7.62939e-07
      vertex -21.7143 -21.6927 -7.62939e-07
    endloop
  endfacet
  facet normal -0.338985 -0.940792 0
    outer loop
      vertex -22.012 -21.5748 -7.62939e-07
      vertex -21.8613 -21.6291 2.4
      vertex -22.012 -21.5748 2.4
    endloop
  endfacet
  facet normal -0.338985 -0.940792 -0
    outer loop
      vertex -21.8613 -21.6291 2.4
      vertex -22.012 -21.5748 -7.62939e-07
      vertex -21.8613 -21.6291 -7.62939e-07
    endloop
  endfacet
  facet normal -0.279089 -0.960265 0
    outer loop
      vertex -22.1658 -21.5301 -7.62939e-07
      vertex -22.012 -21.5748 2.4
      vertex -22.1658 -21.5301 2.4
    endloop
  endfacet
  facet normal -0.279089 -0.960265 -0
    outer loop
      vertex -22.012 -21.5748 2.4
      vertex -22.1658 -21.5301 -7.62939e-07
      vertex -22.012 -21.5748 -7.62939e-07
    endloop
  endfacet
  facet normal -0.217789 -0.975996 0
    outer loop
      vertex -22.3222 -21.4952 -7.62939e-07
      vertex -22.1658 -21.5301 2.4
      vertex -22.3222 -21.4952 2.4
    endloop
  endfacet
  facet normal -0.217789 -0.975996 -0
    outer loop
      vertex -22.1658 -21.5301 2.4
      vertex -22.3222 -21.4952 -7.62939e-07
      vertex -22.1658 -21.5301 -7.62939e-07
    endloop
  endfacet
  facet normal -0.1567 -0.987646 0
    outer loop
      vertex -22.4804 -21.4701 -7.62939e-07
      vertex -22.3222 -21.4952 2.4
      vertex -22.4804 -21.4701 2.4
    endloop
  endfacet
  facet normal -0.1567 -0.987646 -0
    outer loop
      vertex -22.3222 -21.4952 2.4
      vertex -22.4804 -21.4701 -7.62939e-07
      vertex -22.3222 -21.4952 -7.62939e-07
    endloop
  endfacet
  facet normal -0.0942494 -0.995549 0
    outer loop
      vertex -22.6399 -21.455 -7.62939e-07
      vertex -22.4804 -21.4701 2.4
      vertex -22.6399 -21.455 2.4
    endloop
  endfacet
  facet normal -0.0942494 -0.995549 -0
    outer loop
      vertex -22.4804 -21.4701 2.4
      vertex -22.6399 -21.455 -7.62939e-07
      vertex -22.4804 -21.4701 -7.62939e-07
    endloop
  endfacet
  facet normal -0.0312153 -0.999513 0
    outer loop
      vertex -22.8 -21.45 -7.62939e-07
      vertex -22.6399 -21.455 2.4
      vertex -22.8 -21.45 2.4
    endloop
  endfacet
  facet normal -0.0312153 -0.999513 -0
    outer loop
      vertex -22.6399 -21.455 2.4
      vertex -22.8 -21.45 -7.62939e-07
      vertex -22.6399 -21.455 -7.62939e-07
    endloop
  endfacet
  facet normal 0.0312153 -0.999513 0
    outer loop
      vertex -22.9601 -21.455 -7.62939e-07
      vertex -22.8 -21.45 2.4
      vertex -22.9601 -21.455 2.4
    endloop
  endfacet
  facet normal 0.0312153 -0.999513 0
    outer loop
      vertex -22.8 -21.45 2.4
      vertex -22.9601 -21.455 -7.62939e-07
      vertex -22.8 -21.45 -7.62939e-07
    endloop
  endfacet
  facet normal 0.0942494 -0.995549 0
    outer loop
      vertex -23.1196 -21.4701 -7.62939e-07
      vertex -22.9601 -21.455 2.4
      vertex -23.1196 -21.4701 2.4
    endloop
  endfacet
  facet normal 0.0942494 -0.995549 0
    outer loop
      vertex -22.9601 -21.455 2.4
      vertex -23.1196 -21.4701 -7.62939e-07
      vertex -22.9601 -21.455 -7.62939e-07
    endloop
  endfacet
  facet normal 0.1567 -0.987646 0
    outer loop
      vertex -23.2778 -21.4952 -7.62939e-07
      vertex -23.1196 -21.4701 2.4
      vertex -23.2778 -21.4952 2.4
    endloop
  endfacet
  facet normal 0.1567 -0.987646 0
    outer loop
      vertex -23.1196 -21.4701 2.4
      vertex -23.2778 -21.4952 -7.62939e-07
      vertex -23.1196 -21.4701 -7.62939e-07
    endloop
  endfacet
  facet normal 0.217789 -0.975996 0
    outer loop
      vertex -23.4342 -21.5301 -7.62939e-07
      vertex -23.2778 -21.4952 2.4
      vertex -23.4342 -21.5301 2.4
    endloop
  endfacet
  facet normal 0.217789 -0.975996 0
    outer loop
      vertex -23.2778 -21.4952 2.4
      vertex -23.4342 -21.5301 -7.62939e-07
      vertex -23.2778 -21.4952 -7.62939e-07
    endloop
  endfacet
  facet normal 0.279089 -0.960265 0
    outer loop
      vertex -23.588 -21.5748 -7.62939e-07
      vertex -23.4342 -21.5301 2.4
      vertex -23.588 -21.5748 2.4
    endloop
  endfacet
  facet normal 0.279089 -0.960265 0
    outer loop
      vertex -23.4342 -21.5301 2.4
      vertex -23.588 -21.5748 -7.62939e-07
      vertex -23.4342 -21.5301 -7.62939e-07
    endloop
  endfacet
  facet normal 0.338985 -0.940792 0
    outer loop
      vertex -23.7387 -21.6291 -7.62939e-07
      vertex -23.588 -21.5748 2.4
      vertex -23.7387 -21.6291 2.4
    endloop
  endfacet
  facet normal 0.338985 -0.940792 0
    outer loop
      vertex -23.588 -21.5748 2.4
      vertex -23.7387 -21.6291 -7.62939e-07
      vertex -23.588 -21.5748 -7.62939e-07
    endloop
  endfacet
  facet normal 0.397082 -0.917783 0
    outer loop
      vertex -23.8857 -21.6927 -7.62939e-07
      vertex -23.7387 -21.6291 2.4
      vertex -23.8857 -21.6927 2.4
    endloop
  endfacet
  facet normal 0.397082 -0.917783 0
    outer loop
      vertex -23.7387 -21.6291 2.4
      vertex -23.8857 -21.6927 -7.62939e-07
      vertex -23.7387 -21.6291 -7.62939e-07
    endloop
  endfacet
  facet normal 0.453692 -0.891159 0
    outer loop
      vertex -24.0285 -21.7654 -7.62939e-07
      vertex -23.8857 -21.6927 2.4
      vertex -24.0285 -21.7654 2.4
    endloop
  endfacet
  facet normal 0.453692 -0.891159 0
    outer loop
      vertex -23.8857 -21.6927 2.4
      vertex -24.0285 -21.7654 -7.62939e-07
      vertex -23.8857 -21.6927 -7.62939e-07
    endloop
  endfacet
  facet normal 0.509529 -0.860454 0
    outer loop
      vertex -24.1663 -21.847 -7.62939e-07
      vertex -24.0285 -21.7654 2.4
      vertex -24.1663 -21.847 2.4
    endloop
  endfacet
  facet normal 0.509529 -0.860454 0
    outer loop
      vertex -24.0285 -21.7654 2.4
      vertex -24.1663 -21.847 -7.62939e-07
      vertex -24.0285 -21.7654 -7.62939e-07
    endloop
  endfacet
  facet normal 0.561883 -0.827217 0
    outer loop
      vertex -24.2988 -21.937 -7.62939e-07
      vertex -24.1663 -21.847 2.4
      vertex -24.2988 -21.937 2.4
    endloop
  endfacet
  facet normal 0.561883 -0.827217 0
    outer loop
      vertex -24.1663 -21.847 2.4
      vertex -24.2988 -21.937 -7.62939e-07
      vertex -24.1663 -21.847 -7.62939e-07
    endloop
  endfacet
  facet normal 0.612903 -0.790158 0
    outer loop
      vertex -24.4254 -22.0352 -7.62939e-07
      vertex -24.2988 -21.937 2.4
      vertex -24.4254 -22.0352 2.4
    endloop
  endfacet
  facet normal 0.612903 -0.790158 0
    outer loop
      vertex -24.2988 -21.937 2.4
      vertex -24.4254 -22.0352 -7.62939e-07
      vertex -24.2988 -21.937 -7.62939e-07
    endloop
  endfacet
  facet normal 0.661064 -0.75033 0
    outer loop
      vertex -24.5456 -22.1411 -7.62939e-07
      vertex -24.4254 -22.0352 2.4
      vertex -24.5456 -22.1411 2.4
    endloop
  endfacet
  facet normal 0.661064 -0.75033 0
    outer loop
      vertex -24.4254 -22.0352 2.4
      vertex -24.5456 -22.1411 -7.62939e-07
      vertex -24.4254 -22.0352 -7.62939e-07
    endloop
  endfacet
  facet normal 0.707107 -0.707107 0
    outer loop
      vertex -24.6589 -22.2544 2.4
      vertex -24.5456 -22.1411 -7.62939e-07
      vertex -24.5456 -22.1411 2.4
    endloop
  endfacet
  facet normal 0.707107 -0.707107 0
    outer loop
      vertex -24.5456 -22.1411 -7.62939e-07
      vertex -24.6589 -22.2544 2.4
      vertex -24.6589 -22.2544 -7.62939e-07
    endloop
  endfacet
  facet normal 0.75033 -0.661064 0
    outer loop
      vertex -24.7648 -22.3746 2.4
      vertex -24.6589 -22.2544 -7.62939e-07
      vertex -24.6589 -22.2544 2.4
    endloop
  endfacet
  facet normal 0.75033 -0.661064 0
    outer loop
      vertex -24.6589 -22.2544 -7.62939e-07
      vertex -24.7648 -22.3746 2.4
      vertex -24.7648 -22.3746 -7.62939e-07
    endloop
  endfacet
  facet normal 0.790158 -0.612903 0
    outer loop
      vertex -24.863 -22.5012 2.4
      vertex -24.7648 -22.3746 -7.62939e-07
      vertex -24.7648 -22.3746 2.4
    endloop
  endfacet
  facet normal 0.790158 -0.612903 0
    outer loop
      vertex -24.7648 -22.3746 -7.62939e-07
      vertex -24.863 -22.5012 2.4
      vertex -24.863 -22.5012 -7.62939e-07
    endloop
  endfacet
  facet normal 0.826864 -0.562402 0
    outer loop
      vertex -24.9302 -22.6 2.4
      vertex -24.863 -22.5012 -7.62939e-07
      vertex -24.863 -22.5012 2.4
    endloop
  endfacet
  facet normal 0.826864 -0.562402 0
    outer loop
      vertex -24.863 -22.5012 -7.62939e-07
      vertex -24.9302 -22.6 2.4
      vertex -24.9302 -22.6 -7.62939e-07
    endloop
  endfacet
  facet normal 0 -1 0
    outer loop
      vertex -26.85 -22.6 -7.62939e-07
      vertex -24.9302 -22.6 2.4
      vertex -26.85 -22.6 2.4
    endloop
  endfacet
  facet normal 0 -1 -0
    outer loop
      vertex -24.9302 -22.6 2.4
      vertex -26.85 -22.6 -7.62939e-07
      vertex -24.9302 -22.6 -7.62939e-07
    endloop
  endfacet
  facet normal 1 -0 0
    outer loop
      vertex -26.85 -25.4 2.4
      vertex -26.85 -22.6 -7.62939e-07
      vertex -26.85 -22.6 2.4
    endloop
  endfacet
  facet normal 1 0 0
    outer loop
      vertex -26.85 -22.6 -7.62939e-07
      vertex -26.85 -25.4 2.4
      vertex -26.85 -25.4 -7.62939e-07
    endloop
  endfacet
  facet normal 0 1 -0
    outer loop
      vertex -24.9302 -25.4 -7.62939e-07
      vertex -26.85 -25.4 2.4
      vertex -24.9302 -25.4 2.4
    endloop
  endfacet
  facet normal 0 1 0
    outer loop
      vertex -26.85 -25.4 2.4
      vertex -24.9302 -25.4 -7.62939e-07
      vertex -26.85 -25.4 -7.62939e-07
    endloop
  endfacet
  facet normal 0.826864 0.562402 0
    outer loop
      vertex -24.863 -25.4988 2.4
      vertex -24.9302 -25.4 -7.62939e-07
      vertex -24.9302 -25.4 2.4
    endloop
  endfacet
  facet normal 0.826864 0.562402 0
    outer loop
      vertex -24.9302 -25.4 -7.62939e-07
      vertex -24.863 -25.4988 2.4
      vertex -24.863 -25.4988 -7.62939e-07
    endloop
  endfacet
  facet normal 0.790158 0.612903 0
    outer loop
      vertex -24.7648 -25.6254 2.4
      vertex -24.863 -25.4988 -7.62939e-07
      vertex -24.863 -25.4988 2.4
    endloop
  endfacet
  facet normal 0.790158 0.612903 0
    outer loop
      vertex -24.863 -25.4988 -7.62939e-07
      vertex -24.7648 -25.6254 2.4
      vertex -24.7648 -25.6254 -7.62939e-07
    endloop
  endfacet
  facet normal 0.75033 0.661064 0
    outer loop
      vertex -24.6589 -25.7456 2.4
      vertex -24.7648 -25.6254 -7.62939e-07
      vertex -24.7648 -25.6254 2.4
    endloop
  endfacet
  facet normal 0.75033 0.661064 0
    outer loop
      vertex -24.7648 -25.6254 -7.62939e-07
      vertex -24.6589 -25.7456 2.4
      vertex -24.6589 -25.7456 -7.62939e-07
    endloop
  endfacet
  facet normal 0.707107 0.707107 0
    outer loop
      vertex -24.5456 -25.8589 2.4
      vertex -24.6589 -25.7456 -7.62939e-07
      vertex -24.6589 -25.7456 2.4
    endloop
  endfacet
  facet normal 0.707107 0.707107 0
    outer loop
      vertex -24.6589 -25.7456 -7.62939e-07
      vertex -24.5456 -25.8589 2.4
      vertex -24.5456 -25.8589 -7.62939e-07
    endloop
  endfacet
  facet normal 0.661064 0.75033 -0
    outer loop
      vertex -24.4254 -25.9648 -7.62939e-07
      vertex -24.5456 -25.8589 2.4
      vertex -24.4254 -25.9648 2.4
    endloop
  endfacet
  facet normal 0.661064 0.75033 0
    outer loop
      vertex -24.5456 -25.8589 2.4
      vertex -24.4254 -25.9648 -7.62939e-07
      vertex -24.5456 -25.8589 -7.62939e-07
    endloop
  endfacet
  facet normal 0.612903 0.790158 -0
    outer loop
      vertex -24.2988 -26.063 -7.62939e-07
      vertex -24.4254 -25.9648 2.4
      vertex -24.2988 -26.063 2.4
    endloop
  endfacet
  facet normal 0.612903 0.790158 0
    outer loop
      vertex -24.4254 -25.9648 2.4
      vertex -24.2988 -26.063 -7.62939e-07
      vertex -24.4254 -25.9648 -7.62939e-07
    endloop
  endfacet
  facet normal 0.561883 0.827217 -0
    outer loop
      vertex -24.1663 -26.153 -7.62939e-07
      vertex -24.2988 -26.063 2.4
      vertex -24.1663 -26.153 2.4
    endloop
  endfacet
  facet normal 0.561883 0.827217 0
    outer loop
      vertex -24.2988 -26.063 2.4
      vertex -24.1663 -26.153 -7.62939e-07
      vertex -24.2988 -26.063 -7.62939e-07
    endloop
  endfacet
  facet normal 0.509529 0.860454 -0
    outer loop
      vertex -24.0285 -26.2346 -7.62939e-07
      vertex -24.1663 -26.153 2.4
      vertex -24.0285 -26.2346 2.4
    endloop
  endfacet
  facet normal 0.509529 0.860454 0
    outer loop
      vertex -24.1663 -26.153 2.4
      vertex -24.0285 -26.2346 -7.62939e-07
      vertex -24.1663 -26.153 -7.62939e-07
    endloop
  endfacet
  facet normal 0.453692 0.891159 -0
    outer loop
      vertex -23.8857 -26.3073 -7.62939e-07
      vertex -24.0285 -26.2346 2.4
      vertex -23.8857 -26.3073 2.4
    endloop
  endfacet
  facet normal 0.453692 0.891159 0
    outer loop
      vertex -24.0285 -26.2346 2.4
      vertex -23.8857 -26.3073 -7.62939e-07
      vertex -24.0285 -26.2346 -7.62939e-07
    endloop
  endfacet
  facet normal 0.397082 0.917783 -0
    outer loop
      vertex -23.7387 -26.3709 -7.62939e-07
      vertex -23.8857 -26.3073 2.4
      vertex -23.7387 -26.3709 2.4
    endloop
  endfacet
  facet normal 0.397082 0.917783 0
    outer loop
      vertex -23.8857 -26.3073 2.4
      vertex -23.7387 -26.3709 -7.62939e-07
      vertex -23.8857 -26.3073 -7.62939e-07
    endloop
  endfacet
  facet normal 0.338985 0.940792 -0
    outer loop
      vertex -23.588 -26.4252 -7.62939e-07
      vertex -23.7387 -26.3709 2.4
      vertex -23.588 -26.4252 2.4
    endloop
  endfacet
  facet normal 0.338985 0.940792 0
    outer loop
      vertex -23.7387 -26.3709 2.4
      vertex -23.588 -26.4252 -7.62939e-07
      vertex -23.7387 -26.3709 -7.62939e-07
    endloop
  endfacet
  facet normal 0.279089 0.960265 -0
    outer loop
      vertex -23.4342 -26.4699 -7.62939e-07
      vertex -23.588 -26.4252 2.4
      vertex -23.4342 -26.4699 2.4
    endloop
  endfacet
  facet normal 0.279089 0.960265 0
    outer loop
      vertex -23.588 -26.4252 2.4
      vertex -23.4342 -26.4699 -7.62939e-07
      vertex -23.588 -26.4252 -7.62939e-07
    endloop
  endfacet
  facet normal 0.217789 0.975996 -0
    outer loop
      vertex -23.2778 -26.5048 -7.62939e-07
      vertex -23.4342 -26.4699 2.4
      vertex -23.2778 -26.5048 2.4
    endloop
  endfacet
  facet normal 0.217789 0.975996 0
    outer loop
      vertex -23.4342 -26.4699 2.4
      vertex -23.2778 -26.5048 -7.62939e-07
      vertex -23.4342 -26.4699 -7.62939e-07
    endloop
  endfacet
  facet normal 0.1567 0.987646 -0
    outer loop
      vertex -23.1196 -26.5299 -7.62939e-07
      vertex -23.2778 -26.5048 2.4
      vertex -23.1196 -26.5299 2.4
    endloop
  endfacet
  facet normal 0.1567 0.987646 0
    outer loop
      vertex -23.2778 -26.5048 2.4
      vertex -23.1196 -26.5299 -7.62939e-07
      vertex -23.2778 -26.5048 -7.62939e-07
    endloop
  endfacet
  facet normal 0.0942494 0.995549 -0
    outer loop
      vertex -22.9601 -26.545 -7.62939e-07
      vertex -23.1196 -26.5299 2.4
      vertex -22.9601 -26.545 2.4
    endloop
  endfacet
  facet normal 0.0942494 0.995549 0
    outer loop
      vertex -23.1196 -26.5299 2.4
      vertex -22.9601 -26.545 -7.62939e-07
      vertex -23.1196 -26.5299 -7.62939e-07
    endloop
  endfacet
  facet normal 0.0312153 0.999513 -0
    outer loop
      vertex -22.8 -26.55 -7.62939e-07
      vertex -22.9601 -26.545 2.4
      vertex -22.8 -26.55 2.4
    endloop
  endfacet
  facet normal 0.0312153 0.999513 0
    outer loop
      vertex -22.9601 -26.545 2.4
      vertex -22.8 -26.55 -7.62939e-07
      vertex -22.9601 -26.545 -7.62939e-07
    endloop
  endfacet
  facet normal -0.0312153 0.999513 0
    outer loop
      vertex -22.6399 -26.545 -7.62939e-07
      vertex -22.8 -26.55 2.4
      vertex -22.6399 -26.545 2.4
    endloop
  endfacet
  facet normal -0.0312153 0.999513 0
    outer loop
      vertex -22.8 -26.55 2.4
      vertex -22.6399 -26.545 -7.62939e-07
      vertex -22.8 -26.55 -7.62939e-07
    endloop
  endfacet
  facet normal -0.0942494 0.995549 0
    outer loop
      vertex -22.4804 21.4701 -7.62939e-07
      vertex -22.6399 21.455 2.4
      vertex -22.4804 21.4701 2.4
    endloop
  endfacet
  facet normal -0.0942494 0.995549 0
    outer loop
      vertex -22.6399 21.455 2.4
      vertex -22.4804 21.4701 -7.62939e-07
      vertex -22.6399 21.455 -7.62939e-07
    endloop
  endfacet
  facet normal -0.1567 0.987646 0
    outer loop
      vertex -22.3222 21.4952 -7.62939e-07
      vertex -22.4804 21.4701 2.4
      vertex -22.3222 21.4952 2.4
    endloop
  endfacet
  facet normal -0.1567 0.987646 0
    outer loop
      vertex -22.4804 21.4701 2.4
      vertex -22.3222 21.4952 -7.62939e-07
      vertex -22.4804 21.4701 -7.62939e-07
    endloop
  endfacet
  facet normal -0.217789 0.975996 0
    outer loop
      vertex -22.1658 21.5301 -7.62939e-07
      vertex -22.3222 21.4952 2.4
      vertex -22.1658 21.5301 2.4
    endloop
  endfacet
  facet normal -0.217789 0.975996 0
    outer loop
      vertex -22.3222 21.4952 2.4
      vertex -22.1658 21.5301 -7.62939e-07
      vertex -22.3222 21.4952 -7.62939e-07
    endloop
  endfacet
  facet normal -0.279089 0.960265 0
    outer loop
      vertex -22.012 21.5748 -7.62939e-07
      vertex -22.1658 21.5301 2.4
      vertex -22.012 21.5748 2.4
    endloop
  endfacet
  facet normal -0.279089 0.960265 0
    outer loop
      vertex -22.1658 21.5301 2.4
      vertex -22.012 21.5748 -7.62939e-07
      vertex -22.1658 21.5301 -7.62939e-07
    endloop
  endfacet
  facet normal -0.338985 0.940792 0
    outer loop
      vertex -21.8613 21.6291 -7.62939e-07
      vertex -22.012 21.5748 2.4
      vertex -21.8613 21.6291 2.4
    endloop
  endfacet
  facet normal -0.338985 0.940792 0
    outer loop
      vertex -22.012 21.5748 2.4
      vertex -21.8613 21.6291 -7.62939e-07
      vertex -22.012 21.5748 -7.62939e-07
    endloop
  endfacet
  facet normal -0.397082 0.917783 0
    outer loop
      vertex -21.7143 21.6927 -7.62939e-07
      vertex -21.8613 21.6291 2.4
      vertex -21.7143 21.6927 2.4
    endloop
  endfacet
  facet normal -0.397082 0.917783 0
    outer loop
      vertex -21.8613 21.6291 2.4
      vertex -21.7143 21.6927 -7.62939e-07
      vertex -21.8613 21.6291 -7.62939e-07
    endloop
  endfacet
  facet normal -0.453692 0.891159 0
    outer loop
      vertex -21.5715 21.7654 -7.62939e-07
      vertex -21.7143 21.6927 2.4
      vertex -21.5715 21.7654 2.4
    endloop
  endfacet
  facet normal -0.453692 0.891159 0
    outer loop
      vertex -21.7143 21.6927 2.4
      vertex -21.5715 21.7654 -7.62939e-07
      vertex -21.7143 21.6927 -7.62939e-07
    endloop
  endfacet
  facet normal -0.509529 0.860454 0
    outer loop
      vertex -21.4337 21.847 -7.62939e-07
      vertex -21.5715 21.7654 2.4
      vertex -21.4337 21.847 2.4
    endloop
  endfacet
  facet normal -0.509529 0.860454 0
    outer loop
      vertex -21.5715 21.7654 2.4
      vertex -21.4337 21.847 -7.62939e-07
      vertex -21.5715 21.7654 -7.62939e-07
    endloop
  endfacet
  facet normal -0.561883 0.827217 0
    outer loop
      vertex -21.3012 21.937 -7.62939e-07
      vertex -21.4337 21.847 2.4
      vertex -21.3012 21.937 2.4
    endloop
  endfacet
  facet normal -0.561883 0.827217 0
    outer loop
      vertex -21.4337 21.847 2.4
      vertex -21.3012 21.937 -7.62939e-07
      vertex -21.4337 21.847 -7.62939e-07
    endloop
  endfacet
  facet normal -0.612903 0.790158 0
    outer loop
      vertex -21.1746 22.0352 -7.62939e-07
      vertex -21.3012 21.937 2.4
      vertex -21.1746 22.0352 2.4
    endloop
  endfacet
  facet normal -0.612903 0.790158 0
    outer loop
      vertex -21.3012 21.937 2.4
      vertex -21.1746 22.0352 -7.62939e-07
      vertex -21.3012 21.937 -7.62939e-07
    endloop
  endfacet
  facet normal -0.661064 0.75033 0
    outer loop
      vertex -21.0544 22.1411 -7.62939e-07
      vertex -21.1746 22.0352 2.4
      vertex -21.0544 22.1411 2.4
    endloop
  endfacet
  facet normal -0.661064 0.75033 0
    outer loop
      vertex -21.1746 22.0352 2.4
      vertex -21.0544 22.1411 -7.62939e-07
      vertex -21.1746 22.0352 -7.62939e-07
    endloop
  endfacet
  facet normal -0.707107 0.707107 0
    outer loop
      vertex -21.0544 22.1411 -7.62939e-07
      vertex -20.9411 22.2544 2.4
      vertex -20.9411 22.2544 -7.62939e-07
    endloop
  endfacet
  facet normal -0.707107 0.707107 0
    outer loop
      vertex -20.9411 22.2544 2.4
      vertex -21.0544 22.1411 -7.62939e-07
      vertex -21.0544 22.1411 2.4
    endloop
  endfacet
  facet normal -0.75033 0.661064 0
    outer loop
      vertex -20.9411 22.2544 -7.62939e-07
      vertex -20.8352 22.3746 2.4
      vertex -20.8352 22.3746 -7.62939e-07
    endloop
  endfacet
  facet normal -0.75033 0.661064 0
    outer loop
      vertex -20.8352 22.3746 2.4
      vertex -20.9411 22.2544 -7.62939e-07
      vertex -20.9411 22.2544 2.4
    endloop
  endfacet
  facet normal -0.790158 0.612903 0
    outer loop
      vertex -20.8352 22.3746 -7.62939e-07
      vertex -20.737 22.5012 2.4
      vertex -20.737 22.5012 -7.62939e-07
    endloop
  endfacet
  facet normal -0.790158 0.612903 0
    outer loop
      vertex -20.737 22.5012 2.4
      vertex -20.8352 22.3746 -7.62939e-07
      vertex -20.8352 22.3746 2.4
    endloop
  endfacet
  facet normal -0.826864 0.562402 0
    outer loop
      vertex -20.737 22.5012 -7.62939e-07
      vertex -20.6698 22.6 2.4
      vertex -20.6698 22.6 -7.62939e-07
    endloop
  endfacet
  facet normal -0.826864 0.562402 0
    outer loop
      vertex -20.6698 22.6 2.4
      vertex -20.737 22.5012 -7.62939e-07
      vertex -20.737 22.5012 2.4
    endloop
  endfacet
  facet normal 0 1 -0
    outer loop
      vertex -18.75 22.6 -7.62939e-07
      vertex -20.6698 22.6 2.4
      vertex -18.75 22.6 2.4
    endloop
  endfacet
  facet normal 0 1 0
    outer loop
      vertex -20.6698 22.6 2.4
      vertex -18.75 22.6 -7.62939e-07
      vertex -20.6698 22.6 -7.62939e-07
    endloop
  endfacet
  facet normal -1 0 0
    outer loop
      vertex -18.75 22.6 -7.62939e-07
      vertex -18.75 25.4 2.4
      vertex -18.75 25.4 -7.62939e-07
    endloop
  endfacet
  facet normal -1 -0 0
    outer loop
      vertex -18.75 25.4 2.4
      vertex -18.75 22.6 -7.62939e-07
      vertex -18.75 22.6 2.4
    endloop
  endfacet
  facet normal 0 -1 0
    outer loop
      vertex -20.6698 25.4 -7.62939e-07
      vertex -18.75 25.4 2.4
      vertex -20.6698 25.4 2.4
    endloop
  endfacet
  facet normal 0 -1 -0
    outer loop
      vertex -18.75 25.4 2.4
      vertex -20.6698 25.4 -7.62939e-07
      vertex -18.75 25.4 -7.62939e-07
    endloop
  endfacet
  facet normal -0.826864 -0.562402 0
    outer loop
      vertex -20.6698 25.4 -7.62939e-07
      vertex -20.737 25.4988 2.4
      vertex -20.737 25.4988 -7.62939e-07
    endloop
  endfacet
  facet normal -0.826864 -0.562402 0
    outer loop
      vertex -20.737 25.4988 2.4
      vertex -20.6698 25.4 -7.62939e-07
      vertex -20.6698 25.4 2.4
    endloop
  endfacet
  facet normal -0.790158 -0.612903 0
    outer loop
      vertex -20.737 25.4988 -7.62939e-07
      vertex -20.8352 25.6254 2.4
      vertex -20.8352 25.6254 -7.62939e-07
    endloop
  endfacet
  facet normal -0.790158 -0.612903 0
    outer loop
      vertex -20.8352 25.6254 2.4
      vertex -20.737 25.4988 -7.62939e-07
      vertex -20.737 25.4988 2.4
    endloop
  endfacet
  facet normal -0.75033 -0.661064 0
    outer loop
      vertex -20.8352 25.6254 -7.62939e-07
      vertex -20.9411 25.7456 2.4
      vertex -20.9411 25.7456 -7.62939e-07
    endloop
  endfacet
  facet normal -0.75033 -0.661064 0
    outer loop
      vertex -20.9411 25.7456 2.4
      vertex -20.8352 25.6254 -7.62939e-07
      vertex -20.8352 25.6254 2.4
    endloop
  endfacet
  facet normal -0.707107 -0.707107 0
    outer loop
      vertex -20.9411 25.7456 -7.62939e-07
      vertex -21.0544 25.8589 2.4
      vertex -21.0544 25.8589 -7.62939e-07
    endloop
  endfacet
  facet normal -0.707107 -0.707107 0
    outer loop
      vertex -21.0544 25.8589 2.4
      vertex -20.9411 25.7456 -7.62939e-07
      vertex -20.9411 25.7456 2.4
    endloop
  endfacet
  facet normal -0.661064 -0.75033 0
    outer loop
      vertex -21.1746 25.9648 -7.62939e-07
      vertex -21.0544 25.8589 2.4
      vertex -21.1746 25.9648 2.4
    endloop
  endfacet
  facet normal -0.661064 -0.75033 -0
    outer loop
      vertex -21.0544 25.8589 2.4
      vertex -21.1746 25.9648 -7.62939e-07
      vertex -21.0544 25.8589 -7.62939e-07
    endloop
  endfacet
  facet normal -0.612903 -0.790158 0
    outer loop
      vertex -21.3012 26.063 -7.62939e-07
      vertex -21.1746 25.9648 2.4
      vertex -21.3012 26.063 2.4
    endloop
  endfacet
  facet normal -0.612903 -0.790158 -0
    outer loop
      vertex -21.1746 25.9648 2.4
      vertex -21.3012 26.063 -7.62939e-07
      vertex -21.1746 25.9648 -7.62939e-07
    endloop
  endfacet
  facet normal -0.561883 -0.827217 0
    outer loop
      vertex -21.4337 26.153 -7.62939e-07
      vertex -21.3012 26.063 2.4
      vertex -21.4337 26.153 2.4
    endloop
  endfacet
  facet normal -0.561883 -0.827217 -0
    outer loop
      vertex -21.3012 26.063 2.4
      vertex -21.4337 26.153 -7.62939e-07
      vertex -21.3012 26.063 -7.62939e-07
    endloop
  endfacet
  facet normal -0.509529 -0.860454 0
    outer loop
      vertex -21.5715 26.2346 -7.62939e-07
      vertex -21.4337 26.153 2.4
      vertex -21.5715 26.2346 2.4
    endloop
  endfacet
  facet normal -0.509529 -0.860454 -0
    outer loop
      vertex -21.4337 26.153 2.4
      vertex -21.5715 26.2346 -7.62939e-07
      vertex -21.4337 26.153 -7.62939e-07
    endloop
  endfacet
  facet normal -0.453692 -0.891159 0
    outer loop
      vertex -21.7143 26.3073 -7.62939e-07
      vertex -21.5715 26.2346 2.4
      vertex -21.7143 26.3073 2.4
    endloop
  endfacet
  facet normal -0.453692 -0.891159 -0
    outer loop
      vertex -21.5715 26.2346 2.4
      vertex -21.7143 26.3073 -7.62939e-07
      vertex -21.5715 26.2346 -7.62939e-07
    endloop
  endfacet
  facet normal -0.397082 -0.917783 0
    outer loop
      vertex -21.8613 26.3709 -7.62939e-07
      vertex -21.7143 26.3073 2.4
      vertex -21.8613 26.3709 2.4
    endloop
  endfacet
  facet normal -0.397082 -0.917783 -0
    outer loop
      vertex -21.7143 26.3073 2.4
      vertex -21.8613 26.3709 -7.62939e-07
      vertex -21.7143 26.3073 -7.62939e-07
    endloop
  endfacet
  facet normal -0.338985 -0.940792 0
    outer loop
      vertex -22.012 26.4252 -7.62939e-07
      vertex -21.8613 26.3709 2.4
      vertex -22.012 26.4252 2.4
    endloop
  endfacet
  facet normal -0.338985 -0.940792 -0
    outer loop
      vertex -21.8613 26.3709 2.4
      vertex -22.012 26.4252 -7.62939e-07
      vertex -21.8613 26.3709 -7.62939e-07
    endloop
  endfacet
  facet normal -0.279089 -0.960265 0
    outer loop
      vertex -22.1658 26.4699 -7.62939e-07
      vertex -22.012 26.4252 2.4
      vertex -22.1658 26.4699 2.4
    endloop
  endfacet
  facet normal -0.279089 -0.960265 -0
    outer loop
      vertex -22.012 26.4252 2.4
      vertex -22.1658 26.4699 -7.62939e-07
      vertex -22.012 26.4252 -7.62939e-07
    endloop
  endfacet
  facet normal -0.217789 -0.975996 0
    outer loop
      vertex -22.3222 26.5048 -7.62939e-07
      vertex -22.1658 26.4699 2.4
      vertex -22.3222 26.5048 2.4
    endloop
  endfacet
  facet normal -0.217789 -0.975996 -0
    outer loop
      vertex -22.1658 26.4699 2.4
      vertex -22.3222 26.5048 -7.62939e-07
      vertex -22.1658 26.4699 -7.62939e-07
    endloop
  endfacet
  facet normal -0.1567 -0.987646 0
    outer loop
      vertex -22.4804 26.5299 -7.62939e-07
      vertex -22.3222 26.5048 2.4
      vertex -22.4804 26.5299 2.4
    endloop
  endfacet
  facet normal -0.1567 -0.987646 -0
    outer loop
      vertex -22.3222 26.5048 2.4
      vertex -22.4804 26.5299 -7.62939e-07
      vertex -22.3222 26.5048 -7.62939e-07
    endloop
  endfacet
  facet normal -0.0942494 -0.995549 0
    outer loop
      vertex -22.6399 26.545 -7.62939e-07
      vertex -22.4804 26.5299 2.4
      vertex -22.6399 26.545 2.4
    endloop
  endfacet
  facet normal -0.0942494 -0.995549 -0
    outer loop
      vertex -22.4804 26.5299 2.4
      vertex -22.6399 26.545 -7.62939e-07
      vertex -22.4804 26.5299 -7.62939e-07
    endloop
  endfacet
  facet normal -0.0312153 -0.999513 0
    outer loop
      vertex -22.8 26.55 -7.62939e-07
      vertex -22.6399 26.545 2.4
      vertex -22.8 26.55 2.4
    endloop
  endfacet
  facet normal -0.0312153 -0.999513 -0
    outer loop
      vertex -22.6399 26.545 2.4
      vertex -22.8 26.55 -7.62939e-07
      vertex -22.6399 26.545 -7.62939e-07
    endloop
  endfacet
  facet normal 0.0312153 -0.999513 0
    outer loop
      vertex -22.9601 26.545 -7.62939e-07
      vertex -22.8 26.55 2.4
      vertex -22.9601 26.545 2.4
    endloop
  endfacet
  facet normal 0.0312153 -0.999513 0
    outer loop
      vertex -22.8 26.55 2.4
      vertex -22.9601 26.545 -7.62939e-07
      vertex -22.8 26.55 -7.62939e-07
    endloop
  endfacet
  facet normal 0.0942494 -0.995549 0
    outer loop
      vertex -23.1196 26.5299 -7.62939e-07
      vertex -22.9601 26.545 2.4
      vertex -23.1196 26.5299 2.4
    endloop
  endfacet
  facet normal 0.0942494 -0.995549 0
    outer loop
      vertex -22.9601 26.545 2.4
      vertex -23.1196 26.5299 -7.62939e-07
      vertex -22.9601 26.545 -7.62939e-07
    endloop
  endfacet
  facet normal 0.1567 -0.987646 0
    outer loop
      vertex -23.2778 26.5048 -7.62939e-07
      vertex -23.1196 26.5299 2.4
      vertex -23.2778 26.5048 2.4
    endloop
  endfacet
  facet normal 0.1567 -0.987646 0
    outer loop
      vertex -23.1196 26.5299 2.4
      vertex -23.2778 26.5048 -7.62939e-07
      vertex -23.1196 26.5299 -7.62939e-07
    endloop
  endfacet
  facet normal 0.217789 -0.975996 0
    outer loop
      vertex -23.4342 26.4699 -7.62939e-07
      vertex -23.2778 26.5048 2.4
      vertex -23.4342 26.4699 2.4
    endloop
  endfacet
  facet normal 0.217789 -0.975996 0
    outer loop
      vertex -23.2778 26.5048 2.4
      vertex -23.4342 26.4699 -7.62939e-07
      vertex -23.2778 26.5048 -7.62939e-07
    endloop
  endfacet
  facet normal 0.279089 -0.960265 0
    outer loop
      vertex -23.588 26.4252 -7.62939e-07
      vertex -23.4342 26.4699 2.4
      vertex -23.588 26.4252 2.4
    endloop
  endfacet
  facet normal 0.279089 -0.960265 0
    outer loop
      vertex -23.4342 26.4699 2.4
      vertex -23.588 26.4252 -7.62939e-07
      vertex -23.4342 26.4699 -7.62939e-07
    endloop
  endfacet
  facet normal 0.338985 -0.940792 0
    outer loop
      vertex -23.7387 26.3709 -7.62939e-07
      vertex -23.588 26.4252 2.4
      vertex -23.7387 26.3709 2.4
    endloop
  endfacet
  facet normal 0.338985 -0.940792 0
    outer loop
      vertex -23.588 26.4252 2.4
      vertex -23.7387 26.3709 -7.62939e-07
      vertex -23.588 26.4252 -7.62939e-07
    endloop
  endfacet
  facet normal 0.397082 -0.917783 0
    outer loop
      vertex -23.8857 26.3073 -7.62939e-07
      vertex -23.7387 26.3709 2.4
      vertex -23.8857 26.3073 2.4
    endloop
  endfacet
  facet normal 0.397082 -0.917783 0
    outer loop
      vertex -23.7387 26.3709 2.4
      vertex -23.8857 26.3073 -7.62939e-07
      vertex -23.7387 26.3709 -7.62939e-07
    endloop
  endfacet
  facet normal 0.453692 -0.891159 0
    outer loop
      vertex -24.0285 26.2346 -7.62939e-07
      vertex -23.8857 26.3073 2.4
      vertex -24.0285 26.2346 2.4
    endloop
  endfacet
  facet normal 0.453692 -0.891159 0
    outer loop
      vertex -23.8857 26.3073 2.4
      vertex -24.0285 26.2346 -7.62939e-07
      vertex -23.8857 26.3073 -7.62939e-07
    endloop
  endfacet
  facet normal 0.509529 -0.860454 0
    outer loop
      vertex -24.1663 26.153 -7.62939e-07
      vertex -24.0285 26.2346 2.4
      vertex -24.1663 26.153 2.4
    endloop
  endfacet
  facet normal 0.509529 -0.860454 0
    outer loop
      vertex -24.0285 26.2346 2.4
      vertex -24.1663 26.153 -7.62939e-07
      vertex -24.0285 26.2346 -7.62939e-07
    endloop
  endfacet
  facet normal 0.561883 -0.827217 0
    outer loop
      vertex -24.2988 26.063 -7.62939e-07
      vertex -24.1663 26.153 2.4
      vertex -24.2988 26.063 2.4
    endloop
  endfacet
  facet normal 0.561883 -0.827217 0
    outer loop
      vertex -24.1663 26.153 2.4
      vertex -24.2988 26.063 -7.62939e-07
      vertex -24.1663 26.153 -7.62939e-07
    endloop
  endfacet
  facet normal 0.612903 -0.790158 0
    outer loop
      vertex -24.4254 25.9648 -7.62939e-07
      vertex -24.2988 26.063 2.4
      vertex -24.4254 25.9648 2.4
    endloop
  endfacet
  facet normal 0.612903 -0.790158 0
    outer loop
      vertex -24.2988 26.063 2.4
      vertex -24.4254 25.9648 -7.62939e-07
      vertex -24.2988 26.063 -7.62939e-07
    endloop
  endfacet
  facet normal 0.661064 -0.75033 0
    outer loop
      vertex -24.5456 25.8589 -7.62939e-07
      vertex -24.4254 25.9648 2.4
      vertex -24.5456 25.8589 2.4
    endloop
  endfacet
  facet normal 0.661064 -0.75033 0
    outer loop
      vertex -24.4254 25.9648 2.4
      vertex -24.5456 25.8589 -7.62939e-07
      vertex -24.4254 25.9648 -7.62939e-07
    endloop
  endfacet
  facet normal 0.707107 -0.707107 0
    outer loop
      vertex -24.6589 25.7456 2.4
      vertex -24.5456 25.8589 -7.62939e-07
      vertex -24.5456 25.8589 2.4
    endloop
  endfacet
  facet normal 0.707107 -0.707107 0
    outer loop
      vertex -24.5456 25.8589 -7.62939e-07
      vertex -24.6589 25.7456 2.4
      vertex -24.6589 25.7456 -7.62939e-07
    endloop
  endfacet
  facet normal 0.75033 -0.661064 0
    outer loop
      vertex -24.7648 25.6254 2.4
      vertex -24.6589 25.7456 -7.62939e-07
      vertex -24.6589 25.7456 2.4
    endloop
  endfacet
  facet normal 0.75033 -0.661064 0
    outer loop
      vertex -24.6589 25.7456 -7.62939e-07
      vertex -24.7648 25.6254 2.4
      vertex -24.7648 25.6254 -7.62939e-07
    endloop
  endfacet
  facet normal 0.790158 -0.612903 0
    outer loop
      vertex -24.863 25.4988 2.4
      vertex -24.7648 25.6254 -7.62939e-07
      vertex -24.7648 25.6254 2.4
    endloop
  endfacet
  facet normal 0.790158 -0.612903 0
    outer loop
      vertex -24.7648 25.6254 -7.62939e-07
      vertex -24.863 25.4988 2.4
      vertex -24.863 25.4988 -7.62939e-07
    endloop
  endfacet
  facet normal 0.826864 -0.562402 0
    outer loop
      vertex -24.9302 25.4 2.4
      vertex -24.863 25.4988 -7.62939e-07
      vertex -24.863 25.4988 2.4
    endloop
  endfacet
  facet normal 0.826864 -0.562402 0
    outer loop
      vertex -24.863 25.4988 -7.62939e-07
      vertex -24.9302 25.4 2.4
      vertex -24.9302 25.4 -7.62939e-07
    endloop
  endfacet
  facet normal 0 -1 0
    outer loop
      vertex -26.85 25.4 -7.62939e-07
      vertex -24.9302 25.4 2.4
      vertex -26.85 25.4 2.4
    endloop
  endfacet
  facet normal 0 -1 -0
    outer loop
      vertex -24.9302 25.4 2.4
      vertex -26.85 25.4 -7.62939e-07
      vertex -24.9302 25.4 -7.62939e-07
    endloop
  endfacet
  facet normal 1 -0 0
    outer loop
      vertex -26.85 22.6 2.4
      vertex -26.85 25.4 -7.62939e-07
      vertex -26.85 25.4 2.4
    endloop
  endfacet
  facet normal 1 0 0
    outer loop
      vertex -26.85 25.4 -7.62939e-07
      vertex -26.85 22.6 2.4
      vertex -26.85 22.6 -7.62939e-07
    endloop
  endfacet
  facet normal 0 1 -0
    outer loop
      vertex -24.9302 22.6 -7.62939e-07
      vertex -26.85 22.6 2.4
      vertex -24.9302 22.6 2.4
    endloop
  endfacet
  facet normal 0 1 0
    outer loop
      vertex -26.85 22.6 2.4
      vertex -24.9302 22.6 -7.62939e-07
      vertex -26.85 22.6 -7.62939e-07
    endloop
  endfacet
  facet normal 0.826864 0.562402 0
    outer loop
      vertex -24.863 22.5012 2.4
      vertex -24.9302 22.6 -7.62939e-07
      vertex -24.9302 22.6 2.4
    endloop
  endfacet
  facet normal 0.826864 0.562402 0
    outer loop
      vertex -24.9302 22.6 -7.62939e-07
      vertex -24.863 22.5012 2.4
      vertex -24.863 22.5012 -7.62939e-07
    endloop
  endfacet
  facet normal 0.790158 0.612903 0
    outer loop
      vertex -24.7648 22.3746 2.4
      vertex -24.863 22.5012 -7.62939e-07
      vertex -24.863 22.5012 2.4
    endloop
  endfacet
  facet normal 0.790158 0.612903 0
    outer loop
      vertex -24.863 22.5012 -7.62939e-07
      vertex -24.7648 22.3746 2.4
      vertex -24.7648 22.3746 -7.62939e-07
    endloop
  endfacet
  facet normal 0.75033 0.661064 0
    outer loop
      vertex -24.6589 22.2544 2.4
      vertex -24.7648 22.3746 -7.62939e-07
      vertex -24.7648 22.3746 2.4
    endloop
  endfacet
  facet normal 0.75033 0.661064 0
    outer loop
      vertex -24.7648 22.3746 -7.62939e-07
      vertex -24.6589 22.2544 2.4
      vertex -24.6589 22.2544 -7.62939e-07
    endloop
  endfacet
  facet normal 0.707107 0.707107 0
    outer loop
      vertex -24.5456 22.1411 2.4
      vertex -24.6589 22.2544 -7.62939e-07
      vertex -24.6589 22.2544 2.4
    endloop
  endfacet
  facet normal 0.707107 0.707107 0
    outer loop
      vertex -24.6589 22.2544 -7.62939e-07
      vertex -24.5456 22.1411 2.4
      vertex -24.5456 22.1411 -7.62939e-07
    endloop
  endfacet
  facet normal 0.661064 0.75033 -0
    outer loop
      vertex -24.4254 22.0352 -7.62939e-07
      vertex -24.5456 22.1411 2.4
      vertex -24.4254 22.0352 2.4
    endloop
  endfacet
  facet normal 0.661064 0.75033 0
    outer loop
      vertex -24.5456 22.1411 2.4
      vertex -24.4254 22.0352 -7.62939e-07
      vertex -24.5456 22.1411 -7.62939e-07
    endloop
  endfacet
  facet normal 0.612903 0.790158 -0
    outer loop
      vertex -24.2988 21.937 -7.62939e-07
      vertex -24.4254 22.0352 2.4
      vertex -24.2988 21.937 2.4
    endloop
  endfacet
  facet normal 0.612903 0.790158 0
    outer loop
      vertex -24.4254 22.0352 2.4
      vertex -24.2988 21.937 -7.62939e-07
      vertex -24.4254 22.0352 -7.62939e-07
    endloop
  endfacet
  facet normal 0.561883 0.827217 -0
    outer loop
      vertex -24.1663 21.847 -7.62939e-07
      vertex -24.2988 21.937 2.4
      vertex -24.1663 21.847 2.4
    endloop
  endfacet
  facet normal 0.561883 0.827217 0
    outer loop
      vertex -24.2988 21.937 2.4
      vertex -24.1663 21.847 -7.62939e-07
      vertex -24.2988 21.937 -7.62939e-07
    endloop
  endfacet
  facet normal 0.509529 0.860454 -0
    outer loop
      vertex -24.0285 21.7654 -7.62939e-07
      vertex -24.1663 21.847 2.4
      vertex -24.0285 21.7654 2.4
    endloop
  endfacet
  facet normal 0.509529 0.860454 0
    outer loop
      vertex -24.1663 21.847 2.4
      vertex -24.0285 21.7654 -7.62939e-07
      vertex -24.1663 21.847 -7.62939e-07
    endloop
  endfacet
  facet normal 0.453692 0.891159 -0
    outer loop
      vertex -23.8857 21.6927 -7.62939e-07
      vertex -24.0285 21.7654 2.4
      vertex -23.8857 21.6927 2.4
    endloop
  endfacet
  facet normal 0.453692 0.891159 0
    outer loop
      vertex -24.0285 21.7654 2.4
      vertex -23.8857 21.6927 -7.62939e-07
      vertex -24.0285 21.7654 -7.62939e-07
    endloop
  endfacet
  facet normal 0.397082 0.917783 -0
    outer loop
      vertex -23.7387 21.6291 -7.62939e-07
      vertex -23.8857 21.6927 2.4
      vertex -23.7387 21.6291 2.4
    endloop
  endfacet
  facet normal 0.397082 0.917783 0
    outer loop
      vertex -23.8857 21.6927 2.4
      vertex -23.7387 21.6291 -7.62939e-07
      vertex -23.8857 21.6927 -7.62939e-07
    endloop
  endfacet
  facet normal 0.338985 0.940792 -0
    outer loop
      vertex -23.588 21.5748 -7.62939e-07
      vertex -23.7387 21.6291 2.4
      vertex -23.588 21.5748 2.4
    endloop
  endfacet
  facet normal 0.338985 0.940792 0
    outer loop
      vertex -23.7387 21.6291 2.4
      vertex -23.588 21.5748 -7.62939e-07
      vertex -23.7387 21.6291 -7.62939e-07
    endloop
  endfacet
  facet normal 0.279089 0.960265 -0
    outer loop
      vertex -23.4342 21.5301 -7.62939e-07
      vertex -23.588 21.5748 2.4
      vertex -23.4342 21.5301 2.4
    endloop
  endfacet
  facet normal 0.279089 0.960265 0
    outer loop
      vertex -23.588 21.5748 2.4
      vertex -23.4342 21.5301 -7.62939e-07
      vertex -23.588 21.5748 -7.62939e-07
    endloop
  endfacet
  facet normal 0.217789 0.975996 -0
    outer loop
      vertex -23.2778 21.4952 -7.62939e-07
      vertex -23.4342 21.5301 2.4
      vertex -23.2778 21.4952 2.4
    endloop
  endfacet
  facet normal 0.217789 0.975996 0
    outer loop
      vertex -23.4342 21.5301 2.4
      vertex -23.2778 21.4952 -7.62939e-07
      vertex -23.4342 21.5301 -7.62939e-07
    endloop
  endfacet
  facet normal 0.1567 0.987646 -0
    outer loop
      vertex -23.1196 21.4701 -7.62939e-07
      vertex -23.2778 21.4952 2.4
      vertex -23.1196 21.4701 2.4
    endloop
  endfacet
  facet normal 0.1567 0.987646 0
    outer loop
      vertex -23.2778 21.4952 2.4
      vertex -23.1196 21.4701 -7.62939e-07
      vertex -23.2778 21.4952 -7.62939e-07
    endloop
  endfacet
  facet normal 0.0942494 0.995549 -0
    outer loop
      vertex -22.9601 21.455 -7.62939e-07
      vertex -23.1196 21.4701 2.4
      vertex -22.9601 21.455 2.4
    endloop
  endfacet
  facet normal 0.0942494 0.995549 0
    outer loop
      vertex -23.1196 21.4701 2.4
      vertex -22.9601 21.455 -7.62939e-07
      vertex -23.1196 21.4701 -7.62939e-07
    endloop
  endfacet
  facet normal 0.0312153 0.999513 -0
    outer loop
      vertex -22.8 21.45 -7.62939e-07
      vertex -22.9601 21.455 2.4
      vertex -22.8 21.45 2.4
    endloop
  endfacet
  facet normal 0.0312153 0.999513 0
    outer loop
      vertex -22.9601 21.455 2.4
      vertex -22.8 21.45 -7.62939e-07
      vertex -22.9601 21.455 -7.62939e-07
    endloop
  endfacet
  facet normal -0.0312153 0.999513 0
    outer loop
      vertex -22.6399 21.455 -7.62939e-07
      vertex -22.8 21.45 2.4
      vertex -22.6399 21.455 2.4
    endloop
  endfacet
  facet normal -0.0312153 0.999513 0
    outer loop
      vertex -22.8 21.45 2.4
      vertex -22.6399 21.455 -7.62939e-07
      vertex -22.8 21.45 -7.62939e-07
    endloop
  endfacet
  facet normal -0.0942494 0.995549 0
    outer loop
      vertex 23.1196 -26.5299 -7.62939e-07
      vertex 22.9601 -26.545 2.4
      vertex 23.1196 -26.5299 2.4
    endloop
  endfacet
  facet normal -0.0942494 0.995549 0
    outer loop
      vertex 22.9601 -26.545 2.4
      vertex 23.1196 -26.5299 -7.62939e-07
      vertex 22.9601 -26.545 -7.62939e-07
    endloop
  endfacet
  facet normal -0.1567 0.987646 0
    outer loop
      vertex 23.2778 -26.5048 -7.62939e-07
      vertex 23.1196 -26.5299 2.4
      vertex 23.2778 -26.5048 2.4
    endloop
  endfacet
  facet normal -0.1567 0.987646 0
    outer loop
      vertex 23.1196 -26.5299 2.4
      vertex 23.2778 -26.5048 -7.62939e-07
      vertex 23.1196 -26.5299 -7.62939e-07
    endloop
  endfacet
  facet normal -0.217789 0.975996 0
    outer loop
      vertex 23.4342 -26.4699 -7.62939e-07
      vertex 23.2778 -26.5048 2.4
      vertex 23.4342 -26.4699 2.4
    endloop
  endfacet
  facet normal -0.217789 0.975996 0
    outer loop
      vertex 23.2778 -26.5048 2.4
      vertex 23.4342 -26.4699 -7.62939e-07
      vertex 23.2778 -26.5048 -7.62939e-07
    endloop
  endfacet
  facet normal -0.279089 0.960265 0
    outer loop
      vertex 23.588 -26.4252 -7.62939e-07
      vertex 23.4342 -26.4699 2.4
      vertex 23.588 -26.4252 2.4
    endloop
  endfacet
  facet normal -0.279089 0.960265 0
    outer loop
      vertex 23.4342 -26.4699 2.4
      vertex 23.588 -26.4252 -7.62939e-07
      vertex 23.4342 -26.4699 -7.62939e-07
    endloop
  endfacet
  facet normal -0.338985 0.940792 0
    outer loop
      vertex 23.7387 -26.3709 -7.62939e-07
      vertex 23.588 -26.4252 2.4
      vertex 23.7387 -26.3709 2.4
    endloop
  endfacet
  facet normal -0.338985 0.940792 0
    outer loop
      vertex 23.588 -26.4252 2.4
      vertex 23.7387 -26.3709 -7.62939e-07
      vertex 23.588 -26.4252 -7.62939e-07
    endloop
  endfacet
  facet normal -0.397082 0.917783 0
    outer loop
      vertex 23.8857 -26.3073 -7.62939e-07
      vertex 23.7387 -26.3709 2.4
      vertex 23.8857 -26.3073 2.4
    endloop
  endfacet
  facet normal -0.397082 0.917783 0
    outer loop
      vertex 23.7387 -26.3709 2.4
      vertex 23.8857 -26.3073 -7.62939e-07
      vertex 23.7387 -26.3709 -7.62939e-07
    endloop
  endfacet
  facet normal -0.453692 0.891159 0
    outer loop
      vertex 24.0285 -26.2346 -7.62939e-07
      vertex 23.8857 -26.3073 2.4
      vertex 24.0285 -26.2346 2.4
    endloop
  endfacet
  facet normal -0.453692 0.891159 0
    outer loop
      vertex 23.8857 -26.3073 2.4
      vertex 24.0285 -26.2346 -7.62939e-07
      vertex 23.8857 -26.3073 -7.62939e-07
    endloop
  endfacet
  facet normal -0.509529 0.860454 0
    outer loop
      vertex 24.1663 -26.153 -7.62939e-07
      vertex 24.0285 -26.2346 2.4
      vertex 24.1663 -26.153 2.4
    endloop
  endfacet
  facet normal -0.509529 0.860454 0
    outer loop
      vertex 24.0285 -26.2346 2.4
      vertex 24.1663 -26.153 -7.62939e-07
      vertex 24.0285 -26.2346 -7.62939e-07
    endloop
  endfacet
  facet normal -0.561883 0.827217 0
    outer loop
      vertex 24.2988 -26.063 -7.62939e-07
      vertex 24.1663 -26.153 2.4
      vertex 24.2988 -26.063 2.4
    endloop
  endfacet
  facet normal -0.561883 0.827217 0
    outer loop
      vertex 24.1663 -26.153 2.4
      vertex 24.2988 -26.063 -7.62939e-07
      vertex 24.1663 -26.153 -7.62939e-07
    endloop
  endfacet
  facet normal -0.612903 0.790158 0
    outer loop
      vertex 24.4254 -25.9648 -7.62939e-07
      vertex 24.2988 -26.063 2.4
      vertex 24.4254 -25.9648 2.4
    endloop
  endfacet
  facet normal -0.612903 0.790158 0
    outer loop
      vertex 24.2988 -26.063 2.4
      vertex 24.4254 -25.9648 -7.62939e-07
      vertex 24.2988 -26.063 -7.62939e-07
    endloop
  endfacet
  facet normal -0.661064 0.75033 0
    outer loop
      vertex 24.5456 -25.8589 -7.62939e-07
      vertex 24.4254 -25.9648 2.4
      vertex 24.5456 -25.8589 2.4
    endloop
  endfacet
  facet normal -0.661064 0.75033 0
    outer loop
      vertex 24.4254 -25.9648 2.4
      vertex 24.5456 -25.8589 -7.62939e-07
      vertex 24.4254 -25.9648 -7.62939e-07
    endloop
  endfacet
  facet normal -0.707107 0.707107 0
    outer loop
      vertex 24.5456 -25.8589 -7.62939e-07
      vertex 24.6589 -25.7456 2.4
      vertex 24.6589 -25.7456 -7.62939e-07
    endloop
  endfacet
  facet normal -0.707107 0.707107 0
    outer loop
      vertex 24.6589 -25.7456 2.4
      vertex 24.5456 -25.8589 -7.62939e-07
      vertex 24.5456 -25.8589 2.4
    endloop
  endfacet
  facet normal -0.75033 0.661064 0
    outer loop
      vertex 24.6589 -25.7456 -7.62939e-07
      vertex 24.7648 -25.6254 2.4
      vertex 24.7648 -25.6254 -7.62939e-07
    endloop
  endfacet
  facet normal -0.75033 0.661064 0
    outer loop
      vertex 24.7648 -25.6254 2.4
      vertex 24.6589 -25.7456 -7.62939e-07
      vertex 24.6589 -25.7456 2.4
    endloop
  endfacet
  facet normal -0.790158 0.612903 0
    outer loop
      vertex 24.7648 -25.6254 -7.62939e-07
      vertex 24.863 -25.4988 2.4
      vertex 24.863 -25.4988 -7.62939e-07
    endloop
  endfacet
  facet normal -0.790158 0.612903 0
    outer loop
      vertex 24.863 -25.4988 2.4
      vertex 24.7648 -25.6254 -7.62939e-07
      vertex 24.7648 -25.6254 2.4
    endloop
  endfacet
  facet normal -0.826864 0.562402 0
    outer loop
      vertex 24.863 -25.4988 -7.62939e-07
      vertex 24.9302 -25.4 2.4
      vertex 24.9302 -25.4 -7.62939e-07
    endloop
  endfacet
  facet normal -0.826864 0.562402 0
    outer loop
      vertex 24.9302 -25.4 2.4
      vertex 24.863 -25.4988 -7.62939e-07
      vertex 24.863 -25.4988 2.4
    endloop
  endfacet
  facet normal 0 1 -0
    outer loop
      vertex 26.85 -25.4 -7.62939e-07
      vertex 24.9302 -25.4 2.4
      vertex 26.85 -25.4 2.4
    endloop
  endfacet
  facet normal 0 1 0
    outer loop
      vertex 24.9302 -25.4 2.4
      vertex 26.85 -25.4 -7.62939e-07
      vertex 24.9302 -25.4 -7.62939e-07
    endloop
  endfacet
  facet normal -1 0 0
    outer loop
      vertex 26.85 -25.4 -7.62939e-07
      vertex 26.85 -22.6 2.4
      vertex 26.85 -22.6 -7.62939e-07
    endloop
  endfacet
  facet normal -1 -0 0
    outer loop
      vertex 26.85 -22.6 2.4
      vertex 26.85 -25.4 -7.62939e-07
      vertex 26.85 -25.4 2.4
    endloop
  endfacet
  facet normal 0 -1 0
    outer loop
      vertex 24.9302 -22.6 -7.62939e-07
      vertex 26.85 -22.6 2.4
      vertex 24.9302 -22.6 2.4
    endloop
  endfacet
  facet normal 0 -1 -0
    outer loop
      vertex 26.85 -22.6 2.4
      vertex 24.9302 -22.6 -7.62939e-07
      vertex 26.85 -22.6 -7.62939e-07
    endloop
  endfacet
  facet normal -0.826864 -0.562402 0
    outer loop
      vertex 24.9302 -22.6 -7.62939e-07
      vertex 24.863 -22.5012 2.4
      vertex 24.863 -22.5012 -7.62939e-07
    endloop
  endfacet
  facet normal -0.826864 -0.562402 0
    outer loop
      vertex 24.863 -22.5012 2.4
      vertex 24.9302 -22.6 -7.62939e-07
      vertex 24.9302 -22.6 2.4
    endloop
  endfacet
  facet normal -0.790158 -0.612903 0
    outer loop
      vertex 24.863 -22.5012 -7.62939e-07
      vertex 24.7648 -22.3746 2.4
      vertex 24.7648 -22.3746 -7.62939e-07
    endloop
  endfacet
  facet normal -0.790158 -0.612903 0
    outer loop
      vertex 24.7648 -22.3746 2.4
      vertex 24.863 -22.5012 -7.62939e-07
      vertex 24.863 -22.5012 2.4
    endloop
  endfacet
  facet normal -0.75033 -0.661064 0
    outer loop
      vertex 24.7648 -22.3746 -7.62939e-07
      vertex 24.6589 -22.2544 2.4
      vertex 24.6589 -22.2544 -7.62939e-07
    endloop
  endfacet
  facet normal -0.75033 -0.661064 0
    outer loop
      vertex 24.6589 -22.2544 2.4
      vertex 24.7648 -22.3746 -7.62939e-07
      vertex 24.7648 -22.3746 2.4
    endloop
  endfacet
  facet normal -0.707107 -0.707107 0
    outer loop
      vertex 24.6589 -22.2544 -7.62939e-07
      vertex 24.5456 -22.1411 2.4
      vertex 24.5456 -22.1411 -7.62939e-07
    endloop
  endfacet
  facet normal -0.707107 -0.707107 0
    outer loop
      vertex 24.5456 -22.1411 2.4
      vertex 24.6589 -22.2544 -7.62939e-07
      vertex 24.6589 -22.2544 2.4
    endloop
  endfacet
  facet normal -0.661064 -0.75033 0
    outer loop
      vertex 24.4254 -22.0352 -7.62939e-07
      vertex 24.5456 -22.1411 2.4
      vertex 24.4254 -22.0352 2.4
    endloop
  endfacet
  facet normal -0.661064 -0.75033 -0
    outer loop
      vertex 24.5456 -22.1411 2.4
      vertex 24.4254 -22.0352 -7.62939e-07
      vertex 24.5456 -22.1411 -7.62939e-07
    endloop
  endfacet
  facet normal -0.612903 -0.790158 0
    outer loop
      vertex 24.2988 -21.937 -7.62939e-07
      vertex 24.4254 -22.0352 2.4
      vertex 24.2988 -21.937 2.4
    endloop
  endfacet
  facet normal -0.612903 -0.790158 -0
    outer loop
      vertex 24.4254 -22.0352 2.4
      vertex 24.2988 -21.937 -7.62939e-07
      vertex 24.4254 -22.0352 -7.62939e-07
    endloop
  endfacet
  facet normal -0.561883 -0.827217 0
    outer loop
      vertex 24.1663 -21.847 -7.62939e-07
      vertex 24.2988 -21.937 2.4
      vertex 24.1663 -21.847 2.4
    endloop
  endfacet
  facet normal -0.561883 -0.827217 -0
    outer loop
      vertex 24.2988 -21.937 2.4
      vertex 24.1663 -21.847 -7.62939e-07
      vertex 24.2988 -21.937 -7.62939e-07
    endloop
  endfacet
  facet normal -0.509529 -0.860454 0
    outer loop
      vertex 24.0285 -21.7654 -7.62939e-07
      vertex 24.1663 -21.847 2.4
      vertex 24.0285 -21.7654 2.4
    endloop
  endfacet
  facet normal -0.509529 -0.860454 -0
    outer loop
      vertex 24.1663 -21.847 2.4
      vertex 24.0285 -21.7654 -7.62939e-07
      vertex 24.1663 -21.847 -7.62939e-07
    endloop
  endfacet
  facet normal -0.453692 -0.891159 0
    outer loop
      vertex 23.8857 -21.6927 -7.62939e-07
      vertex 24.0285 -21.7654 2.4
      vertex 23.8857 -21.6927 2.4
    endloop
  endfacet
  facet normal -0.453692 -0.891159 -0
    outer loop
      vertex 24.0285 -21.7654 2.4
      vertex 23.8857 -21.6927 -7.62939e-07
      vertex 24.0285 -21.7654 -7.62939e-07
    endloop
  endfacet
  facet normal -0.397082 -0.917783 0
    outer loop
      vertex 23.7387 -21.6291 -7.62939e-07
      vertex 23.8857 -21.6927 2.4
      vertex 23.7387 -21.6291 2.4
    endloop
  endfacet
  facet normal -0.397082 -0.917783 -0
    outer loop
      vertex 23.8857 -21.6927 2.4
      vertex 23.7387 -21.6291 -7.62939e-07
      vertex 23.8857 -21.6927 -7.62939e-07
    endloop
  endfacet
  facet normal -0.338985 -0.940792 0
    outer loop
      vertex 23.588 -21.5748 -7.62939e-07
      vertex 23.7387 -21.6291 2.4
      vertex 23.588 -21.5748 2.4
    endloop
  endfacet
  facet normal -0.338985 -0.940792 -0
    outer loop
      vertex 23.7387 -21.6291 2.4
      vertex 23.588 -21.5748 -7.62939e-07
      vertex 23.7387 -21.6291 -7.62939e-07
    endloop
  endfacet
  facet normal -0.279089 -0.960265 0
    outer loop
      vertex 23.4342 -21.5301 -7.62939e-07
      vertex 23.588 -21.5748 2.4
      vertex 23.4342 -21.5301 2.4
    endloop
  endfacet
  facet normal -0.279089 -0.960265 -0
    outer loop
      vertex 23.588 -21.5748 2.4
      vertex 23.4342 -21.5301 -7.62939e-07
      vertex 23.588 -21.5748 -7.62939e-07
    endloop
  endfacet
  facet normal -0.217789 -0.975996 0
    outer loop
      vertex 23.2778 -21.4952 -7.62939e-07
      vertex 23.4342 -21.5301 2.4
      vertex 23.2778 -21.4952 2.4
    endloop
  endfacet
  facet normal -0.217789 -0.975996 -0
    outer loop
      vertex 23.4342 -21.5301 2.4
      vertex 23.2778 -21.4952 -7.62939e-07
      vertex 23.4342 -21.5301 -7.62939e-07
    endloop
  endfacet
  facet normal -0.1567 -0.987646 0
    outer loop
      vertex 23.1196 -21.4701 -7.62939e-07
      vertex 23.2778 -21.4952 2.4
      vertex 23.1196 -21.4701 2.4
    endloop
  endfacet
  facet normal -0.1567 -0.987646 -0
    outer loop
      vertex 23.2778 -21.4952 2.4
      vertex 23.1196 -21.4701 -7.62939e-07
      vertex 23.2778 -21.4952 -7.62939e-07
    endloop
  endfacet
  facet normal -0.0942494 -0.995549 0
    outer loop
      vertex 22.9601 -21.455 -7.62939e-07
      vertex 23.1196 -21.4701 2.4
      vertex 22.9601 -21.455 2.4
    endloop
  endfacet
  facet normal -0.0942494 -0.995549 -0
    outer loop
      vertex 23.1196 -21.4701 2.4
      vertex 22.9601 -21.455 -7.62939e-07
      vertex 23.1196 -21.4701 -7.62939e-07
    endloop
  endfacet
  facet normal -0.0312153 -0.999513 0
    outer loop
      vertex 22.8 -21.45 -7.62939e-07
      vertex 22.9601 -21.455 2.4
      vertex 22.8 -21.45 2.4
    endloop
  endfacet
  facet normal -0.0312153 -0.999513 -0
    outer loop
      vertex 22.9601 -21.455 2.4
      vertex 22.8 -21.45 -7.62939e-07
      vertex 22.9601 -21.455 -7.62939e-07
    endloop
  endfacet
  facet normal 0.0312153 -0.999513 0
    outer loop
      vertex 22.6399 -21.455 -7.62939e-07
      vertex 22.8 -21.45 2.4
      vertex 22.6399 -21.455 2.4
    endloop
  endfacet
  facet normal 0.0312153 -0.999513 0
    outer loop
      vertex 22.8 -21.45 2.4
      vertex 22.6399 -21.455 -7.62939e-07
      vertex 22.8 -21.45 -7.62939e-07
    endloop
  endfacet
  facet normal 0.0942494 -0.995549 0
    outer loop
      vertex 22.4804 -21.4701 -7.62939e-07
      vertex 22.6399 -21.455 2.4
      vertex 22.4804 -21.4701 2.4
    endloop
  endfacet
  facet normal 0.0942494 -0.995549 0
    outer loop
      vertex 22.6399 -21.455 2.4
      vertex 22.4804 -21.4701 -7.62939e-07
      vertex 22.6399 -21.455 -7.62939e-07
    endloop
  endfacet
  facet normal 0.1567 -0.987646 0
    outer loop
      vertex 22.3222 -21.4952 -7.62939e-07
      vertex 22.4804 -21.4701 2.4
      vertex 22.3222 -21.4952 2.4
    endloop
  endfacet
  facet normal 0.1567 -0.987646 0
    outer loop
      vertex 22.4804 -21.4701 2.4
      vertex 22.3222 -21.4952 -7.62939e-07
      vertex 22.4804 -21.4701 -7.62939e-07
    endloop
  endfacet
  facet normal 0.217789 -0.975996 0
    outer loop
      vertex 22.1658 -21.5301 -7.62939e-07
      vertex 22.3222 -21.4952 2.4
      vertex 22.1658 -21.5301 2.4
    endloop
  endfacet
  facet normal 0.217789 -0.975996 0
    outer loop
      vertex 22.3222 -21.4952 2.4
      vertex 22.1658 -21.5301 -7.62939e-07
      vertex 22.3222 -21.4952 -7.62939e-07
    endloop
  endfacet
  facet normal 0.279089 -0.960265 0
    outer loop
      vertex 22.012 -21.5748 -7.62939e-07
      vertex 22.1658 -21.5301 2.4
      vertex 22.012 -21.5748 2.4
    endloop
  endfacet
  facet normal 0.279089 -0.960265 0
    outer loop
      vertex 22.1658 -21.5301 2.4
      vertex 22.012 -21.5748 -7.62939e-07
      vertex 22.1658 -21.5301 -7.62939e-07
    endloop
  endfacet
  facet normal 0.338985 -0.940792 0
    outer loop
      vertex 21.8613 -21.6291 -7.62939e-07
      vertex 22.012 -21.5748 2.4
      vertex 21.8613 -21.6291 2.4
    endloop
  endfacet
  facet normal 0.338985 -0.940792 0
    outer loop
      vertex 22.012 -21.5748 2.4
      vertex 21.8613 -21.6291 -7.62939e-07
      vertex 22.012 -21.5748 -7.62939e-07
    endloop
  endfacet
  facet normal 0.397082 -0.917783 0
    outer loop
      vertex 21.7143 -21.6927 -7.62939e-07
      vertex 21.8613 -21.6291 2.4
      vertex 21.7143 -21.6927 2.4
    endloop
  endfacet
  facet normal 0.397082 -0.917783 0
    outer loop
      vertex 21.8613 -21.6291 2.4
      vertex 21.7143 -21.6927 -7.62939e-07
      vertex 21.8613 -21.6291 -7.62939e-07
    endloop
  endfacet
  facet normal 0.453692 -0.891159 0
    outer loop
      vertex 21.5715 -21.7654 -7.62939e-07
      vertex 21.7143 -21.6927 2.4
      vertex 21.5715 -21.7654 2.4
    endloop
  endfacet
  facet normal 0.453692 -0.891159 0
    outer loop
      vertex 21.7143 -21.6927 2.4
      vertex 21.5715 -21.7654 -7.62939e-07
      vertex 21.7143 -21.6927 -7.62939e-07
    endloop
  endfacet
  facet normal 0.509529 -0.860454 0
    outer loop
      vertex 21.4337 -21.847 -7.62939e-07
      vertex 21.5715 -21.7654 2.4
      vertex 21.4337 -21.847 2.4
    endloop
  endfacet
  facet normal 0.509529 -0.860454 0
    outer loop
      vertex 21.5715 -21.7654 2.4
      vertex 21.4337 -21.847 -7.62939e-07
      vertex 21.5715 -21.7654 -7.62939e-07
    endloop
  endfacet
  facet normal 0.561883 -0.827217 0
    outer loop
      vertex 21.3012 -21.937 -7.62939e-07
      vertex 21.4337 -21.847 2.4
      vertex 21.3012 -21.937 2.4
    endloop
  endfacet
  facet normal 0.561883 -0.827217 0
    outer loop
      vertex 21.4337 -21.847 2.4
      vertex 21.3012 -21.937 -7.62939e-07
      vertex 21.4337 -21.847 -7.62939e-07
    endloop
  endfacet
  facet normal 0.612903 -0.790158 0
    outer loop
      vertex 21.1746 -22.0352 -7.62939e-07
      vertex 21.3012 -21.937 2.4
      vertex 21.1746 -22.0352 2.4
    endloop
  endfacet
  facet normal 0.612903 -0.790158 0
    outer loop
      vertex 21.3012 -21.937 2.4
      vertex 21.1746 -22.0352 -7.62939e-07
      vertex 21.3012 -21.937 -7.62939e-07
    endloop
  endfacet
  facet normal 0.661064 -0.75033 0
    outer loop
      vertex 21.0544 -22.1411 -7.62939e-07
      vertex 21.1746 -22.0352 2.4
      vertex 21.0544 -22.1411 2.4
    endloop
  endfacet
  facet normal 0.661064 -0.75033 0
    outer loop
      vertex 21.1746 -22.0352 2.4
      vertex 21.0544 -22.1411 -7.62939e-07
      vertex 21.1746 -22.0352 -7.62939e-07
    endloop
  endfacet
  facet normal 0.707107 -0.707107 0
    outer loop
      vertex 20.9411 -22.2544 2.4
      vertex 21.0544 -22.1411 -7.62939e-07
      vertex 21.0544 -22.1411 2.4
    endloop
  endfacet
  facet normal 0.707107 -0.707107 0
    outer loop
      vertex 21.0544 -22.1411 -7.62939e-07
      vertex 20.9411 -22.2544 2.4
      vertex 20.9411 -22.2544 -7.62939e-07
    endloop
  endfacet
  facet normal 0.75033 -0.661064 0
    outer loop
      vertex 20.8352 -22.3746 2.4
      vertex 20.9411 -22.2544 -7.62939e-07
      vertex 20.9411 -22.2544 2.4
    endloop
  endfacet
  facet normal 0.75033 -0.661064 0
    outer loop
      vertex 20.9411 -22.2544 -7.62939e-07
      vertex 20.8352 -22.3746 2.4
      vertex 20.8352 -22.3746 -7.62939e-07
    endloop
  endfacet
  facet normal 0.790158 -0.612903 0
    outer loop
      vertex 20.737 -22.5012 2.4
      vertex 20.8352 -22.3746 -7.62939e-07
      vertex 20.8352 -22.3746 2.4
    endloop
  endfacet
  facet normal 0.790158 -0.612903 0
    outer loop
      vertex 20.8352 -22.3746 -7.62939e-07
      vertex 20.737 -22.5012 2.4
      vertex 20.737 -22.5012 -7.62939e-07
    endloop
  endfacet
  facet normal 0.826864 -0.562402 0
    outer loop
      vertex 20.6698 -22.6 2.4
      vertex 20.737 -22.5012 -7.62939e-07
      vertex 20.737 -22.5012 2.4
    endloop
  endfacet
  facet normal 0.826864 -0.562402 0
    outer loop
      vertex 20.737 -22.5012 -7.62939e-07
      vertex 20.6698 -22.6 2.4
      vertex 20.6698 -22.6 -7.62939e-07
    endloop
  endfacet
  facet normal 0 -1 0
    outer loop
      vertex 18.75 -22.6 -7.62939e-07
      vertex 20.6698 -22.6 2.4
      vertex 18.75 -22.6 2.4
    endloop
  endfacet
  facet normal 0 -1 -0
    outer loop
      vertex 20.6698 -22.6 2.4
      vertex 18.75 -22.6 -7.62939e-07
      vertex 20.6698 -22.6 -7.62939e-07
    endloop
  endfacet
  facet normal 1 -0 0
    outer loop
      vertex 18.75 -25.4 2.4
      vertex 18.75 -22.6 -7.62939e-07
      vertex 18.75 -22.6 2.4
    endloop
  endfacet
  facet normal 1 0 0
    outer loop
      vertex 18.75 -22.6 -7.62939e-07
      vertex 18.75 -25.4 2.4
      vertex 18.75 -25.4 -7.62939e-07
    endloop
  endfacet
  facet normal 0 1 -0
    outer loop
      vertex 20.6698 -25.4 -7.62939e-07
      vertex 18.75 -25.4 2.4
      vertex 20.6698 -25.4 2.4
    endloop
  endfacet
  facet normal 0 1 0
    outer loop
      vertex 18.75 -25.4 2.4
      vertex 20.6698 -25.4 -7.62939e-07
      vertex 18.75 -25.4 -7.62939e-07
    endloop
  endfacet
  facet normal 0.826864 0.562402 0
    outer loop
      vertex 20.737 -25.4988 2.4
      vertex 20.6698 -25.4 -7.62939e-07
      vertex 20.6698 -25.4 2.4
    endloop
  endfacet
  facet normal 0.826864 0.562402 0
    outer loop
      vertex 20.6698 -25.4 -7.62939e-07
      vertex 20.737 -25.4988 2.4
      vertex 20.737 -25.4988 -7.62939e-07
    endloop
  endfacet
  facet normal 0.790158 0.612903 0
    outer loop
      vertex 20.8352 -25.6254 2.4
      vertex 20.737 -25.4988 -7.62939e-07
      vertex 20.737 -25.4988 2.4
    endloop
  endfacet
  facet normal 0.790158 0.612903 0
    outer loop
      vertex 20.737 -25.4988 -7.62939e-07
      vertex 20.8352 -25.6254 2.4
      vertex 20.8352 -25.6254 -7.62939e-07
    endloop
  endfacet
  facet normal 0.75033 0.661064 0
    outer loop
      vertex 20.9411 -25.7456 2.4
      vertex 20.8352 -25.6254 -7.62939e-07
      vertex 20.8352 -25.6254 2.4
    endloop
  endfacet
  facet normal 0.75033 0.661064 0
    outer loop
      vertex 20.8352 -25.6254 -7.62939e-07
      vertex 20.9411 -25.7456 2.4
      vertex 20.9411 -25.7456 -7.62939e-07
    endloop
  endfacet
  facet normal 0.707107 0.707107 0
    outer loop
      vertex 21.0544 -25.8589 2.4
      vertex 20.9411 -25.7456 -7.62939e-07
      vertex 20.9411 -25.7456 2.4
    endloop
  endfacet
  facet normal 0.707107 0.707107 0
    outer loop
      vertex 20.9411 -25.7456 -7.62939e-07
      vertex 21.0544 -25.8589 2.4
      vertex 21.0544 -25.8589 -7.62939e-07
    endloop
  endfacet
  facet normal 0.661064 0.75033 -0
    outer loop
      vertex 21.1746 -25.9648 -7.62939e-07
      vertex 21.0544 -25.8589 2.4
      vertex 21.1746 -25.9648 2.4
    endloop
  endfacet
  facet normal 0.661064 0.75033 0
    outer loop
      vertex 21.0544 -25.8589 2.4
      vertex 21.1746 -25.9648 -7.62939e-07
      vertex 21.0544 -25.8589 -7.62939e-07
    endloop
  endfacet
  facet normal 0.612903 0.790158 -0
    outer loop
      vertex 21.3012 -26.063 -7.62939e-07
      vertex 21.1746 -25.9648 2.4
      vertex 21.3012 -26.063 2.4
    endloop
  endfacet
  facet normal 0.612903 0.790158 0
    outer loop
      vertex 21.1746 -25.9648 2.4
      vertex 21.3012 -26.063 -7.62939e-07
      vertex 21.1746 -25.9648 -7.62939e-07
    endloop
  endfacet
  facet normal 0.561883 0.827217 -0
    outer loop
      vertex 21.4337 -26.153 -7.62939e-07
      vertex 21.3012 -26.063 2.4
      vertex 21.4337 -26.153 2.4
    endloop
  endfacet
  facet normal 0.561883 0.827217 0
    outer loop
      vertex 21.3012 -26.063 2.4
      vertex 21.4337 -26.153 -7.62939e-07
      vertex 21.3012 -26.063 -7.62939e-07
    endloop
  endfacet
  facet normal 0.509529 0.860454 -0
    outer loop
      vertex 21.5715 -26.2346 -7.62939e-07
      vertex 21.4337 -26.153 2.4
      vertex 21.5715 -26.2346 2.4
    endloop
  endfacet
  facet normal 0.509529 0.860454 0
    outer loop
      vertex 21.4337 -26.153 2.4
      vertex 21.5715 -26.2346 -7.62939e-07
      vertex 21.4337 -26.153 -7.62939e-07
    endloop
  endfacet
  facet normal 0.453692 0.891159 -0
    outer loop
      vertex 21.7143 -26.3073 -7.62939e-07
      vertex 21.5715 -26.2346 2.4
      vertex 21.7143 -26.3073 2.4
    endloop
  endfacet
  facet normal 0.453692 0.891159 0
    outer loop
      vertex 21.5715 -26.2346 2.4
      vertex 21.7143 -26.3073 -7.62939e-07
      vertex 21.5715 -26.2346 -7.62939e-07
    endloop
  endfacet
  facet normal 0.397082 0.917783 -0
    outer loop
      vertex 21.8613 -26.3709 -7.62939e-07
      vertex 21.7143 -26.3073 2.4
      vertex 21.8613 -26.3709 2.4
    endloop
  endfacet
  facet normal 0.397082 0.917783 0
    outer loop
      vertex 21.7143 -26.3073 2.4
      vertex 21.8613 -26.3709 -7.62939e-07
      vertex 21.7143 -26.3073 -7.62939e-07
    endloop
  endfacet
  facet normal 0.338985 0.940792 -0
    outer loop
      vertex 22.012 -26.4252 -7.62939e-07
      vertex 21.8613 -26.3709 2.4
      vertex 22.012 -26.4252 2.4
    endloop
  endfacet
  facet normal 0.338985 0.940792 0
    outer loop
      vertex 21.8613 -26.3709 2.4
      vertex 22.012 -26.4252 -7.62939e-07
      vertex 21.8613 -26.3709 -7.62939e-07
    endloop
  endfacet
  facet normal 0.279089 0.960265 -0
    outer loop
      vertex 22.1658 -26.4699 -7.62939e-07
      vertex 22.012 -26.4252 2.4
      vertex 22.1658 -26.4699 2.4
    endloop
  endfacet
  facet normal 0.279089 0.960265 0
    outer loop
      vertex 22.012 -26.4252 2.4
      vertex 22.1658 -26.4699 -7.62939e-07
      vertex 22.012 -26.4252 -7.62939e-07
    endloop
  endfacet
  facet normal 0.217789 0.975996 -0
    outer loop
      vertex 22.3222 -26.5048 -7.62939e-07
      vertex 22.1658 -26.4699 2.4
      vertex 22.3222 -26.5048 2.4
    endloop
  endfacet
  facet normal 0.217789 0.975996 0
    outer loop
      vertex 22.1658 -26.4699 2.4
      vertex 22.3222 -26.5048 -7.62939e-07
      vertex 22.1658 -26.4699 -7.62939e-07
    endloop
  endfacet
  facet normal 0.1567 0.987646 -0
    outer loop
      vertex 22.4804 -26.5299 -7.62939e-07
      vertex 22.3222 -26.5048 2.4
      vertex 22.4804 -26.5299 2.4
    endloop
  endfacet
  facet normal 0.1567 0.987646 0
    outer loop
      vertex 22.3222 -26.5048 2.4
      vertex 22.4804 -26.5299 -7.62939e-07
      vertex 22.3222 -26.5048 -7.62939e-07
    endloop
  endfacet
  facet normal 0.0942494 0.995549 -0
    outer loop
      vertex 22.6399 -26.545 -7.62939e-07
      vertex 22.4804 -26.5299 2.4
      vertex 22.6399 -26.545 2.4
    endloop
  endfacet
  facet normal 0.0942494 0.995549 0
    outer loop
      vertex 22.4804 -26.5299 2.4
      vertex 22.6399 -26.545 -7.62939e-07
      vertex 22.4804 -26.5299 -7.62939e-07
    endloop
  endfacet
  facet normal 0.0312153 0.999513 -0
    outer loop
      vertex 22.8 -26.55 -7.62939e-07
      vertex 22.6399 -26.545 2.4
      vertex 22.8 -26.55 2.4
    endloop
  endfacet
  facet normal 0.0312153 0.999513 0
    outer loop
      vertex 22.6399 -26.545 2.4
      vertex 22.8 -26.55 -7.62939e-07
      vertex 22.6399 -26.545 -7.62939e-07
    endloop
  endfacet
  facet normal -0.0312153 0.999513 0
    outer loop
      vertex 22.9601 -26.545 -7.62939e-07
      vertex 22.8 -26.55 2.4
      vertex 22.9601 -26.545 2.4
    endloop
  endfacet
  facet normal -0.0312153 0.999513 0
    outer loop
      vertex 22.8 -26.55 2.4
      vertex 22.9601 -26.545 -7.62939e-07
      vertex 22.8 -26.55 -7.62939e-07
    endloop
  endfacet
  facet normal -0.0942494 0.995549 0
    outer loop
      vertex 23.1196 21.4701 -7.62939e-07
      vertex 22.9601 21.455 2.4
      vertex 23.1196 21.4701 2.4
    endloop
  endfacet
  facet normal -0.0942494 0.995549 0
    outer loop
      vertex 22.9601 21.455 2.4
      vertex 23.1196 21.4701 -7.62939e-07
      vertex 22.9601 21.455 -7.62939e-07
    endloop
  endfacet
  facet normal -0.1567 0.987646 0
    outer loop
      vertex 23.2778 21.4952 -7.62939e-07
      vertex 23.1196 21.4701 2.4
      vertex 23.2778 21.4952 2.4
    endloop
  endfacet
  facet normal -0.1567 0.987646 0
    outer loop
      vertex 23.1196 21.4701 2.4
      vertex 23.2778 21.4952 -7.62939e-07
      vertex 23.1196 21.4701 -7.62939e-07
    endloop
  endfacet
  facet normal -0.217789 0.975996 0
    outer loop
      vertex 23.4342 21.5301 -7.62939e-07
      vertex 23.2778 21.4952 2.4
      vertex 23.4342 21.5301 2.4
    endloop
  endfacet
  facet normal -0.217789 0.975996 0
    outer loop
      vertex 23.2778 21.4952 2.4
      vertex 23.4342 21.5301 -7.62939e-07
      vertex 23.2778 21.4952 -7.62939e-07
    endloop
  endfacet
  facet normal -0.279089 0.960265 0
    outer loop
      vertex 23.588 21.5748 -7.62939e-07
      vertex 23.4342 21.5301 2.4
      vertex 23.588 21.5748 2.4
    endloop
  endfacet
  facet normal -0.279089 0.960265 0
    outer loop
      vertex 23.4342 21.5301 2.4
      vertex 23.588 21.5748 -7.62939e-07
      vertex 23.4342 21.5301 -7.62939e-07
    endloop
  endfacet
  facet normal -0.338985 0.940792 0
    outer loop
      vertex 23.7387 21.6291 -7.62939e-07
      vertex 23.588 21.5748 2.4
      vertex 23.7387 21.6291 2.4
    endloop
  endfacet
  facet normal -0.338985 0.940792 0
    outer loop
      vertex 23.588 21.5748 2.4
      vertex 23.7387 21.6291 -7.62939e-07
      vertex 23.588 21.5748 -7.62939e-07
    endloop
  endfacet
  facet normal -0.397082 0.917783 0
    outer loop
      vertex 23.8857 21.6927 -7.62939e-07
      vertex 23.7387 21.6291 2.4
      vertex 23.8857 21.6927 2.4
    endloop
  endfacet
  facet normal -0.397082 0.917783 0
    outer loop
      vertex 23.7387 21.6291 2.4
      vertex 23.8857 21.6927 -7.62939e-07
      vertex 23.7387 21.6291 -7.62939e-07
    endloop
  endfacet
  facet normal -0.453692 0.891159 0
    outer loop
      vertex 24.0285 21.7654 -7.62939e-07
      vertex 23.8857 21.6927 2.4
      vertex 24.0285 21.7654 2.4
    endloop
  endfacet
  facet normal -0.453692 0.891159 0
    outer loop
      vertex 23.8857 21.6927 2.4
      vertex 24.0285 21.7654 -7.62939e-07
      vertex 23.8857 21.6927 -7.62939e-07
    endloop
  endfacet
  facet normal -0.509529 0.860454 0
    outer loop
      vertex 24.1663 21.847 -7.62939e-07
      vertex 24.0285 21.7654 2.4
      vertex 24.1663 21.847 2.4
    endloop
  endfacet
  facet normal -0.509529 0.860454 0
    outer loop
      vertex 24.0285 21.7654 2.4
      vertex 24.1663 21.847 -7.62939e-07
      vertex 24.0285 21.7654 -7.62939e-07
    endloop
  endfacet
  facet normal -0.561883 0.827217 0
    outer loop
      vertex 24.2988 21.937 -7.62939e-07
      vertex 24.1663 21.847 2.4
      vertex 24.2988 21.937 2.4
    endloop
  endfacet
  facet normal -0.561883 0.827217 0
    outer loop
      vertex 24.1663 21.847 2.4
      vertex 24.2988 21.937 -7.62939e-07
      vertex 24.1663 21.847 -7.62939e-07
    endloop
  endfacet
  facet normal -0.612903 0.790158 0
    outer loop
      vertex 24.4254 22.0352 -7.62939e-07
      vertex 24.2988 21.937 2.4
      vertex 24.4254 22.0352 2.4
    endloop
  endfacet
  facet normal -0.612903 0.790158 0
    outer loop
      vertex 24.2988 21.937 2.4
      vertex 24.4254 22.0352 -7.62939e-07
      vertex 24.2988 21.937 -7.62939e-07
    endloop
  endfacet
  facet normal -0.661064 0.75033 0
    outer loop
      vertex 24.5456 22.1411 -7.62939e-07
      vertex 24.4254 22.0352 2.4
      vertex 24.5456 22.1411 2.4
    endloop
  endfacet
  facet normal -0.661064 0.75033 0
    outer loop
      vertex 24.4254 22.0352 2.4
      vertex 24.5456 22.1411 -7.62939e-07
      vertex 24.4254 22.0352 -7.62939e-07
    endloop
  endfacet
  facet normal -0.707107 0.707107 0
    outer loop
      vertex 24.5456 22.1411 -7.62939e-07
      vertex 24.6589 22.2544 2.4
      vertex 24.6589 22.2544 -7.62939e-07
    endloop
  endfacet
  facet normal -0.707107 0.707107 0
    outer loop
      vertex 24.6589 22.2544 2.4
      vertex 24.5456 22.1411 -7.62939e-07
      vertex 24.5456 22.1411 2.4
    endloop
  endfacet
  facet normal -0.75033 0.661064 0
    outer loop
      vertex 24.6589 22.2544 -7.62939e-07
      vertex 24.7648 22.3746 2.4
      vertex 24.7648 22.3746 -7.62939e-07
    endloop
  endfacet
  facet normal -0.75033 0.661064 0
    outer loop
      vertex 24.7648 22.3746 2.4
      vertex 24.6589 22.2544 -7.62939e-07
      vertex 24.6589 22.2544 2.4
    endloop
  endfacet
  facet normal -0.790158 0.612903 0
    outer loop
      vertex 24.7648 22.3746 -7.62939e-07
      vertex 24.863 22.5012 2.4
      vertex 24.863 22.5012 -7.62939e-07
    endloop
  endfacet
  facet normal -0.790158 0.612903 0
    outer loop
      vertex 24.863 22.5012 2.4
      vertex 24.7648 22.3746 -7.62939e-07
      vertex 24.7648 22.3746 2.4
    endloop
  endfacet
  facet normal -0.826864 0.562402 0
    outer loop
      vertex 24.863 22.5012 -7.62939e-07
      vertex 24.9302 22.6 2.4
      vertex 24.9302 22.6 -7.62939e-07
    endloop
  endfacet
  facet normal -0.826864 0.562402 0
    outer loop
      vertex 24.9302 22.6 2.4
      vertex 24.863 22.5012 -7.62939e-07
      vertex 24.863 22.5012 2.4
    endloop
  endfacet
  facet normal 0 1 -0
    outer loop
      vertex 26.85 22.6 -7.62939e-07
      vertex 24.9302 22.6 2.4
      vertex 26.85 22.6 2.4
    endloop
  endfacet
  facet normal 0 1 0
    outer loop
      vertex 24.9302 22.6 2.4
      vertex 26.85 22.6 -7.62939e-07
      vertex 24.9302 22.6 -7.62939e-07
    endloop
  endfacet
  facet normal -1 0 0
    outer loop
      vertex 26.85 22.6 -7.62939e-07
      vertex 26.85 25.4 2.4
      vertex 26.85 25.4 -7.62939e-07
    endloop
  endfacet
  facet normal -1 -0 0
    outer loop
      vertex 26.85 25.4 2.4
      vertex 26.85 22.6 -7.62939e-07
      vertex 26.85 22.6 2.4
    endloop
  endfacet
  facet normal 0 -1 0
    outer loop
      vertex 24.9302 25.4 -7.62939e-07
      vertex 26.85 25.4 2.4
      vertex 24.9302 25.4 2.4
    endloop
  endfacet
  facet normal 0 -1 -0
    outer loop
      vertex 26.85 25.4 2.4
      vertex 24.9302 25.4 -7.62939e-07
      vertex 26.85 25.4 -7.62939e-07
    endloop
  endfacet
  facet normal -0.826864 -0.562402 0
    outer loop
      vertex 24.9302 25.4 -7.62939e-07
      vertex 24.863 25.4988 2.4
      vertex 24.863 25.4988 -7.62939e-07
    endloop
  endfacet
  facet normal -0.826864 -0.562402 0
    outer loop
      vertex 24.863 25.4988 2.4
      vertex 24.9302 25.4 -7.62939e-07
      vertex 24.9302 25.4 2.4
    endloop
  endfacet
  facet normal -0.790158 -0.612903 0
    outer loop
      vertex 24.863 25.4988 -7.62939e-07
      vertex 24.7648 25.6254 2.4
      vertex 24.7648 25.6254 -7.62939e-07
    endloop
  endfacet
  facet normal -0.790158 -0.612903 0
    outer loop
      vertex 24.7648 25.6254 2.4
      vertex 24.863 25.4988 -7.62939e-07
      vertex 24.863 25.4988 2.4
    endloop
  endfacet
  facet normal -0.75033 -0.661064 0
    outer loop
      vertex 24.7648 25.6254 -7.62939e-07
      vertex 24.6589 25.7456 2.4
      vertex 24.6589 25.7456 -7.62939e-07
    endloop
  endfacet
  facet normal -0.75033 -0.661064 0
    outer loop
      vertex 24.6589 25.7456 2.4
      vertex 24.7648 25.6254 -7.62939e-07
      vertex 24.7648 25.6254 2.4
    endloop
  endfacet
  facet normal -0.707107 -0.707107 0
    outer loop
      vertex 24.6589 25.7456 -7.62939e-07
      vertex 24.5456 25.8589 2.4
      vertex 24.5456 25.8589 -7.62939e-07
    endloop
  endfacet
  facet normal -0.707107 -0.707107 0
    outer loop
      vertex 24.5456 25.8589 2.4
      vertex 24.6589 25.7456 -7.62939e-07
      vertex 24.6589 25.7456 2.4
    endloop
  endfacet
  facet normal -0.661064 -0.75033 0
    outer loop
      vertex 24.4254 25.9648 -7.62939e-07
      vertex 24.5456 25.8589 2.4
      vertex 24.4254 25.9648 2.4
    endloop
  endfacet
  facet normal -0.661064 -0.75033 -0
    outer loop
      vertex 24.5456 25.8589 2.4
      vertex 24.4254 25.9648 -7.62939e-07
      vertex 24.5456 25.8589 -7.62939e-07
    endloop
  endfacet
  facet normal -0.612903 -0.790158 0
    outer loop
      vertex 24.2988 26.063 -7.62939e-07
      vertex 24.4254 25.9648 2.4
      vertex 24.2988 26.063 2.4
    endloop
  endfacet
  facet normal -0.612903 -0.790158 -0
    outer loop
      vertex 24.4254 25.9648 2.4
      vertex 24.2988 26.063 -7.62939e-07
      vertex 24.4254 25.9648 -7.62939e-07
    endloop
  endfacet
  facet normal -0.561883 -0.827217 0
    outer loop
      vertex 24.1663 26.153 -7.62939e-07
      vertex 24.2988 26.063 2.4
      vertex 24.1663 26.153 2.4
    endloop
  endfacet
  facet normal -0.561883 -0.827217 -0
    outer loop
      vertex 24.2988 26.063 2.4
      vertex 24.1663 26.153 -7.62939e-07
      vertex 24.2988 26.063 -7.62939e-07
    endloop
  endfacet
  facet normal -0.509529 -0.860454 0
    outer loop
      vertex 24.0285 26.2346 -7.62939e-07
      vertex 24.1663 26.153 2.4
      vertex 24.0285 26.2346 2.4
    endloop
  endfacet
  facet normal -0.509529 -0.860454 -0
    outer loop
      vertex 24.1663 26.153 2.4
      vertex 24.0285 26.2346 -7.62939e-07
      vertex 24.1663 26.153 -7.62939e-07
    endloop
  endfacet
  facet normal -0.453692 -0.891159 0
    outer loop
      vertex 23.8857 26.3073 -7.62939e-07
      vertex 24.0285 26.2346 2.4
      vertex 23.8857 26.3073 2.4
    endloop
  endfacet
  facet normal -0.453692 -0.891159 -0
    outer loop
      vertex 24.0285 26.2346 2.4
      vertex 23.8857 26.3073 -7.62939e-07
      vertex 24.0285 26.2346 -7.62939e-07
    endloop
  endfacet
  facet normal -0.397082 -0.917783 0
    outer loop
      vertex 23.7387 26.3709 -7.62939e-07
      vertex 23.8857 26.3073 2.4
      vertex 23.7387 26.3709 2.4
    endloop
  endfacet
  facet normal -0.397082 -0.917783 -0
    outer loop
      vertex 23.8857 26.3073 2.4
      vertex 23.7387 26.3709 -7.62939e-07
      vertex 23.8857 26.3073 -7.62939e-07
    endloop
  endfacet
  facet normal -0.338985 -0.940792 0
    outer loop
      vertex 23.588 26.4252 -7.62939e-07
      vertex 23.7387 26.3709 2.4
      vertex 23.588 26.4252 2.4
    endloop
  endfacet
  facet normal -0.338985 -0.940792 -0
    outer loop
      vertex 23.7387 26.3709 2.4
      vertex 23.588 26.4252 -7.62939e-07
      vertex 23.7387 26.3709 -7.62939e-07
    endloop
  endfacet
  facet normal -0.279089 -0.960265 0
    outer loop
      vertex 23.4342 26.4699 -7.62939e-07
      vertex 23.588 26.4252 2.4
      vertex 23.4342 26.4699 2.4
    endloop
  endfacet
  facet normal -0.279089 -0.960265 -0
    outer loop
      vertex 23.588 26.4252 2.4
      vertex 23.4342 26.4699 -7.62939e-07
      vertex 23.588 26.4252 -7.62939e-07
    endloop
  endfacet
  facet normal -0.217789 -0.975996 0
    outer loop
      vertex 23.2778 26.5048 -7.62939e-07
      vertex 23.4342 26.4699 2.4
      vertex 23.2778 26.5048 2.4
    endloop
  endfacet
  facet normal -0.217789 -0.975996 -0
    outer loop
      vertex 23.4342 26.4699 2.4
      vertex 23.2778 26.5048 -7.62939e-07
      vertex 23.4342 26.4699 -7.62939e-07
    endloop
  endfacet
  facet normal -0.1567 -0.987646 0
    outer loop
      vertex 23.1196 26.5299 -7.62939e-07
      vertex 23.2778 26.5048 2.4
      vertex 23.1196 26.5299 2.4
    endloop
  endfacet
  facet normal -0.1567 -0.987646 -0
    outer loop
      vertex 23.2778 26.5048 2.4
      vertex 23.1196 26.5299 -7.62939e-07
      vertex 23.2778 26.5048 -7.62939e-07
    endloop
  endfacet
  facet normal -0.0942494 -0.995549 0
    outer loop
      vertex 22.9601 26.545 -7.62939e-07
      vertex 23.1196 26.5299 2.4
      vertex 22.9601 26.545 2.4
    endloop
  endfacet
  facet normal -0.0942494 -0.995549 -0
    outer loop
      vertex 23.1196 26.5299 2.4
      vertex 22.9601 26.545 -7.62939e-07
      vertex 23.1196 26.5299 -7.62939e-07
    endloop
  endfacet
  facet normal -0.0312153 -0.999513 0
    outer loop
      vertex 22.8 26.55 -7.62939e-07
      vertex 22.9601 26.545 2.4
      vertex 22.8 26.55 2.4
    endloop
  endfacet
  facet normal -0.0312153 -0.999513 -0
    outer loop
      vertex 22.9601 26.545 2.4
      vertex 22.8 26.55 -7.62939e-07
      vertex 22.9601 26.545 -7.62939e-07
    endloop
  endfacet
  facet normal 0.0312153 -0.999513 0
    outer loop
      vertex 22.6399 26.545 -7.62939e-07
      vertex 22.8 26.55 2.4
      vertex 22.6399 26.545 2.4
    endloop
  endfacet
  facet normal 0.0312153 -0.999513 0
    outer loop
      vertex 22.8 26.55 2.4
      vertex 22.6399 26.545 -7.62939e-07
      vertex 22.8 26.55 -7.62939e-07
    endloop
  endfacet
  facet normal 0.0942494 -0.995549 0
    outer loop
      vertex 22.4804 26.5299 -7.62939e-07
      vertex 22.6399 26.545 2.4
      vertex 22.4804 26.5299 2.4
    endloop
  endfacet
  facet normal 0.0942494 -0.995549 0
    outer loop
      vertex 22.6399 26.545 2.4
      vertex 22.4804 26.5299 -7.62939e-07
      vertex 22.6399 26.545 -7.62939e-07
    endloop
  endfacet
  facet normal 0.1567 -0.987646 0
    outer loop
      vertex 22.3222 26.5048 -7.62939e-07
      vertex 22.4804 26.5299 2.4
      vertex 22.3222 26.5048 2.4
    endloop
  endfacet
  facet normal 0.1567 -0.987646 0
    outer loop
      vertex 22.4804 26.5299 2.4
      vertex 22.3222 26.5048 -7.62939e-07
      vertex 22.4804 26.5299 -7.62939e-07
    endloop
  endfacet
  facet normal 0.217789 -0.975996 0
    outer loop
      vertex 22.1658 26.4699 -7.62939e-07
      vertex 22.3222 26.5048 2.4
      vertex 22.1658 26.4699 2.4
    endloop
  endfacet
  facet normal 0.217789 -0.975996 0
    outer loop
      vertex 22.3222 26.5048 2.4
      vertex 22.1658 26.4699 -7.62939e-07
      vertex 22.3222 26.5048 -7.62939e-07
    endloop
  endfacet
  facet normal 0.279089 -0.960265 0
    outer loop
      vertex 22.012 26.4252 -7.62939e-07
      vertex 22.1658 26.4699 2.4
      vertex 22.012 26.4252 2.4
    endloop
  endfacet
  facet normal 0.279089 -0.960265 0
    outer loop
      vertex 22.1658 26.4699 2.4
      vertex 22.012 26.4252 -7.62939e-07
      vertex 22.1658 26.4699 -7.62939e-07
    endloop
  endfacet
  facet normal 0.338985 -0.940792 0
    outer loop
      vertex 21.8613 26.3709 -7.62939e-07
      vertex 22.012 26.4252 2.4
      vertex 21.8613 26.3709 2.4
    endloop
  endfacet
  facet normal 0.338985 -0.940792 0
    outer loop
      vertex 22.012 26.4252 2.4
      vertex 21.8613 26.3709 -7.62939e-07
      vertex 22.012 26.4252 -7.62939e-07
    endloop
  endfacet
  facet normal 0.397082 -0.917783 0
    outer loop
      vertex 21.7143 26.3073 -7.62939e-07
      vertex 21.8613 26.3709 2.4
      vertex 21.7143 26.3073 2.4
    endloop
  endfacet
  facet normal 0.397082 -0.917783 0
    outer loop
      vertex 21.8613 26.3709 2.4
      vertex 21.7143 26.3073 -7.62939e-07
      vertex 21.8613 26.3709 -7.62939e-07
    endloop
  endfacet
  facet normal 0.453692 -0.891159 0
    outer loop
      vertex 21.5715 26.2346 -7.62939e-07
      vertex 21.7143 26.3073 2.4
      vertex 21.5715 26.2346 2.4
    endloop
  endfacet
  facet normal 0.453692 -0.891159 0
    outer loop
      vertex 21.7143 26.3073 2.4
      vertex 21.5715 26.2346 -7.62939e-07
      vertex 21.7143 26.3073 -7.62939e-07
    endloop
  endfacet
  facet normal 0.509529 -0.860454 0
    outer loop
      vertex 21.4337 26.153 -7.62939e-07
      vertex 21.5715 26.2346 2.4
      vertex 21.4337 26.153 2.4
    endloop
  endfacet
  facet normal 0.509529 -0.860454 0
    outer loop
      vertex 21.5715 26.2346 2.4
      vertex 21.4337 26.153 -7.62939e-07
      vertex 21.5715 26.2346 -7.62939e-07
    endloop
  endfacet
  facet normal 0.561883 -0.827217 0
    outer loop
      vertex 21.3012 26.063 -7.62939e-07
      vertex 21.4337 26.153 2.4
      vertex 21.3012 26.063 2.4
    endloop
  endfacet
  facet normal 0.561883 -0.827217 0
    outer loop
      vertex 21.4337 26.153 2.4
      vertex 21.3012 26.063 -7.62939e-07
      vertex 21.4337 26.153 -7.62939e-07
    endloop
  endfacet
  facet normal 0.612903 -0.790158 0
    outer loop
      vertex 21.1746 25.9648 -7.62939e-07
      vertex 21.3012 26.063 2.4
      vertex 21.1746 25.9648 2.4
    endloop
  endfacet
  facet normal 0.612903 -0.790158 0
    outer loop
      vertex 21.3012 26.063 2.4
      vertex 21.1746 25.9648 -7.62939e-07
      vertex 21.3012 26.063 -7.62939e-07
    endloop
  endfacet
  facet normal 0.661064 -0.75033 0
    outer loop
      vertex 21.0544 25.8589 -7.62939e-07
      vertex 21.1746 25.9648 2.4
      vertex 21.0544 25.8589 2.4
    endloop
  endfacet
  facet normal 0.661064 -0.75033 0
    outer loop
      vertex 21.1746 25.9648 2.4
      vertex 21.0544 25.8589 -7.62939e-07
      vertex 21.1746 25.9648 -7.62939e-07
    endloop
  endfacet
  facet normal 0.707107 -0.707107 0
    outer loop
      vertex 20.9411 25.7456 2.4
      vertex 21.0544 25.8589 -7.62939e-07
      vertex 21.0544 25.8589 2.4
    endloop
  endfacet
  facet normal 0.707107 -0.707107 0
    outer loop
      vertex 21.0544 25.8589 -7.62939e-07
      vertex 20.9411 25.7456 2.4
      vertex 20.9411 25.7456 -7.62939e-07
    endloop
  endfacet
  facet normal 0.75033 -0.661064 0
    outer loop
      vertex 20.8352 25.6254 2.4
      vertex 20.9411 25.7456 -7.62939e-07
      vertex 20.9411 25.7456 2.4
    endloop
  endfacet
  facet normal 0.75033 -0.661064 0
    outer loop
      vertex 20.9411 25.7456 -7.62939e-07
      vertex 20.8352 25.6254 2.4
      vertex 20.8352 25.6254 -7.62939e-07
    endloop
  endfacet
  facet normal 0.790158 -0.612903 0
    outer loop
      vertex 20.737 25.4988 2.4
      vertex 20.8352 25.6254 -7.62939e-07
      vertex 20.8352 25.6254 2.4
    endloop
  endfacet
  facet normal 0.790158 -0.612903 0
    outer loop
      vertex 20.8352 25.6254 -7.62939e-07
      vertex 20.737 25.4988 2.4
      vertex 20.737 25.4988 -7.62939e-07
    endloop
  endfacet
  facet normal 0.826864 -0.562402 0
    outer loop
      vertex 20.6698 25.4 2.4
      vertex 20.737 25.4988 -7.62939e-07
      vertex 20.737 25.4988 2.4
    endloop
  endfacet
  facet normal 0.826864 -0.562402 0
    outer loop
      vertex 20.737 25.4988 -7.62939e-07
      vertex 20.6698 25.4 2.4
      vertex 20.6698 25.4 -7.62939e-07
    endloop
  endfacet
  facet normal 0 -1 0
    outer loop
      vertex 18.75 25.4 -7.62939e-07
      vertex 20.6698 25.4 2.4
      vertex 18.75 25.4 2.4
    endloop
  endfacet
  facet normal 0 -1 -0
    outer loop
      vertex 20.6698 25.4 2.4
      vertex 18.75 25.4 -7.62939e-07
      vertex 20.6698 25.4 -7.62939e-07
    endloop
  endfacet
  facet normal 1 -0 0
    outer loop
      vertex 18.75 22.6 2.4
      vertex 18.75 25.4 -7.62939e-07
      vertex 18.75 25.4 2.4
    endloop
  endfacet
  facet normal 1 0 0
    outer loop
      vertex 18.75 25.4 -7.62939e-07
      vertex 18.75 22.6 2.4
      vertex 18.75 22.6 -7.62939e-07
    endloop
  endfacet
  facet normal 0 1 -0
    outer loop
      vertex 20.6698 22.6 -7.62939e-07
      vertex 18.75 22.6 2.4
      vertex 20.6698 22.6 2.4
    endloop
  endfacet
  facet normal 0 1 0
    outer loop
      vertex 18.75 22.6 2.4
      vertex 20.6698 22.6 -7.62939e-07
      vertex 18.75 22.6 -7.62939e-07
    endloop
  endfacet
  facet normal 0.826864 0.562402 0
    outer loop
      vertex 20.737 22.5012 2.4
      vertex 20.6698 22.6 -7.62939e-07
      vertex 20.6698 22.6 2.4
    endloop
  endfacet
  facet normal 0.826864 0.562402 0
    outer loop
      vertex 20.6698 22.6 -7.62939e-07
      vertex 20.737 22.5012 2.4
      vertex 20.737 22.5012 -7.62939e-07
    endloop
  endfacet
  facet normal 0.790158 0.612903 0
    outer loop
      vertex 20.8352 22.3746 2.4
      vertex 20.737 22.5012 -7.62939e-07
      vertex 20.737 22.5012 2.4
    endloop
  endfacet
  facet normal 0.790158 0.612903 0
    outer loop
      vertex 20.737 22.5012 -7.62939e-07
      vertex 20.8352 22.3746 2.4
      vertex 20.8352 22.3746 -7.62939e-07
    endloop
  endfacet
  facet normal 0.75033 0.661064 0
    outer loop
      vertex 20.9411 22.2544 2.4
      vertex 20.8352 22.3746 -7.62939e-07
      vertex 20.8352 22.3746 2.4
    endloop
  endfacet
  facet normal 0.75033 0.661064 0
    outer loop
      vertex 20.8352 22.3746 -7.62939e-07
      vertex 20.9411 22.2544 2.4
      vertex 20.9411 22.2544 -7.62939e-07
    endloop
  endfacet
  facet normal 0.707107 0.707107 0
    outer loop
      vertex 21.0544 22.1411 2.4
      vertex 20.9411 22.2544 -7.62939e-07
      vertex 20.9411 22.2544 2.4
    endloop
  endfacet
  facet normal 0.707107 0.707107 0
    outer loop
      vertex 20.9411 22.2544 -7.62939e-07
      vertex 21.0544 22.1411 2.4
      vertex 21.0544 22.1411 -7.62939e-07
    endloop
  endfacet
  facet normal 0.661064 0.75033 -0
    outer loop
      vertex 21.1746 22.0352 -7.62939e-07
      vertex 21.0544 22.1411 2.4
      vertex 21.1746 22.0352 2.4
    endloop
  endfacet
  facet normal 0.661064 0.75033 0
    outer loop
      vertex 21.0544 22.1411 2.4
      vertex 21.1746 22.0352 -7.62939e-07
      vertex 21.0544 22.1411 -7.62939e-07
    endloop
  endfacet
  facet normal 0.612903 0.790158 -0
    outer loop
      vertex 21.3012 21.937 -7.62939e-07
      vertex 21.1746 22.0352 2.4
      vertex 21.3012 21.937 2.4
    endloop
  endfacet
  facet normal 0.612903 0.790158 0
    outer loop
      vertex 21.1746 22.0352 2.4
      vertex 21.3012 21.937 -7.62939e-07
      vertex 21.1746 22.0352 -7.62939e-07
    endloop
  endfacet
  facet normal 0.561883 0.827217 -0
    outer loop
      vertex 21.4337 21.847 -7.62939e-07
      vertex 21.3012 21.937 2.4
      vertex 21.4337 21.847 2.4
    endloop
  endfacet
  facet normal 0.561883 0.827217 0
    outer loop
      vertex 21.3012 21.937 2.4
      vertex 21.4337 21.847 -7.62939e-07
      vertex 21.3012 21.937 -7.62939e-07
    endloop
  endfacet
  facet normal 0.509529 0.860454 -0
    outer loop
      vertex 21.5715 21.7654 -7.62939e-07
      vertex 21.4337 21.847 2.4
      vertex 21.5715 21.7654 2.4
    endloop
  endfacet
  facet normal 0.509529 0.860454 0
    outer loop
      vertex 21.4337 21.847 2.4
      vertex 21.5715 21.7654 -7.62939e-07
      vertex 21.4337 21.847 -7.62939e-07
    endloop
  endfacet
  facet normal 0.453692 0.891159 -0
    outer loop
      vertex 21.7143 21.6927 -7.62939e-07
      vertex 21.5715 21.7654 2.4
      vertex 21.7143 21.6927 2.4
    endloop
  endfacet
  facet normal 0.453692 0.891159 0
    outer loop
      vertex 21.5715 21.7654 2.4
      vertex 21.7143 21.6927 -7.62939e-07
      vertex 21.5715 21.7654 -7.62939e-07
    endloop
  endfacet
  facet normal 0.397082 0.917783 -0
    outer loop
      vertex 21.8613 21.6291 -7.62939e-07
      vertex 21.7143 21.6927 2.4
      vertex 21.8613 21.6291 2.4
    endloop
  endfacet
  facet normal 0.397082 0.917783 0
    outer loop
      vertex 21.7143 21.6927 2.4
      vertex 21.8613 21.6291 -7.62939e-07
      vertex 21.7143 21.6927 -7.62939e-07
    endloop
  endfacet
  facet normal 0.338985 0.940792 -0
    outer loop
      vertex 22.012 21.5748 -7.62939e-07
      vertex 21.8613 21.6291 2.4
      vertex 22.012 21.5748 2.4
    endloop
  endfacet
  facet normal 0.338985 0.940792 0
    outer loop
      vertex 21.8613 21.6291 2.4
      vertex 22.012 21.5748 -7.62939e-07
      vertex 21.8613 21.6291 -7.62939e-07
    endloop
  endfacet
  facet normal 0.279089 0.960265 -0
    outer loop
      vertex 22.1658 21.5301 -7.62939e-07
      vertex 22.012 21.5748 2.4
      vertex 22.1658 21.5301 2.4
    endloop
  endfacet
  facet normal 0.279089 0.960265 0
    outer loop
      vertex 22.012 21.5748 2.4
      vertex 22.1658 21.5301 -7.62939e-07
      vertex 22.012 21.5748 -7.62939e-07
    endloop
  endfacet
  facet normal 0.217789 0.975996 -0
    outer loop
      vertex 22.3222 21.4952 -7.62939e-07
      vertex 22.1658 21.5301 2.4
      vertex 22.3222 21.4952 2.4
    endloop
  endfacet
  facet normal 0.217789 0.975996 0
    outer loop
      vertex 22.1658 21.5301 2.4
      vertex 22.3222 21.4952 -7.62939e-07
      vertex 22.1658 21.5301 -7.62939e-07
    endloop
  endfacet
  facet normal 0.1567 0.987646 -0
    outer loop
      vertex 22.4804 21.4701 -7.62939e-07
      vertex 22.3222 21.4952 2.4
      vertex 22.4804 21.4701 2.4
    endloop
  endfacet
  facet normal 0.1567 0.987646 0
    outer loop
      vertex 22.3222 21.4952 2.4
      vertex 22.4804 21.4701 -7.62939e-07
      vertex 22.3222 21.4952 -7.62939e-07
    endloop
  endfacet
  facet normal 0.0942494 0.995549 -0
    outer loop
      vertex 22.6399 21.455 -7.62939e-07
      vertex 22.4804 21.4701 2.4
      vertex 22.6399 21.455 2.4
    endloop
  endfacet
  facet normal 0.0942494 0.995549 0
    outer loop
      vertex 22.4804 21.4701 2.4
      vertex 22.6399 21.455 -7.62939e-07
      vertex 22.4804 21.4701 -7.62939e-07
    endloop
  endfacet
  facet normal 0.0312153 0.999513 -0
    outer loop
      vertex 22.8 21.45 -7.62939e-07
      vertex 22.6399 21.455 2.4
      vertex 22.8 21.45 2.4
    endloop
  endfacet
  facet normal 0.0312153 0.999513 0
    outer loop
      vertex 22.6399 21.455 2.4
      vertex 22.8 21.45 -7.62939e-07
      vertex 22.6399 21.455 -7.62939e-07
    endloop
  endfacet
  facet normal -0.0312153 0.999513 0
    outer loop
      vertex 22.9601 21.455 -7.62939e-07
      vertex 22.8 21.45 2.4
      vertex 22.9601 21.455 2.4
    endloop
  endfacet
  facet normal -0.0312153 0.999513 0
    outer loop
      vertex 22.8 21.45 2.4
      vertex 22.9601 21.455 -7.62939e-07
      vertex 22.8 21.45 -7.62939e-07
    endloop
  endfacet
  facet normal -0.999506 -0.031421 0
    outer loop
      vertex 23 0 -7.62939e-07
      vertex 22.9546 1.44418 2.4
      vertex 22.9546 1.44418 -7.62939e-07
    endloop
  endfacet
  facet normal -0.999506 -0.031421 0
    outer loop
      vertex 22.9546 1.44418 2.4
      vertex 23 0 -7.62939e-07
      vertex 23 0 2.4
    endloop
  endfacet
  facet normal 1 -0 0
    outer loop
      vertex -23 0 2.4
      vertex -23 0.000485541 -7.62939e-07
      vertex -23 0.000485541 2.4
    endloop
  endfacet
  facet normal 1 0 0
    outer loop
      vertex -23 0.000485541 -7.62939e-07
      vertex -23 0 2.4
      vertex -23 0 -7.62939e-07
    endloop
  endfacet
  facet normal -0.031421 -0.999506 0
    outer loop
      vertex 0 23 -7.62939e-07
      vertex 1.44418 22.9546 2.4
      vertex 0 23 2.4
    endloop
  endfacet
  facet normal -0.031421 -0.999506 -0
    outer loop
      vertex 1.44418 22.9546 2.4
      vertex 0 23 -7.62939e-07
      vertex 1.44418 22.9546 -7.62939e-07
    endloop
  endfacet
  facet normal 0.031421 0.999506 -0
    outer loop
      vertex 0 -23 -7.62939e-07
      vertex -1.44418 -22.9546 2.4
      vertex 0 -23 2.4
    endloop
  endfacet
  facet normal 0.031421 0.999506 0
    outer loop
      vertex -1.44418 -22.9546 2.4
      vertex 0 -23 -7.62939e-07
      vertex -1.44418 -22.9546 -7.62939e-07
    endloop
  endfacet
  facet normal -0.707107 -0.707107 0
    outer loop
      vertex 16.7663 15.7446 -7.62939e-07
      vertex 15.7446 16.7663 2.4
      vertex 15.7446 16.7663 -7.62939e-07
    endloop
  endfacet
  facet normal -0.707107 -0.707107 0
    outer loop
      vertex 15.7446 16.7663 2.4
      vertex 16.7663 15.7446 -7.62939e-07
      vertex 16.7663 15.7446 2.4
    endloop
  endfacet
  facet normal 0.661313 -0.75011 0
    outer loop
      vertex -15.7446 16.7663 -7.62939e-07
      vertex -14.6608 17.7218 2.4
      vertex -15.7446 16.7663 2.4
    endloop
  endfacet
  facet normal 0.661313 -0.75011 0
    outer loop
      vertex -14.6608 17.7218 2.4
      vertex -15.7446 16.7663 -7.62939e-07
      vertex -14.6608 17.7218 -7.62939e-07
    endloop
  endfacet
  facet normal 0.338714 -0.940889 0
    outer loop
      vertex -8.46686 21.3849 -7.62939e-07
      vertex -7.10739 21.8743 2.4
      vertex -8.46686 21.3849 2.4
    endloop
  endfacet
  facet normal 0.338714 -0.940889 0
    outer loop
      vertex -7.10739 21.8743 2.4
      vertex -8.46686 21.3849 -7.62939e-07
      vertex -7.10739 21.8743 -7.62939e-07
    endloop
  endfacet
  facet normal -0.917739 -0.397184 0
    outer loop
      vertex 21.3849 8.46686 -7.62939e-07
      vertex 20.811 9.79292 2.4
      vertex 20.811 9.79292 -7.62939e-07
    endloop
  endfacet
  facet normal -0.917739 -0.397184 0
    outer loop
      vertex 20.811 9.79292 2.4
      vertex 21.3849 8.46686 -7.62939e-07
      vertex 21.3849 8.46686 2.4
    endloop
  endfacet
  facet normal -0.397184 -0.917739 0
    outer loop
      vertex 8.46686 21.3849 -7.62939e-07
      vertex 9.79292 20.811 2.4
      vertex 8.46686 21.3849 2.4
    endloop
  endfacet
  facet normal -0.397184 -0.917739 -0
    outer loop
      vertex 9.79292 20.811 2.4
      vertex 8.46686 21.3849 -7.62939e-07
      vertex 9.79292 20.811 -7.62939e-07
    endloop
  endfacet
  facet normal -0.562041 -0.827109 0
    outer loop
      vertex 12.324 19.4195 -7.62939e-07
      vertex 13.5191 18.6074 2.4
      vertex 12.324 19.4195 2.4
    endloop
  endfacet
  facet normal -0.562041 -0.827109 -0
    outer loop
      vertex 13.5191 18.6074 2.4
      vertex 12.324 19.4195 -7.62939e-07
      vertex 13.5191 18.6074 -7.62939e-07
    endloop
  endfacet
  facet normal 0.156413 -0.987692 0
    outer loop
      vertex -4.30977 22.5926 -7.62939e-07
      vertex -2.88266 22.8186 2.4
      vertex -4.30977 22.5926 2.4
    endloop
  endfacet
  facet normal 0.156413 -0.987692 0
    outer loop
      vertex -2.88266 22.8186 2.4
      vertex -4.30977 22.5926 -7.62939e-07
      vertex -2.88266 22.8186 -7.62939e-07
    endloop
  endfacet
  facet normal -0.975916 -0.218147 0
    outer loop
      vertex 22.5926 4.30977 -7.62939e-07
      vertex 22.2774 5.71987 2.4
      vertex 22.2774 5.71987 -7.62939e-07
    endloop
  endfacet
  facet normal -0.975916 -0.218147 0
    outer loop
      vertex 22.2774 5.71987 2.4
      vertex 22.5926 4.30977 -7.62939e-07
      vertex 22.5926 4.30977 2.4
    endloop
  endfacet
  facet normal -0.827109 -0.562041 0
    outer loop
      vertex 19.4195 12.324 -7.62939e-07
      vertex 18.6074 13.5191 2.4
      vertex 18.6074 13.5191 -7.62939e-07
    endloop
  endfacet
  facet normal -0.827109 -0.562041 0
    outer loop
      vertex 18.6074 13.5191 2.4
      vertex 19.4195 12.324 -7.62939e-07
      vertex 19.4195 12.324 2.4
    endloop
  endfacet
  facet normal -0.891021 -0.453961 0
    outer loop
      vertex 20.811 9.79292 -7.62939e-07
      vertex 20.1551 11.0803 2.4
      vertex 20.1551 11.0803 -7.62939e-07
    endloop
  endfacet
  facet normal -0.891021 -0.453961 0
    outer loop
      vertex 20.1551 11.0803 2.4
      vertex 20.811 9.79292 -7.62939e-07
      vertex 20.811 9.79292 2.4
    endloop
  endfacet
  facet normal -0.218147 -0.975916 0
    outer loop
      vertex 4.30977 22.5926 -7.62939e-07
      vertex 5.71987 22.2774 2.4
      vertex 4.30977 22.5926 2.4
    endloop
  endfacet
  facet normal -0.218147 -0.975916 -0
    outer loop
      vertex 5.71987 22.2774 2.4
      vertex 4.30977 22.5926 -7.62939e-07
      vertex 5.71987 22.2774 -7.62939e-07
    endloop
  endfacet
  facet normal -0.509081 -0.860718 0
    outer loop
      vertex 11.0803 20.1551 -7.62939e-07
      vertex 12.324 19.4195 2.4
      vertex 11.0803 20.1551 2.4
    endloop
  endfacet
  facet normal -0.509081 -0.860718 -0
    outer loop
      vertex 12.324 19.4195 2.4
      vertex 11.0803 20.1551 -7.62939e-07
      vertex 12.324 19.4195 -7.62939e-07
    endloop
  endfacet
  facet normal -0.61291 -0.790153 0
    outer loop
      vertex 13.5191 18.6074 -7.62939e-07
      vertex 14.6608 17.7218 2.4
      vertex 13.5191 18.6074 2.4
    endloop
  endfacet
  facet normal -0.61291 -0.790153 -0
    outer loop
      vertex 14.6608 17.7218 2.4
      vertex 13.5191 18.6074 -7.62939e-07
      vertex 14.6608 17.7218 -7.62939e-07
    endloop
  endfacet
  facet normal 0.790153 -0.61291 0
    outer loop
      vertex -18.6074 13.5191 2.4
      vertex -17.7218 14.6608 -7.62939e-07
      vertex -17.7218 14.6608 2.4
    endloop
  endfacet
  facet normal 0.790153 -0.61291 0
    outer loop
      vertex -17.7218 14.6608 -7.62939e-07
      vertex -18.6074 13.5191 2.4
      vertex -18.6074 13.5191 -7.62939e-07
    endloop
  endfacet
  facet normal 0.707107 -0.707107 0
    outer loop
      vertex -16.7663 15.7446 2.4
      vertex -15.7446 16.7663 -7.62939e-07
      vertex -15.7446 16.7663 2.4
    endloop
  endfacet
  facet normal 0.707107 -0.707107 0
    outer loop
      vertex -15.7446 16.7663 -7.62939e-07
      vertex -16.7663 15.7446 2.4
      vertex -16.7663 15.7446 -7.62939e-07
    endloop
  endfacet
  facet normal 0.509081 -0.860718 0
    outer loop
      vertex -12.324 19.4195 -7.62939e-07
      vertex -11.0803 20.1551 2.4
      vertex -12.324 19.4195 2.4
    endloop
  endfacet
  facet normal 0.509081 -0.860718 0
    outer loop
      vertex -11.0803 20.1551 2.4
      vertex -12.324 19.4195 -7.62939e-07
      vertex -11.0803 20.1551 -7.62939e-07
    endloop
  endfacet
  facet normal 0.562041 -0.827109 0
    outer loop
      vertex -13.5191 18.6074 -7.62939e-07
      vertex -12.324 19.4195 2.4
      vertex -13.5191 18.6074 2.4
    endloop
  endfacet
  facet normal 0.562041 -0.827109 0
    outer loop
      vertex -12.324 19.4195 2.4
      vertex -13.5191 18.6074 -7.62939e-07
      vertex -12.324 19.4195 -7.62939e-07
    endloop
  endfacet
  facet normal 0.218147 -0.975916 0
    outer loop
      vertex -5.71987 22.2774 -7.62939e-07
      vertex -4.30977 22.5926 2.4
      vertex -5.71987 22.2774 2.4
    endloop
  endfacet
  facet normal 0.218147 -0.975916 0
    outer loop
      vertex -4.30977 22.5926 2.4
      vertex -5.71987 22.2774 -7.62939e-07
      vertex -4.30977 22.5926 -7.62939e-07
    endloop
  endfacet
  facet normal 0.031421 -0.999506 0
    outer loop
      vertex -1.44418 22.9546 -7.62939e-07
      vertex 0 23 2.4
      vertex -1.44418 22.9546 2.4
    endloop
  endfacet
  facet normal 0.031421 -0.999506 0
    outer loop
      vertex 0 23 2.4
      vertex -1.44418 22.9546 -7.62939e-07
      vertex 0 23 -7.62939e-07
    endloop
  endfacet
  facet normal -0.031421 0.999506 0
    outer loop
      vertex 1.44418 -22.9546 -7.62939e-07
      vertex 0 -23 2.4
      vertex 1.44418 -22.9546 2.4
    endloop
  endfacet
  facet normal -0.031421 0.999506 0
    outer loop
      vertex 0 -23 2.4
      vertex 1.44418 -22.9546 -7.62939e-07
      vertex 0 -23 -7.62939e-07
    endloop
  endfacet
  facet normal -0.218147 0.975916 0
    outer loop
      vertex 5.71987 -22.2774 -7.62939e-07
      vertex 4.30977 -22.5926 2.4
      vertex 5.71987 -22.2774 2.4
    endloop
  endfacet
  facet normal -0.218147 0.975916 0
    outer loop
      vertex 4.30977 -22.5926 2.4
      vertex 5.71987 -22.2774 -7.62939e-07
      vertex 4.30977 -22.5926 -7.62939e-07
    endloop
  endfacet
  facet normal -0.860718 0.509081 0
    outer loop
      vertex 19.4195 -12.324 -7.62939e-07
      vertex 20.1551 -11.0803 2.4
      vertex 20.1551 -11.0803 -7.62939e-07
    endloop
  endfacet
  facet normal -0.860718 0.509081 0
    outer loop
      vertex 20.1551 -11.0803 2.4
      vertex 19.4195 -12.324 -7.62939e-07
      vertex 19.4195 -12.324 2.4
    endloop
  endfacet
  facet normal -0.987692 0.156413 0
    outer loop
      vertex 22.5926 -4.30977 -7.62939e-07
      vertex 22.8186 -2.88266 2.4
      vertex 22.8186 -2.88266 -7.62939e-07
    endloop
  endfacet
  facet normal -0.987692 0.156413 0
    outer loop
      vertex 22.8186 -2.88266 2.4
      vertex 22.5926 -4.30977 -7.62939e-07
      vertex 22.5926 -4.30977 2.4
    endloop
  endfacet
  facet normal 0.661313 0.75011 -0
    outer loop
      vertex -14.6608 -17.7218 -7.62939e-07
      vertex -15.7446 -16.7663 2.4
      vertex -14.6608 -17.7218 2.4
    endloop
  endfacet
  facet normal 0.661313 0.75011 0
    outer loop
      vertex -15.7446 -16.7663 2.4
      vertex -14.6608 -17.7218 -7.62939e-07
      vertex -15.7446 -16.7663 -7.62939e-07
    endloop
  endfacet
  facet normal 0.707107 0.707107 0
    outer loop
      vertex -15.7446 -16.7663 2.4
      vertex -16.7663 -15.7446 -7.62939e-07
      vertex -16.7663 -15.7446 2.4
    endloop
  endfacet
  facet normal 0.707107 0.707107 0
    outer loop
      vertex -16.7663 -15.7446 -7.62939e-07
      vertex -15.7446 -16.7663 2.4
      vertex -15.7446 -16.7663 -7.62939e-07
    endloop
  endfacet
  facet normal 0.397184 0.917739 -0
    outer loop
      vertex -8.46686 -21.3849 -7.62939e-07
      vertex -9.79292 -20.811 2.4
      vertex -8.46686 -21.3849 2.4
    endloop
  endfacet
  facet normal 0.397184 0.917739 0
    outer loop
      vertex -9.79292 -20.811 2.4
      vertex -8.46686 -21.3849 -7.62939e-07
      vertex -9.79292 -20.811 -7.62939e-07
    endloop
  endfacet
  facet normal 0.860718 0.509081 0
    outer loop
      vertex -19.4195 -12.324 2.4
      vertex -20.1551 -11.0803 -7.62939e-07
      vertex -20.1551 -11.0803 2.4
    endloop
  endfacet
  facet normal 0.860718 0.509081 0
    outer loop
      vertex -20.1551 -11.0803 -7.62939e-07
      vertex -19.4195 -12.324 2.4
      vertex -19.4195 -12.324 -7.62939e-07
    endloop
  endfacet
  facet normal 0.827109 0.562041 0
    outer loop
      vertex -18.6074 -13.5191 2.4
      vertex -19.4195 -12.324 -7.62939e-07
      vertex -19.4195 -12.324 2.4
    endloop
  endfacet
  facet normal 0.827109 0.562041 0
    outer loop
      vertex -19.4195 -12.324 -7.62939e-07
      vertex -18.6074 -13.5191 2.4
      vertex -18.6074 -13.5191 -7.62939e-07
    endloop
  endfacet
  facet normal 1 -0 0
    outer loop
      vertex -23 -0.000485541 2.4
      vertex -23 0 -7.62939e-07
      vertex -23 0 2.4
    endloop
  endfacet
  facet normal 1 0 0
    outer loop
      vertex -23 0 -7.62939e-07
      vertex -23 -0.000485541 2.4
      vertex -23 -0.000485541 -7.62939e-07
    endloop
  endfacet
  facet normal -0.987692 -0.156413 0
    outer loop
      vertex 22.8186 2.88266 -7.62939e-07
      vertex 22.5926 4.30977 2.4
      vertex 22.5926 4.30977 -7.62939e-07
    endloop
  endfacet
  facet normal -0.987692 -0.156413 0
    outer loop
      vertex 22.5926 4.30977 2.4
      vertex 22.8186 2.88266 -7.62939e-07
      vertex 22.8186 2.88266 2.4
    endloop
  endfacet
  facet normal -0.99556 -0.0941245 0
    outer loop
      vertex 22.9546 1.44418 -7.62939e-07
      vertex 22.8186 2.88266 2.4
      vertex 22.8186 2.88266 -7.62939e-07
    endloop
  endfacet
  facet normal -0.99556 -0.0941245 0
    outer loop
      vertex 22.8186 2.88266 2.4
      vertex 22.9546 1.44418 -7.62939e-07
      vertex 22.9546 1.44418 2.4
    endloop
  endfacet
  facet normal -0.940889 -0.338714 0
    outer loop
      vertex 21.8743 7.10739 -7.62939e-07
      vertex 21.3849 8.46686 2.4
      vertex 21.3849 8.46686 -7.62939e-07
    endloop
  endfacet
  facet normal -0.940889 -0.338714 0
    outer loop
      vertex 21.3849 8.46686 2.4
      vertex 21.8743 7.10739 -7.62939e-07
      vertex 21.8743 7.10739 2.4
    endloop
  endfacet
  facet normal -0.960296 -0.278984 0
    outer loop
      vertex 22.2774 5.71987 -7.62939e-07
      vertex 21.8743 7.10739 2.4
      vertex 21.8743 7.10739 -7.62939e-07
    endloop
  endfacet
  facet normal -0.960296 -0.278984 0
    outer loop
      vertex 21.8743 7.10739 2.4
      vertex 22.2774 5.71987 -7.62939e-07
      vertex 22.2774 5.71987 2.4
    endloop
  endfacet
  facet normal -0.790153 -0.61291 0
    outer loop
      vertex 18.6074 13.5191 -7.62939e-07
      vertex 17.7218 14.6608 2.4
      vertex 17.7218 14.6608 -7.62939e-07
    endloop
  endfacet
  facet normal -0.790153 -0.61291 0
    outer loop
      vertex 17.7218 14.6608 2.4
      vertex 18.6074 13.5191 -7.62939e-07
      vertex 18.6074 13.5191 2.4
    endloop
  endfacet
  facet normal -0.75011 -0.661313 0
    outer loop
      vertex 17.7218 14.6608 -7.62939e-07
      vertex 16.7663 15.7446 2.4
      vertex 16.7663 15.7446 -7.62939e-07
    endloop
  endfacet
  facet normal -0.75011 -0.661313 0
    outer loop
      vertex 16.7663 15.7446 2.4
      vertex 17.7218 14.6608 -7.62939e-07
      vertex 17.7218 14.6608 2.4
    endloop
  endfacet
  facet normal -0.278984 -0.960296 0
    outer loop
      vertex 5.71987 22.2774 -7.62939e-07
      vertex 7.10739 21.8743 2.4
      vertex 5.71987 22.2774 2.4
    endloop
  endfacet
  facet normal -0.278984 -0.960296 -0
    outer loop
      vertex 7.10739 21.8743 2.4
      vertex 5.71987 22.2774 -7.62939e-07
      vertex 7.10739 21.8743 -7.62939e-07
    endloop
  endfacet
  facet normal -0.338714 -0.940889 0
    outer loop
      vertex 7.10739 21.8743 -7.62939e-07
      vertex 8.46686 21.3849 2.4
      vertex 7.10739 21.8743 2.4
    endloop
  endfacet
  facet normal -0.338714 -0.940889 -0
    outer loop
      vertex 8.46686 21.3849 2.4
      vertex 7.10739 21.8743 -7.62939e-07
      vertex 8.46686 21.3849 -7.62939e-07
    endloop
  endfacet
  facet normal -0.0941245 -0.99556 0
    outer loop
      vertex 1.44418 22.9546 -7.62939e-07
      vertex 2.88266 22.8186 2.4
      vertex 1.44418 22.9546 2.4
    endloop
  endfacet
  facet normal -0.0941245 -0.99556 -0
    outer loop
      vertex 2.88266 22.8186 2.4
      vertex 1.44418 22.9546 -7.62939e-07
      vertex 2.88266 22.8186 -7.62939e-07
    endloop
  endfacet
  facet normal -0.453961 -0.891021 0
    outer loop
      vertex 9.79292 20.811 -7.62939e-07
      vertex 11.0803 20.1551 2.4
      vertex 9.79292 20.811 2.4
    endloop
  endfacet
  facet normal -0.453961 -0.891021 -0
    outer loop
      vertex 11.0803 20.1551 2.4
      vertex 9.79292 20.811 -7.62939e-07
      vertex 11.0803 20.1551 -7.62939e-07
    endloop
  endfacet
  facet normal -0.661313 -0.75011 0
    outer loop
      vertex 14.6608 17.7218 -7.62939e-07
      vertex 15.7446 16.7663 2.4
      vertex 14.6608 17.7218 2.4
    endloop
  endfacet
  facet normal -0.661313 -0.75011 -0
    outer loop
      vertex 15.7446 16.7663 2.4
      vertex 14.6608 17.7218 -7.62939e-07
      vertex 15.7446 16.7663 -7.62939e-07
    endloop
  endfacet
  facet normal 0.75011 -0.661313 0
    outer loop
      vertex -17.7218 14.6608 2.4
      vertex -16.7663 15.7446 -7.62939e-07
      vertex -16.7663 15.7446 2.4
    endloop
  endfacet
  facet normal 0.75011 -0.661313 0
    outer loop
      vertex -16.7663 15.7446 -7.62939e-07
      vertex -17.7218 14.6608 2.4
      vertex -17.7218 14.6608 -7.62939e-07
    endloop
  endfacet
  facet normal 0.860718 -0.509081 0
    outer loop
      vertex -20.1551 11.0803 2.4
      vertex -19.4195 12.324 -7.62939e-07
      vertex -19.4195 12.324 2.4
    endloop
  endfacet
  facet normal 0.860718 -0.509081 0
    outer loop
      vertex -19.4195 12.324 -7.62939e-07
      vertex -20.1551 11.0803 2.4
      vertex -20.1551 11.0803 -7.62939e-07
    endloop
  endfacet
  facet normal 0.891073 -0.453859 0
    outer loop
      vertex -20.196 11 2.4
      vertex -20.1551 11.0803 -7.62939e-07
      vertex -20.1551 11.0803 2.4
    endloop
  endfacet
  facet normal 0.891073 -0.453859 0
    outer loop
      vertex -20.1551 11.0803 -7.62939e-07
      vertex -20.196 11 2.4
      vertex -20.196 11 -7.62939e-07
    endloop
  endfacet
  facet normal 0.827109 -0.562041 0
    outer loop
      vertex -19.4195 12.324 2.4
      vertex -18.6074 13.5191 -7.62939e-07
      vertex -18.6074 13.5191 2.4
    endloop
  endfacet
  facet normal 0.827109 -0.562041 0
    outer loop
      vertex -18.6074 13.5191 -7.62939e-07
      vertex -19.4195 12.324 2.4
      vertex -19.4195 12.324 -7.62939e-07
    endloop
  endfacet
  facet normal 0.453961 -0.891021 0
    outer loop
      vertex -11.0803 20.1551 -7.62939e-07
      vertex -9.79292 20.811 2.4
      vertex -11.0803 20.1551 2.4
    endloop
  endfacet
  facet normal 0.453961 -0.891021 0
    outer loop
      vertex -9.79292 20.811 2.4
      vertex -11.0803 20.1551 -7.62939e-07
      vertex -9.79292 20.811 -7.62939e-07
    endloop
  endfacet
  facet normal 0.397184 -0.917739 0
    outer loop
      vertex -9.79292 20.811 -7.62939e-07
      vertex -8.46686 21.3849 2.4
      vertex -9.79292 20.811 2.4
    endloop
  endfacet
  facet normal 0.397184 -0.917739 0
    outer loop
      vertex -8.46686 21.3849 2.4
      vertex -9.79292 20.811 -7.62939e-07
      vertex -8.46686 21.3849 -7.62939e-07
    endloop
  endfacet
  facet normal 0.61291 -0.790153 0
    outer loop
      vertex -14.6608 17.7218 -7.62939e-07
      vertex -13.5191 18.6074 2.4
      vertex -14.6608 17.7218 2.4
    endloop
  endfacet
  facet normal 0.61291 -0.790153 0
    outer loop
      vertex -13.5191 18.6074 2.4
      vertex -14.6608 17.7218 -7.62939e-07
      vertex -13.5191 18.6074 -7.62939e-07
    endloop
  endfacet
  facet normal 0.278984 -0.960296 0
    outer loop
      vertex -7.10739 21.8743 -7.62939e-07
      vertex -5.71987 22.2774 2.4
      vertex -7.10739 21.8743 2.4
    endloop
  endfacet
  facet normal 0.278984 -0.960296 0
    outer loop
      vertex -5.71987 22.2774 2.4
      vertex -7.10739 21.8743 -7.62939e-07
      vertex -5.71987 22.2774 -7.62939e-07
    endloop
  endfacet
  facet normal -0.999506 0.031421 0
    outer loop
      vertex 22.9546 -1.44418 -7.62939e-07
      vertex 23 0 2.4
      vertex 23 0 -7.62939e-07
    endloop
  endfacet
  facet normal -0.999506 0.031421 0
    outer loop
      vertex 23 0 2.4
      vertex 22.9546 -1.44418 -7.62939e-07
      vertex 22.9546 -1.44418 2.4
    endloop
  endfacet
  facet normal -0.0941245 0.99556 0
    outer loop
      vertex 2.88266 -22.8186 -7.62939e-07
      vertex 1.44418 -22.9546 2.4
      vertex 2.88266 -22.8186 2.4
    endloop
  endfacet
  facet normal -0.0941245 0.99556 0
    outer loop
      vertex 1.44418 -22.9546 2.4
      vertex 2.88266 -22.8186 -7.62939e-07
      vertex 1.44418 -22.9546 -7.62939e-07
    endloop
  endfacet
  facet normal -0.278984 0.960296 0
    outer loop
      vertex 7.10739 -21.8743 -7.62939e-07
      vertex 5.71987 -22.2774 2.4
      vertex 7.10739 -21.8743 2.4
    endloop
  endfacet
  facet normal -0.278984 0.960296 0
    outer loop
      vertex 5.71987 -22.2774 2.4
      vertex 7.10739 -21.8743 -7.62939e-07
      vertex 5.71987 -22.2774 -7.62939e-07
    endloop
  endfacet
  facet normal -0.661313 0.75011 0
    outer loop
      vertex 15.7446 -16.7663 -7.62939e-07
      vertex 14.6608 -17.7218 2.4
      vertex 15.7446 -16.7663 2.4
    endloop
  endfacet
  facet normal -0.661313 0.75011 0
    outer loop
      vertex 14.6608 -17.7218 2.4
      vertex 15.7446 -16.7663 -7.62939e-07
      vertex 14.6608 -17.7218 -7.62939e-07
    endloop
  endfacet
  facet normal -0.61291 0.790153 0
    outer loop
      vertex 14.6608 -17.7218 -7.62939e-07
      vertex 13.5191 -18.6074 2.4
      vertex 14.6608 -17.7218 2.4
    endloop
  endfacet
  facet normal -0.61291 0.790153 0
    outer loop
      vertex 13.5191 -18.6074 2.4
      vertex 14.6608 -17.7218 -7.62939e-07
      vertex 13.5191 -18.6074 -7.62939e-07
    endloop
  endfacet
  facet normal -0.707107 0.707107 0
    outer loop
      vertex 15.7446 -16.7663 -7.62939e-07
      vertex 16.7663 -15.7446 2.4
      vertex 16.7663 -15.7446 -7.62939e-07
    endloop
  endfacet
  facet normal -0.707107 0.707107 0
    outer loop
      vertex 16.7663 -15.7446 2.4
      vertex 15.7446 -16.7663 -7.62939e-07
      vertex 15.7446 -16.7663 2.4
    endloop
  endfacet
  facet normal -0.509081 0.860718 0
    outer loop
      vertex 12.324 -19.4195 -7.62939e-07
      vertex 11.0803 -20.1551 2.4
      vertex 12.324 -19.4195 2.4
    endloop
  endfacet
  facet normal -0.509081 0.860718 0
    outer loop
      vertex 11.0803 -20.1551 2.4
      vertex 12.324 -19.4195 -7.62939e-07
      vertex 11.0803 -20.1551 -7.62939e-07
    endloop
  endfacet
  facet normal -0.562041 0.827109 0
    outer loop
      vertex 13.5191 -18.6074 -7.62939e-07
      vertex 12.324 -19.4195 2.4
      vertex 13.5191 -18.6074 2.4
    endloop
  endfacet
  facet normal -0.562041 0.827109 0
    outer loop
      vertex 12.324 -19.4195 2.4
      vertex 13.5191 -18.6074 -7.62939e-07
      vertex 12.324 -19.4195 -7.62939e-07
    endloop
  endfacet
  facet normal -0.397184 0.917739 0
    outer loop
      vertex 9.79292 -20.811 -7.62939e-07
      vertex 8.46686 -21.3849 2.4
      vertex 9.79292 -20.811 2.4
    endloop
  endfacet
  facet normal -0.397184 0.917739 0
    outer loop
      vertex 8.46686 -21.3849 2.4
      vertex 9.79292 -20.811 -7.62939e-07
      vertex 8.46686 -21.3849 -7.62939e-07
    endloop
  endfacet
  facet normal -0.75011 0.661313 0
    outer loop
      vertex 16.7663 -15.7446 -7.62939e-07
      vertex 17.7218 -14.6608 2.4
      vertex 17.7218 -14.6608 -7.62939e-07
    endloop
  endfacet
  facet normal -0.75011 0.661313 0
    outer loop
      vertex 17.7218 -14.6608 2.4
      vertex 16.7663 -15.7446 -7.62939e-07
      vertex 16.7663 -15.7446 2.4
    endloop
  endfacet
  facet normal -0.827109 0.562041 0
    outer loop
      vertex 18.6074 -13.5191 -7.62939e-07
      vertex 19.4195 -12.324 2.4
      vertex 19.4195 -12.324 -7.62939e-07
    endloop
  endfacet
  facet normal -0.827109 0.562041 0
    outer loop
      vertex 19.4195 -12.324 2.4
      vertex 18.6074 -13.5191 -7.62939e-07
      vertex 18.6074 -13.5191 2.4
    endloop
  endfacet
  facet normal -0.891021 0.453961 0
    outer loop
      vertex 20.1551 -11.0803 -7.62939e-07
      vertex 20.811 -9.79292 2.4
      vertex 20.811 -9.79292 -7.62939e-07
    endloop
  endfacet
  facet normal -0.891021 0.453961 0
    outer loop
      vertex 20.811 -9.79292 2.4
      vertex 20.1551 -11.0803 -7.62939e-07
      vertex 20.1551 -11.0803 2.4
    endloop
  endfacet
  facet normal -0.940889 0.338714 0
    outer loop
      vertex 21.3849 -8.46686 -7.62939e-07
      vertex 21.8743 -7.10739 2.4
      vertex 21.8743 -7.10739 -7.62939e-07
    endloop
  endfacet
  facet normal -0.940889 0.338714 0
    outer loop
      vertex 21.8743 -7.10739 2.4
      vertex 21.3849 -8.46686 -7.62939e-07
      vertex 21.3849 -8.46686 2.4
    endloop
  endfacet
  facet normal -0.975916 0.218147 0
    outer loop
      vertex 22.2774 -5.71987 -7.62939e-07
      vertex 22.5926 -4.30977 2.4
      vertex 22.5926 -4.30977 -7.62939e-07
    endloop
  endfacet
  facet normal -0.975916 0.218147 0
    outer loop
      vertex 22.5926 -4.30977 2.4
      vertex 22.2774 -5.71987 -7.62939e-07
      vertex 22.2774 -5.71987 2.4
    endloop
  endfacet
  facet normal 0.562041 0.827109 -0
    outer loop
      vertex -12.324 -19.4195 -7.62939e-07
      vertex -13.5191 -18.6074 2.4
      vertex -12.324 -19.4195 2.4
    endloop
  endfacet
  facet normal 0.562041 0.827109 0
    outer loop
      vertex -13.5191 -18.6074 2.4
      vertex -12.324 -19.4195 -7.62939e-07
      vertex -13.5191 -18.6074 -7.62939e-07
    endloop
  endfacet
  facet normal 0.453961 0.891021 -0
    outer loop
      vertex -9.79292 -20.811 -7.62939e-07
      vertex -11.0803 -20.1551 2.4
      vertex -9.79292 -20.811 2.4
    endloop
  endfacet
  facet normal 0.453961 0.891021 0
    outer loop
      vertex -11.0803 -20.1551 2.4
      vertex -9.79292 -20.811 -7.62939e-07
      vertex -11.0803 -20.1551 -7.62939e-07
    endloop
  endfacet
  facet normal 0.278984 0.960296 -0
    outer loop
      vertex -5.71987 -22.2774 -7.62939e-07
      vertex -7.10739 -21.8743 2.4
      vertex -5.71987 -22.2774 2.4
    endloop
  endfacet
  facet normal 0.278984 0.960296 0
    outer loop
      vertex -7.10739 -21.8743 2.4
      vertex -5.71987 -22.2774 -7.62939e-07
      vertex -7.10739 -21.8743 -7.62939e-07
    endloop
  endfacet
  facet normal 0.338714 0.940889 -0
    outer loop
      vertex -7.10739 -21.8743 -7.62939e-07
      vertex -8.46686 -21.3849 2.4
      vertex -7.10739 -21.8743 2.4
    endloop
  endfacet
  facet normal 0.338714 0.940889 0
    outer loop
      vertex -8.46686 -21.3849 2.4
      vertex -7.10739 -21.8743 -7.62939e-07
      vertex -8.46686 -21.3849 -7.62939e-07
    endloop
  endfacet
  facet normal 0.218147 0.975916 -0
    outer loop
      vertex -4.30977 -22.5926 -7.62939e-07
      vertex -5.71987 -22.2774 2.4
      vertex -4.30977 -22.5926 2.4
    endloop
  endfacet
  facet normal 0.218147 0.975916 0
    outer loop
      vertex -5.71987 -22.2774 2.4
      vertex -4.30977 -22.5926 -7.62939e-07
      vertex -5.71987 -22.2774 -7.62939e-07
    endloop
  endfacet
  facet normal 0.156413 0.987692 -0
    outer loop
      vertex -2.88266 -22.8186 -7.62939e-07
      vertex -4.30977 -22.5926 2.4
      vertex -2.88266 -22.8186 2.4
    endloop
  endfacet
  facet normal 0.156413 0.987692 0
    outer loop
      vertex -4.30977 -22.5926 2.4
      vertex -2.88266 -22.8186 -7.62939e-07
      vertex -4.30977 -22.5926 -7.62939e-07
    endloop
  endfacet
  facet normal 0.891073 0.453859 0
    outer loop
      vertex -20.1551 -11.0803 2.4
      vertex -20.196 -11 -7.62939e-07
      vertex -20.196 -11 2.4
    endloop
  endfacet
  facet normal 0.891073 0.453859 0
    outer loop
      vertex -20.196 -11 -7.62939e-07
      vertex -20.1551 -11.0803 2.4
      vertex -20.1551 -11.0803 -7.62939e-07
    endloop
  endfacet
  facet normal 0.790153 0.61291 0
    outer loop
      vertex -17.7218 -14.6608 2.4
      vertex -18.6074 -13.5191 -7.62939e-07
      vertex -18.6074 -13.5191 2.4
    endloop
  endfacet
  facet normal 0.790153 0.61291 0
    outer loop
      vertex -18.6074 -13.5191 -7.62939e-07
      vertex -17.7218 -14.6608 2.4
      vertex -17.7218 -14.6608 -7.62939e-07
    endloop
  endfacet
  facet normal -0.860718 -0.509081 0
    outer loop
      vertex 20.1551 11.0803 -7.62939e-07
      vertex 19.4195 12.324 2.4
      vertex 19.4195 12.324 -7.62939e-07
    endloop
  endfacet
  facet normal -0.860718 -0.509081 0
    outer loop
      vertex 19.4195 12.324 2.4
      vertex 20.1551 11.0803 -7.62939e-07
      vertex 20.1551 11.0803 2.4
    endloop
  endfacet
  facet normal -0.156413 -0.987692 0
    outer loop
      vertex 2.88266 22.8186 -7.62939e-07
      vertex 4.30977 22.5926 2.4
      vertex 2.88266 22.8186 2.4
    endloop
  endfacet
  facet normal -0.156413 -0.987692 -0
    outer loop
      vertex 4.30977 22.5926 2.4
      vertex 2.88266 22.8186 -7.62939e-07
      vertex 4.30977 22.5926 -7.62939e-07
    endloop
  endfacet
  facet normal 0.0941245 -0.99556 0
    outer loop
      vertex -2.88266 22.8186 -7.62939e-07
      vertex -1.44418 22.9546 2.4
      vertex -2.88266 22.8186 2.4
    endloop
  endfacet
  facet normal 0.0941245 -0.99556 0
    outer loop
      vertex -1.44418 22.9546 2.4
      vertex -2.88266 22.8186 -7.62939e-07
      vertex -1.44418 22.9546 -7.62939e-07
    endloop
  endfacet
  facet normal -0.156413 0.987692 0
    outer loop
      vertex 4.30977 -22.5926 -7.62939e-07
      vertex 2.88266 -22.8186 2.4
      vertex 4.30977 -22.5926 2.4
    endloop
  endfacet
  facet normal -0.156413 0.987692 0
    outer loop
      vertex 2.88266 -22.8186 2.4
      vertex 4.30977 -22.5926 -7.62939e-07
      vertex 2.88266 -22.8186 -7.62939e-07
    endloop
  endfacet
  facet normal -0.338714 0.940889 0
    outer loop
      vertex 8.46686 -21.3849 -7.62939e-07
      vertex 7.10739 -21.8743 2.4
      vertex 8.46686 -21.3849 2.4
    endloop
  endfacet
  facet normal -0.338714 0.940889 0
    outer loop
      vertex 7.10739 -21.8743 2.4
      vertex 8.46686 -21.3849 -7.62939e-07
      vertex 7.10739 -21.8743 -7.62939e-07
    endloop
  endfacet
  facet normal -0.453961 0.891021 0
    outer loop
      vertex 11.0803 -20.1551 -7.62939e-07
      vertex 9.79292 -20.811 2.4
      vertex 11.0803 -20.1551 2.4
    endloop
  endfacet
  facet normal -0.453961 0.891021 0
    outer loop
      vertex 9.79292 -20.811 2.4
      vertex 11.0803 -20.1551 -7.62939e-07
      vertex 9.79292 -20.811 -7.62939e-07
    endloop
  endfacet
  facet normal -0.790153 0.61291 0
    outer loop
      vertex 17.7218 -14.6608 -7.62939e-07
      vertex 18.6074 -13.5191 2.4
      vertex 18.6074 -13.5191 -7.62939e-07
    endloop
  endfacet
  facet normal -0.790153 0.61291 0
    outer loop
      vertex 18.6074 -13.5191 2.4
      vertex 17.7218 -14.6608 -7.62939e-07
      vertex 17.7218 -14.6608 2.4
    endloop
  endfacet
  facet normal -0.917739 0.397184 0
    outer loop
      vertex 20.811 -9.79292 -7.62939e-07
      vertex 21.3849 -8.46686 2.4
      vertex 21.3849 -8.46686 -7.62939e-07
    endloop
  endfacet
  facet normal -0.917739 0.397184 0
    outer loop
      vertex 21.3849 -8.46686 2.4
      vertex 20.811 -9.79292 -7.62939e-07
      vertex 20.811 -9.79292 2.4
    endloop
  endfacet
  facet normal -0.960296 0.278984 0
    outer loop
      vertex 21.8743 -7.10739 -7.62939e-07
      vertex 22.2774 -5.71987 2.4
      vertex 22.2774 -5.71987 -7.62939e-07
    endloop
  endfacet
  facet normal -0.960296 0.278984 0
    outer loop
      vertex 22.2774 -5.71987 2.4
      vertex 21.8743 -7.10739 -7.62939e-07
      vertex 21.8743 -7.10739 2.4
    endloop
  endfacet
  facet normal -0.99556 0.0941245 0
    outer loop
      vertex 22.8186 -2.88266 -7.62939e-07
      vertex 22.9546 -1.44418 2.4
      vertex 22.9546 -1.44418 -7.62939e-07
    endloop
  endfacet
  facet normal -0.99556 0.0941245 0
    outer loop
      vertex 22.9546 -1.44418 2.4
      vertex 22.8186 -2.88266 -7.62939e-07
      vertex 22.8186 -2.88266 2.4
    endloop
  endfacet
  facet normal 0.61291 0.790153 -0
    outer loop
      vertex -13.5191 -18.6074 -7.62939e-07
      vertex -14.6608 -17.7218 2.4
      vertex -13.5191 -18.6074 2.4
    endloop
  endfacet
  facet normal 0.61291 0.790153 0
    outer loop
      vertex -14.6608 -17.7218 2.4
      vertex -13.5191 -18.6074 -7.62939e-07
      vertex -14.6608 -17.7218 -7.62939e-07
    endloop
  endfacet
  facet normal 0.509081 0.860718 -0
    outer loop
      vertex -11.0803 -20.1551 -7.62939e-07
      vertex -12.324 -19.4195 2.4
      vertex -11.0803 -20.1551 2.4
    endloop
  endfacet
  facet normal 0.509081 0.860718 0
    outer loop
      vertex -12.324 -19.4195 2.4
      vertex -11.0803 -20.1551 -7.62939e-07
      vertex -12.324 -19.4195 -7.62939e-07
    endloop
  endfacet
  facet normal 0.0941245 0.99556 -0
    outer loop
      vertex -1.44418 -22.9546 -7.62939e-07
      vertex -2.88266 -22.8186 2.4
      vertex -1.44418 -22.9546 2.4
    endloop
  endfacet
  facet normal 0.0941245 0.99556 0
    outer loop
      vertex -2.88266 -22.8186 2.4
      vertex -1.44418 -22.9546 -7.62939e-07
      vertex -2.88266 -22.8186 -7.62939e-07
    endloop
  endfacet
  facet normal 0.75011 0.661313 0
    outer loop
      vertex -16.7663 -15.7446 2.4
      vertex -17.7218 -14.6608 -7.62939e-07
      vertex -17.7218 -14.6608 2.4
    endloop
  endfacet
  facet normal 0.75011 0.661313 0
    outer loop
      vertex -17.7218 -14.6608 -7.62939e-07
      vertex -16.7663 -15.7446 2.4
      vertex -16.7663 -15.7446 -7.62939e-07
    endloop
  endfacet
  facet normal 0.0941209 -0.995561 0
    outer loop
      vertex -21.9504 10.9905 -7.62939e-07
      vertex -21.8753 10.9976 2.4
      vertex -21.9504 10.9905 2.4
    endloop
  endfacet
  facet normal 0.0941209 -0.995561 0
    outer loop
      vertex -21.8753 10.9976 2.4
      vertex -21.9504 10.9905 -7.62939e-07
      vertex -21.8753 10.9976 -7.62939e-07
    endloop
  endfacet
  facet normal 0.995555 -0.0941831 0
    outer loop
      vertex -22.9976 9.87534 2.4
      vertex -22.9905 9.95039 -7.62939e-07
      vertex -22.9905 9.95039 2.4
    endloop
  endfacet
  facet normal 0.995555 -0.0941831 0
    outer loop
      vertex -22.9905 9.95039 -7.62939e-07
      vertex -22.9976 9.87534 2.4
      vertex -22.9976 9.87534 -7.62939e-07
    endloop
  endfacet
  facet normal 0.509221 -0.860636 0
    outer loop
      vertex -22.443 10.8132 -7.62939e-07
      vertex -22.3781 10.8516 2.4
      vertex -22.443 10.8132 2.4
    endloop
  endfacet
  facet normal 0.509221 -0.860636 0
    outer loop
      vertex -22.3781 10.8516 2.4
      vertex -22.443 10.8132 -7.62939e-07
      vertex -22.3781 10.8516 -7.62939e-07
    endloop
  endfacet
  facet normal 0.987658 -0.156624 0
    outer loop
      vertex -22.9905 9.95039 2.4
      vertex -22.9787 10.0248 -7.62939e-07
      vertex -22.9787 10.0248 2.4
    endloop
  endfacet
  facet normal 0.987658 -0.156624 0
    outer loop
      vertex -22.9787 10.0248 -7.62939e-07
      vertex -22.9905 9.95039 2.4
      vertex -22.9905 9.95039 -7.62939e-07
    endloop
  endfacet
  facet normal 1 -0 0
    outer loop
      vertex -23 -9.79999 2.4
      vertex -23 -0.000485541 -7.62939e-07
      vertex -23 -0.000485541 2.4
    endloop
  endfacet
  facet normal 1 0 0
    outer loop
      vertex -23 -0.000485541 -7.62939e-07
      vertex -23 -9.79999 2.4
      vertex -23 -9.79999 -7.62939e-07
    endloop
  endfacet
  facet normal 1 -0 0
    outer loop
      vertex -23 0.000485541 2.4
      vertex -23 9.79999 -7.62939e-07
      vertex -23 9.79999 2.4
    endloop
  endfacet
  facet normal 1 0 0
    outer loop
      vertex -23 9.79999 -7.62939e-07
      vertex -23 0.000485541 2.4
      vertex -23 0.000485541 -7.62939e-07
    endloop
  endfacet
  facet normal 0.999493 -0.0318352 0
    outer loop
      vertex -23 9.79999 2.4
      vertex -22.9976 9.87534 -7.62939e-07
      vertex -22.9976 9.87534 2.4
    endloop
  endfacet
  facet normal 0.999493 -0.0318352 0
    outer loop
      vertex -22.9976 9.87534 -7.62939e-07
      vertex -23 9.79999 2.4
      vertex -23 9.79999 -7.62939e-07
    endloop
  endfacet
  facet normal 0.826704 0.562637 0
    outer loop
      vertex -22.7708 -10.5053 2.4
      vertex -22.8132 -10.443 -7.62939e-07
      vertex -22.8132 -10.443 2.4
    endloop
  endfacet
  facet normal 0.826704 0.562637 0
    outer loop
      vertex -22.8132 -10.443 -7.62939e-07
      vertex -22.7708 -10.5053 2.4
      vertex -22.7708 -10.5053 -7.62939e-07
    endloop
  endfacet
  facet normal 0.217492 0.976062 -0
    outer loop
      vertex -22.0248 -10.9787 -7.62939e-07
      vertex -22.0984 -10.9623 2.4
      vertex -22.0248 -10.9787 2.4
    endloop
  endfacet
  facet normal 0.217492 0.976062 0
    outer loop
      vertex -22.0984 -10.9623 2.4
      vertex -22.0248 -10.9787 -7.62939e-07
      vertex -22.0984 -10.9623 -7.62939e-07
    endloop
  endfacet
  facet normal 0.0941209 0.995561 -0
    outer loop
      vertex -21.8753 -10.9976 -7.62939e-07
      vertex -21.9504 -10.9905 2.4
      vertex -21.8753 -10.9976 2.4
    endloop
  endfacet
  facet normal 0.0941209 0.995561 0
    outer loop
      vertex -21.9504 -10.9905 2.4
      vertex -21.8753 -10.9976 -7.62939e-07
      vertex -21.9504 -10.9905 -7.62939e-07
    endloop
  endfacet
  facet normal 0 1 -0
    outer loop
      vertex -20.196 -11 -7.62939e-07
      vertex -21.8 -11 2.4
      vertex -20.196 -11 2.4
    endloop
  endfacet
  facet normal 0 1 0
    outer loop
      vertex -21.8 -11 2.4
      vertex -20.196 -11 -7.62939e-07
      vertex -21.8 -11 -7.62939e-07
    endloop
  endfacet
  facet normal 0 -1 0
    outer loop
      vertex -21.8 11 -7.62939e-07
      vertex -20.196 11 2.4
      vertex -21.8 11 2.4
    endloop
  endfacet
  facet normal 0 -1 -0
    outer loop
      vertex -20.196 11 2.4
      vertex -21.8 11 -7.62939e-07
      vertex -20.196 11 -7.62939e-07
    endloop
  endfacet
  facet normal 0.0318563 -0.999492 0
    outer loop
      vertex -21.8753 10.9976 -7.62939e-07
      vertex -21.8 11 2.4
      vertex -21.8753 10.9976 2.4
    endloop
  endfacet
  facet normal 0.0318563 -0.999492 0
    outer loop
      vertex -21.8 11 2.4
      vertex -21.8753 10.9976 -7.62939e-07
      vertex -21.8 11 -7.62939e-07
    endloop
  endfacet
  facet normal 0.826704 -0.562637 0
    outer loop
      vertex -22.8132 10.443 2.4
      vertex -22.7708 10.5053 -7.62939e-07
      vertex -22.7708 10.5053 2.4
    endloop
  endfacet
  facet normal 0.826704 -0.562637 0
    outer loop
      vertex -22.7708 10.5053 -7.62939e-07
      vertex -22.8132 10.443 2.4
      vertex -22.8132 10.443 -7.62939e-07
    endloop
  endfacet
  facet normal 0.976062 -0.217492 0
    outer loop
      vertex -22.9787 10.0248 2.4
      vertex -22.9623 10.0984 -7.62939e-07
      vertex -22.9623 10.0984 2.4
    endloop
  endfacet
  facet normal 0.976062 -0.217492 0
    outer loop
      vertex -22.9623 10.0984 -7.62939e-07
      vertex -22.9787 10.0248 2.4
      vertex -22.9787 10.0248 -7.62939e-07
    endloop
  endfacet
  facet normal 0.995555 0.0941831 0
    outer loop
      vertex -22.9905 -9.95039 2.4
      vertex -22.9976 -9.87534 -7.62939e-07
      vertex -22.9976 -9.87534 2.4
    endloop
  endfacet
  facet normal 0.995555 0.0941831 0
    outer loop
      vertex -22.9976 -9.87534 -7.62939e-07
      vertex -22.9905 -9.95039 2.4
      vertex -22.9905 -9.95039 -7.62939e-07
    endloop
  endfacet
  facet normal 0.999493 0.0318352 0
    outer loop
      vertex -22.9976 -9.87534 2.4
      vertex -23 -9.79999 -7.62939e-07
      vertex -23 -9.79999 2.4
    endloop
  endfacet
  facet normal 0.999493 0.0318352 0
    outer loop
      vertex -23 -9.79999 -7.62939e-07
      vertex -22.9976 -9.87534 2.4
      vertex -22.9976 -9.87534 -7.62939e-07
    endloop
  endfacet
  facet normal 0.987658 0.156624 0
    outer loop
      vertex -22.9787 -10.0248 2.4
      vertex -22.9905 -9.95039 -7.62939e-07
      vertex -22.9905 -9.95039 2.4
    endloop
  endfacet
  facet normal 0.987658 0.156624 0
    outer loop
      vertex -22.9905 -9.95039 -7.62939e-07
      vertex -22.9787 -10.0248 2.4
      vertex -22.9787 -10.0248 -7.62939e-07
    endloop
  endfacet
  facet normal 0.0318563 0.999492 -0
    outer loop
      vertex -21.8 -11 -7.62939e-07
      vertex -21.8753 -10.9976 2.4
      vertex -21.8 -11 2.4
    endloop
  endfacet
  facet normal 0.0318563 0.999492 0
    outer loop
      vertex -21.8753 -10.9976 2.4
      vertex -21.8 -11 -7.62939e-07
      vertex -21.8753 -10.9976 -7.62939e-07
    endloop
  endfacet
  facet normal 0.278573 -0.960415 0
    outer loop
      vertex -22.1708 10.9413 -7.62939e-07
      vertex -22.0984 10.9623 2.4
      vertex -22.1708 10.9413 2.4
    endloop
  endfacet
  facet normal 0.278573 -0.960415 0
    outer loop
      vertex -22.0984 10.9623 2.4
      vertex -22.1708 10.9413 -7.62939e-07
      vertex -22.0984 10.9623 -7.62939e-07
    endloop
  endfacet
  facet normal 0.156644 -0.987655 0
    outer loop
      vertex -22.0248 10.9787 -7.62939e-07
      vertex -21.9504 10.9905 2.4
      vertex -22.0248 10.9787 2.4
    endloop
  endfacet
  facet normal 0.156644 -0.987655 0
    outer loop
      vertex -21.9504 10.9905 2.4
      vertex -22.0248 10.9787 -7.62939e-07
      vertex -21.9504 10.9905 -7.62939e-07
    endloop
  endfacet
  facet normal 0.339612 -0.940566 0
    outer loop
      vertex -22.2417 10.9157 -7.62939e-07
      vertex -22.1708 10.9413 2.4
      vertex -22.2417 10.9157 2.4
    endloop
  endfacet
  facet normal 0.339612 -0.940566 0
    outer loop
      vertex -22.1708 10.9413 2.4
      vertex -22.2417 10.9157 -7.62939e-07
      vertex -22.1708 10.9413 -7.62939e-07
    endloop
  endfacet
  facet normal 0.612655 -0.790351 0
    outer loop
      vertex -22.5649 10.7246 -7.62939e-07
      vertex -22.5053 10.7708 2.4
      vertex -22.5649 10.7246 2.4
    endloop
  endfacet
  facet normal 0.612655 -0.790351 0
    outer loop
      vertex -22.5053 10.7708 2.4
      vertex -22.5649 10.7246 -7.62939e-07
      vertex -22.5053 10.7708 -7.62939e-07
    endloop
  endfacet
  facet normal 0.707107 -0.707107 0
    outer loop
      vertex -22.6747 10.6214 2.4
      vertex -22.6214 10.6747 -7.62939e-07
      vertex -22.6214 10.6747 2.4
    endloop
  endfacet
  facet normal 0.707107 -0.707107 0
    outer loop
      vertex -22.6214 10.6747 -7.62939e-07
      vertex -22.6747 10.6214 2.4
      vertex -22.6747 10.6214 -7.62939e-07
    endloop
  endfacet
  facet normal 0.661973 -0.749528 0
    outer loop
      vertex -22.6214 10.6747 -7.62939e-07
      vertex -22.5649 10.7246 2.4
      vertex -22.6214 10.6747 2.4
    endloop
  endfacet
  facet normal 0.661973 -0.749528 0
    outer loop
      vertex -22.5649 10.7246 2.4
      vertex -22.6214 10.6747 -7.62939e-07
      vertex -22.5649 10.7246 -7.62939e-07
    endloop
  endfacet
  facet normal 0.940566 -0.339612 0
    outer loop
      vertex -22.9413 10.1708 2.4
      vertex -22.9157 10.2417 -7.62939e-07
      vertex -22.9157 10.2417 2.4
    endloop
  endfacet
  facet normal 0.940566 -0.339612 0
    outer loop
      vertex -22.9157 10.2417 -7.62939e-07
      vertex -22.9413 10.1708 2.4
      vertex -22.9413 10.1708 -7.62939e-07
    endloop
  endfacet
  facet normal 0.860636 -0.509221 0
    outer loop
      vertex -22.8516 10.3781 2.4
      vertex -22.8132 10.443 -7.62939e-07
      vertex -22.8132 10.443 2.4
    endloop
  endfacet
  facet normal 0.860636 -0.509221 0
    outer loop
      vertex -22.8132 10.443 -7.62939e-07
      vertex -22.8516 10.3781 2.4
      vertex -22.8516 10.3781 -7.62939e-07
    endloop
  endfacet
  facet normal 0.749528 -0.661973 0
    outer loop
      vertex -22.7246 10.5649 2.4
      vertex -22.6747 10.6214 -7.62939e-07
      vertex -22.6747 10.6214 2.4
    endloop
  endfacet
  facet normal 0.749528 -0.661973 0
    outer loop
      vertex -22.6747 10.6214 -7.62939e-07
      vertex -22.7246 10.5649 2.4
      vertex -22.7246 10.5649 -7.62939e-07
    endloop
  endfacet
  facet normal 0.976062 0.217492 0
    outer loop
      vertex -22.9623 -10.0984 2.4
      vertex -22.9787 -10.0248 -7.62939e-07
      vertex -22.9787 -10.0248 2.4
    endloop
  endfacet
  facet normal 0.976062 0.217492 0
    outer loop
      vertex -22.9787 -10.0248 -7.62939e-07
      vertex -22.9623 -10.0984 2.4
      vertex -22.9623 -10.0984 -7.62939e-07
    endloop
  endfacet
  facet normal 0.960415 0.278573 0
    outer loop
      vertex -22.9413 -10.1708 2.4
      vertex -22.9623 -10.0984 -7.62939e-07
      vertex -22.9623 -10.0984 2.4
    endloop
  endfacet
  facet normal 0.960415 0.278573 0
    outer loop
      vertex -22.9623 -10.0984 -7.62939e-07
      vertex -22.9413 -10.1708 2.4
      vertex -22.9413 -10.1708 -7.62939e-07
    endloop
  endfacet
  facet normal 0.749528 0.661973 0
    outer loop
      vertex -22.6747 -10.6214 2.4
      vertex -22.7246 -10.5649 -7.62939e-07
      vertex -22.7246 -10.5649 2.4
    endloop
  endfacet
  facet normal 0.749528 0.661973 0
    outer loop
      vertex -22.7246 -10.5649 -7.62939e-07
      vertex -22.6747 -10.6214 2.4
      vertex -22.6747 -10.6214 -7.62939e-07
    endloop
  endfacet
  facet normal 0.339612 0.940566 -0
    outer loop
      vertex -22.1708 -10.9413 -7.62939e-07
      vertex -22.2417 -10.9157 2.4
      vertex -22.1708 -10.9413 2.4
    endloop
  endfacet
  facet normal 0.339612 0.940566 0
    outer loop
      vertex -22.2417 -10.9157 2.4
      vertex -22.1708 -10.9413 -7.62939e-07
      vertex -22.2417 -10.9157 -7.62939e-07
    endloop
  endfacet
  facet normal 0.453568 0.891222 -0
    outer loop
      vertex -22.3109 -10.8858 -7.62939e-07
      vertex -22.3781 -10.8516 2.4
      vertex -22.3109 -10.8858 2.4
    endloop
  endfacet
  facet normal 0.453568 0.891222 0
    outer loop
      vertex -22.3781 -10.8516 2.4
      vertex -22.3109 -10.8858 -7.62939e-07
      vertex -22.3781 -10.8516 -7.62939e-07
    endloop
  endfacet
  facet normal 0.396639 0.917975 -0
    outer loop
      vertex -22.2417 -10.9157 -7.62939e-07
      vertex -22.3109 -10.8858 2.4
      vertex -22.2417 -10.9157 2.4
    endloop
  endfacet
  facet normal 0.396639 0.917975 0
    outer loop
      vertex -22.3109 -10.8858 2.4
      vertex -22.2417 -10.9157 -7.62939e-07
      vertex -22.3109 -10.8858 -7.62939e-07
    endloop
  endfacet
  facet normal 0.217492 -0.976062 0
    outer loop
      vertex -22.0984 10.9623 -7.62939e-07
      vertex -22.0248 10.9787 2.4
      vertex -22.0984 10.9623 2.4
    endloop
  endfacet
  facet normal 0.217492 -0.976062 0
    outer loop
      vertex -22.0248 10.9787 2.4
      vertex -22.0984 10.9623 -7.62939e-07
      vertex -22.0248 10.9787 -7.62939e-07
    endloop
  endfacet
  facet normal 0.453568 -0.891222 0
    outer loop
      vertex -22.3781 10.8516 -7.62939e-07
      vertex -22.3109 10.8858 2.4
      vertex -22.3781 10.8516 2.4
    endloop
  endfacet
  facet normal 0.453568 -0.891222 0
    outer loop
      vertex -22.3109 10.8858 2.4
      vertex -22.3781 10.8516 -7.62939e-07
      vertex -22.3109 10.8858 -7.62939e-07
    endloop
  endfacet
  facet normal 0.396639 -0.917975 0
    outer loop
      vertex -22.3109 10.8858 -7.62939e-07
      vertex -22.2417 10.9157 2.4
      vertex -22.3109 10.8858 2.4
    endloop
  endfacet
  facet normal 0.396639 -0.917975 0
    outer loop
      vertex -22.2417 10.9157 2.4
      vertex -22.3109 10.8858 -7.62939e-07
      vertex -22.2417 10.9157 -7.62939e-07
    endloop
  endfacet
  facet normal 0.562637 -0.826704 0
    outer loop
      vertex -22.5053 10.7708 -7.62939e-07
      vertex -22.443 10.8132 2.4
      vertex -22.5053 10.7708 2.4
    endloop
  endfacet
  facet normal 0.562637 -0.826704 0
    outer loop
      vertex -22.443 10.8132 2.4
      vertex -22.5053 10.7708 -7.62939e-07
      vertex -22.443 10.8132 -7.62939e-07
    endloop
  endfacet
  facet normal 0.960415 -0.278573 0
    outer loop
      vertex -22.9623 10.0984 2.4
      vertex -22.9413 10.1708 -7.62939e-07
      vertex -22.9413 10.1708 2.4
    endloop
  endfacet
  facet normal 0.960415 -0.278573 0
    outer loop
      vertex -22.9413 10.1708 -7.62939e-07
      vertex -22.9623 10.0984 2.4
      vertex -22.9623 10.0984 -7.62939e-07
    endloop
  endfacet
  facet normal 0.790351 -0.612655 0
    outer loop
      vertex -22.7708 10.5053 2.4
      vertex -22.7246 10.5649 -7.62939e-07
      vertex -22.7246 10.5649 2.4
    endloop
  endfacet
  facet normal 0.790351 -0.612655 0
    outer loop
      vertex -22.7246 10.5649 -7.62939e-07
      vertex -22.7708 10.5053 2.4
      vertex -22.7708 10.5053 -7.62939e-07
    endloop
  endfacet
  facet normal 0.891222 -0.453568 0
    outer loop
      vertex -22.8858 10.3109 2.4
      vertex -22.8516 10.3781 -7.62939e-07
      vertex -22.8516 10.3781 2.4
    endloop
  endfacet
  facet normal 0.891222 -0.453568 0
    outer loop
      vertex -22.8516 10.3781 -7.62939e-07
      vertex -22.8858 10.3109 2.4
      vertex -22.8858 10.3109 -7.62939e-07
    endloop
  endfacet
  facet normal 0.917975 -0.396639 0
    outer loop
      vertex -22.9157 10.2417 2.4
      vertex -22.8858 10.3109 -7.62939e-07
      vertex -22.8858 10.3109 2.4
    endloop
  endfacet
  facet normal 0.917975 -0.396639 0
    outer loop
      vertex -22.8858 10.3109 -7.62939e-07
      vertex -22.9157 10.2417 2.4
      vertex -22.9157 10.2417 -7.62939e-07
    endloop
  endfacet
  facet normal 0.940566 0.339612 0
    outer loop
      vertex -22.9157 -10.2417 2.4
      vertex -22.9413 -10.1708 -7.62939e-07
      vertex -22.9413 -10.1708 2.4
    endloop
  endfacet
  facet normal 0.940566 0.339612 0
    outer loop
      vertex -22.9413 -10.1708 -7.62939e-07
      vertex -22.9157 -10.2417 2.4
      vertex -22.9157 -10.2417 -7.62939e-07
    endloop
  endfacet
  facet normal 0.891222 0.453568 0
    outer loop
      vertex -22.8516 -10.3781 2.4
      vertex -22.8858 -10.3109 -7.62939e-07
      vertex -22.8858 -10.3109 2.4
    endloop
  endfacet
  facet normal 0.891222 0.453568 0
    outer loop
      vertex -22.8858 -10.3109 -7.62939e-07
      vertex -22.8516 -10.3781 2.4
      vertex -22.8516 -10.3781 -7.62939e-07
    endloop
  endfacet
  facet normal 0.860636 0.509221 0
    outer loop
      vertex -22.8132 -10.443 2.4
      vertex -22.8516 -10.3781 -7.62939e-07
      vertex -22.8516 -10.3781 2.4
    endloop
  endfacet
  facet normal 0.860636 0.509221 0
    outer loop
      vertex -22.8516 -10.3781 -7.62939e-07
      vertex -22.8132 -10.443 2.4
      vertex -22.8132 -10.443 -7.62939e-07
    endloop
  endfacet
  facet normal 0.917975 0.396639 0
    outer loop
      vertex -22.8858 -10.3109 2.4
      vertex -22.9157 -10.2417 -7.62939e-07
      vertex -22.9157 -10.2417 2.4
    endloop
  endfacet
  facet normal 0.917975 0.396639 0
    outer loop
      vertex -22.9157 -10.2417 -7.62939e-07
      vertex -22.8858 -10.3109 2.4
      vertex -22.8858 -10.3109 -7.62939e-07
    endloop
  endfacet
  facet normal 0.790351 0.612655 0
    outer loop
      vertex -22.7246 -10.5649 2.4
      vertex -22.7708 -10.5053 -7.62939e-07
      vertex -22.7708 -10.5053 2.4
    endloop
  endfacet
  facet normal 0.790351 0.612655 0
    outer loop
      vertex -22.7708 -10.5053 -7.62939e-07
      vertex -22.7246 -10.5649 2.4
      vertex -22.7246 -10.5649 -7.62939e-07
    endloop
  endfacet
  facet normal 0.707107 0.707107 0
    outer loop
      vertex -22.6214 -10.6747 2.4
      vertex -22.6747 -10.6214 -7.62939e-07
      vertex -22.6747 -10.6214 2.4
    endloop
  endfacet
  facet normal 0.707107 0.707107 0
    outer loop
      vertex -22.6747 -10.6214 -7.62939e-07
      vertex -22.6214 -10.6747 2.4
      vertex -22.6214 -10.6747 -7.62939e-07
    endloop
  endfacet
  facet normal 0.156644 0.987655 -0
    outer loop
      vertex -21.9504 -10.9905 -7.62939e-07
      vertex -22.0248 -10.9787 2.4
      vertex -21.9504 -10.9905 2.4
    endloop
  endfacet
  facet normal 0.156644 0.987655 0
    outer loop
      vertex -22.0248 -10.9787 2.4
      vertex -21.9504 -10.9905 -7.62939e-07
      vertex -22.0248 -10.9787 -7.62939e-07
    endloop
  endfacet
  facet normal 0.278573 0.960415 -0
    outer loop
      vertex -22.0984 -10.9623 -7.62939e-07
      vertex -22.1708 -10.9413 2.4
      vertex -22.0984 -10.9623 2.4
    endloop
  endfacet
  facet normal 0.278573 0.960415 0
    outer loop
      vertex -22.1708 -10.9413 2.4
      vertex -22.0984 -10.9623 -7.62939e-07
      vertex -22.1708 -10.9413 -7.62939e-07
    endloop
  endfacet
  facet normal 0.509221 0.860636 -0
    outer loop
      vertex -22.3781 -10.8516 -7.62939e-07
      vertex -22.443 -10.8132 2.4
      vertex -22.3781 -10.8516 2.4
    endloop
  endfacet
  facet normal 0.509221 0.860636 0
    outer loop
      vertex -22.443 -10.8132 2.4
      vertex -22.3781 -10.8516 -7.62939e-07
      vertex -22.443 -10.8132 -7.62939e-07
    endloop
  endfacet
  facet normal 0.612655 0.790351 -0
    outer loop
      vertex -22.5053 -10.7708 -7.62939e-07
      vertex -22.5649 -10.7246 2.4
      vertex -22.5053 -10.7708 2.4
    endloop
  endfacet
  facet normal 0.612655 0.790351 0
    outer loop
      vertex -22.5649 -10.7246 2.4
      vertex -22.5053 -10.7708 -7.62939e-07
      vertex -22.5649 -10.7246 -7.62939e-07
    endloop
  endfacet
  facet normal 0.661973 0.749528 -0
    outer loop
      vertex -22.5649 -10.7246 -7.62939e-07
      vertex -22.6214 -10.6747 2.4
      vertex -22.5649 -10.7246 2.4
    endloop
  endfacet
  facet normal 0.661973 0.749528 0
    outer loop
      vertex -22.6214 -10.6747 2.4
      vertex -22.5649 -10.7246 -7.62939e-07
      vertex -22.6214 -10.6747 -7.62939e-07
    endloop
  endfacet
  facet normal 0.562637 0.826704 -0
    outer loop
      vertex -22.443 -10.8132 -7.62939e-07
      vertex -22.5053 -10.7708 2.4
      vertex -22.443 -10.8132 2.4
    endloop
  endfacet
  facet normal 0.562637 0.826704 0
    outer loop
      vertex -22.5053 -10.7708 2.4
      vertex -22.443 -10.8132 -7.62939e-07
      vertex -22.5053 -10.7708 -7.62939e-07
    endloop
  endfacet
endsolid OpenSCAD_Model
