solid OpenSCAD_Model
  facet normal 0 -1 0
    outer loop
      vertex -8.89999 -7.59999 0
      vertex 8.89999 -7.59999 1.65
      vertex -8.89999 -7.59999 1.65
    endloop
  endfacet
  facet normal 0 -1 -0
    outer loop
      vertex 8.89999 -7.59999 1.65
      vertex -8.89999 -7.59999 0
      vertex 8.89999 -7.59999 0
    endloop
  endfacet
  facet normal 0.0311496 -0.999515 0
    outer loop
      vertex 8.89999 -7.59999 0
      vertex 8.94395 -7.59862 1.65
      vertex 8.89999 -7.59999 1.65
    endloop
  endfacet
  facet normal 0.0311496 -0.999515 0
    outer loop
      vertex 8.94395 -7.59862 1.65
      vertex 8.89999 -7.59999 0
      vertex 8.94395 -7.59862 0
    endloop
  endfacet
  facet normal 0.0943691 -0.995537 0
    outer loop
      vertex 8.94395 -7.59862 0
      vertex 8.98773 -7.59447 1.65
      vertex 8.94395 -7.59862 1.65
    endloop
  endfacet
  facet normal 0.0943691 -0.995537 0
    outer loop
      vertex 8.98773 -7.59447 1.65
      vertex 8.94395 -7.59862 0
      vertex 8.98773 -7.59447 0
    endloop
  endfacet
  facet normal -0 0 1
    outer loop
      vertex -9.59999 -3 1.65
      vertex -7.25 -4.64999 1.65
      vertex -7.25 -3 1.65
    endloop
  endfacet
  facet normal 0 0 1
    outer loop
      vertex -7.25 -4.64999 1.65
      vertex -9.59999 -6.89999 1.65
      vertex -8.89999 -7.59999 1.65
    endloop
  endfacet
  facet normal 0 0 1
    outer loop
      vertex -8.89999 -7.59999 1.65
      vertex -9.59999 -6.89999 1.65
      vertex -8.94395 -7.59862 1.65
    endloop
  endfacet
  facet normal 0 0 1
    outer loop
      vertex -8.94395 -7.59862 1.65
      vertex -9.59999 -6.89999 1.65
      vertex -8.98773 -7.59447 1.65
    endloop
  endfacet
  facet normal 0 0 1
    outer loop
      vertex -8.98773 -7.59447 1.65
      vertex -9.59999 -6.89999 1.65
      vertex -9.03116 -7.5876 1.65
    endloop
  endfacet
  facet normal 0 0 1
    outer loop
      vertex -9.03116 -7.5876 1.65
      vertex -9.59999 -6.89999 1.65
      vertex -9.07408 -7.578 1.65
    endloop
  endfacet
  facet normal 0 0 1
    outer loop
      vertex -9.07408 -7.578 1.65
      vertex -9.59999 -6.89999 1.65
      vertex -9.1163 -7.56573 1.65
    endloop
  endfacet
  facet normal 0 0 1
    outer loop
      vertex -9.1163 -7.56573 1.65
      vertex -9.59999 -6.89999 1.65
      vertex -9.15768 -7.55084 1.65
    endloop
  endfacet
  facet normal 0 0 1
    outer loop
      vertex -9.15768 -7.55084 1.65
      vertex -9.59999 -6.89999 1.65
      vertex -9.19804 -7.53337 1.65
    endloop
  endfacet
  facet normal 0 0 1
    outer loop
      vertex -9.19804 -7.53337 1.65
      vertex -9.59999 -6.89999 1.65
      vertex -9.23723 -7.51341 1.65
    endloop
  endfacet
  facet normal 0 0 1
    outer loop
      vertex -9.23723 -7.51341 1.65
      vertex -9.59999 -6.89999 1.65
      vertex -9.27507 -7.49103 1.65
    endloop
  endfacet
  facet normal 0 0 1
    outer loop
      vertex -9.27507 -7.49103 1.65
      vertex -9.59999 -6.89999 1.65
      vertex -9.31145 -7.46631 1.65
    endloop
  endfacet
  facet normal 0 0 1
    outer loop
      vertex -9.31145 -7.46631 1.65
      vertex -9.59999 -6.89999 1.65
      vertex -9.34619 -7.43935 1.65
    endloop
  endfacet
  facet normal 0 0 1
    outer loop
      vertex -9.34619 -7.43935 1.65
      vertex -9.59999 -6.89999 1.65
      vertex -9.37918 -7.41028 1.65
    endloop
  endfacet
  facet normal 0 0 1
    outer loop
      vertex -9.37918 -7.41028 1.65
      vertex -9.59999 -6.89999 1.65
      vertex -9.41028 -7.37918 1.65
    endloop
  endfacet
  facet normal 0 0 1
    outer loop
      vertex -9.41028 -7.37918 1.65
      vertex -9.59999 -6.89999 1.65
      vertex -9.43935 -7.34619 1.65
    endloop
  endfacet
  facet normal 0 0 1
    outer loop
      vertex -9.43935 -7.34619 1.65
      vertex -9.59999 -6.89999 1.65
      vertex -9.46631 -7.31145 1.65
    endloop
  endfacet
  facet normal 0 0 1
    outer loop
      vertex -9.46631 -7.31145 1.65
      vertex -9.59999 -6.89999 1.65
      vertex -9.49103 -7.27507 1.65
    endloop
  endfacet
  facet normal 0 0 1
    outer loop
      vertex -9.49103 -7.27507 1.65
      vertex -9.59999 -6.89999 1.65
      vertex -9.51341 -7.23723 1.65
    endloop
  endfacet
  facet normal 0 0 1
    outer loop
      vertex -9.51341 -7.23723 1.65
      vertex -9.59999 -6.89999 1.65
      vertex -9.53337 -7.19804 1.65
    endloop
  endfacet
  facet normal 0 0 1
    outer loop
      vertex -9.53337 -7.19804 1.65
      vertex -9.59999 -6.89999 1.65
      vertex -9.55084 -7.15768 1.65
    endloop
  endfacet
  facet normal 0 0 1
    outer loop
      vertex -9.55084 -7.15768 1.65
      vertex -9.59999 -6.89999 1.65
      vertex -9.56573 -7.1163 1.65
    endloop
  endfacet
  facet normal 0 0 1
    outer loop
      vertex -9.56573 -7.1163 1.65
      vertex -9.59999 -6.89999 1.65
      vertex -9.578 -7.07408 1.65
    endloop
  endfacet
  facet normal 0 0 1
    outer loop
      vertex -9.578 -7.07408 1.65
      vertex -9.59999 -6.89999 1.65
      vertex -9.5876 -7.03116 1.65
    endloop
  endfacet
  facet normal 0 0 1
    outer loop
      vertex -9.5876 -7.03116 1.65
      vertex -9.59999 -6.89999 1.65
      vertex -9.59447 -6.98773 1.65
    endloop
  endfacet
  facet normal 0 0 1
    outer loop
      vertex -7.25 -4.64999 1.65
      vertex -9.59999 -3 1.65
      vertex -9.59999 -6.89999 1.65
    endloop
  endfacet
  facet normal 0 0 1
    outer loop
      vertex -9.59447 -6.98773 1.65
      vertex -9.59999 -6.89999 1.65
      vertex -9.59862 -6.94395 1.65
    endloop
  endfacet
  facet normal 0 0 1
    outer loop
      vertex 8.89999 7.59999 1.65
      vertex 9.59999 6.89999 1.65
      vertex 9.59862 6.94395 1.65
    endloop
  endfacet
  facet normal 0 0 1
    outer loop
      vertex 9.59999 6.89999 1.65
      vertex 7.25 4.64999 1.65
      vertex 9.59999 -6.89999 1.65
    endloop
  endfacet
  facet normal 0 0 1
    outer loop
      vertex 8.89999 7.59999 1.65
      vertex 9.59862 6.94395 1.65
      vertex 9.59447 6.98773 1.65
    endloop
  endfacet
  facet normal -0 0 1
    outer loop
      vertex 7.25 -4.64999 1.65
      vertex 9.59999 -6.89999 1.65
      vertex 7.25 4.64999 1.65
    endloop
  endfacet
  facet normal 0 0 1
    outer loop
      vertex 8.89999 7.59999 1.65
      vertex 9.59447 6.98773 1.65
      vertex 9.5876 7.03116 1.65
    endloop
  endfacet
  facet normal -0 0 1
    outer loop
      vertex 7.24881 -4.68767 1.65
      vertex 9.59999 -6.89999 1.65
      vertex 7.25 -4.64999 1.65
    endloop
  endfacet
  facet normal 0 0 1
    outer loop
      vertex 8.89999 7.59999 1.65
      vertex 9.5876 7.03116 1.65
      vertex 9.578 7.07408 1.65
    endloop
  endfacet
  facet normal -0 0 1
    outer loop
      vertex 7.24527 -4.72519 1.65
      vertex 9.59999 -6.89999 1.65
      vertex 7.24881 -4.68767 1.65
    endloop
  endfacet
  facet normal 0 0 1
    outer loop
      vertex 8.89999 7.59999 1.65
      vertex 9.578 7.07408 1.65
      vertex 9.56573 7.1163 1.65
    endloop
  endfacet
  facet normal -0 0 1
    outer loop
      vertex 7.23936 -4.76242 1.65
      vertex 9.59999 -6.89999 1.65
      vertex 7.24527 -4.72519 1.65
    endloop
  endfacet
  facet normal 0 0 1
    outer loop
      vertex 8.89999 7.59999 1.65
      vertex 9.56573 7.1163 1.65
      vertex 9.55084 7.15768 1.65
    endloop
  endfacet
  facet normal -0 0 1
    outer loop
      vertex 7.23114 -4.79921 1.65
      vertex 9.59999 -6.89999 1.65
      vertex 7.23936 -4.76242 1.65
    endloop
  endfacet
  facet normal 0 0 1
    outer loop
      vertex 8.89999 7.59999 1.65
      vertex 9.55084 7.15768 1.65
      vertex 9.53337 7.19804 1.65
    endloop
  endfacet
  facet normal -0 0 1
    outer loop
      vertex 7.22063 -4.8354 1.65
      vertex 9.59999 -6.89999 1.65
      vertex 7.23114 -4.79921 1.65
    endloop
  endfacet
  facet normal 0 0 1
    outer loop
      vertex 8.89999 7.59999 1.65
      vertex 9.53337 7.19804 1.65
      vertex 9.51341 7.23723 1.65
    endloop
  endfacet
  facet normal -0 0 1
    outer loop
      vertex 7.20786 -4.87086 1.65
      vertex 9.59999 -6.89999 1.65
      vertex 7.22063 -4.8354 1.65
    endloop
  endfacet
  facet normal 0 0 1
    outer loop
      vertex 8.89999 7.59999 1.65
      vertex 9.51341 7.23723 1.65
      vertex 9.49103 7.27507 1.65
    endloop
  endfacet
  facet normal -0 0 1
    outer loop
      vertex 7.19289 -4.90546 1.65
      vertex 9.59999 -6.89999 1.65
      vertex 7.20786 -4.87086 1.65
    endloop
  endfacet
  facet normal 0 0 1
    outer loop
      vertex 8.89999 7.59999 1.65
      vertex 9.49103 7.27507 1.65
      vertex 9.46631 7.31145 1.65
    endloop
  endfacet
  facet normal -0 0 1
    outer loop
      vertex 7.17578 -4.93904 1.65
      vertex 9.59999 -6.89999 1.65
      vertex 7.19289 -4.90546 1.65
    endloop
  endfacet
  facet normal 0 0 1
    outer loop
      vertex 8.89999 7.59999 1.65
      vertex 9.46631 7.31145 1.65
      vertex 9.43935 7.34619 1.65
    endloop
  endfacet
  facet normal -0 0 1
    outer loop
      vertex 7.15659 -4.9715 1.65
      vertex 9.59999 -6.89999 1.65
      vertex 7.17578 -4.93904 1.65
    endloop
  endfacet
  facet normal 0 0 1
    outer loop
      vertex 8.89999 7.59999 1.65
      vertex 9.43935 7.34619 1.65
      vertex 9.41028 7.37918 1.65
    endloop
  endfacet
  facet normal -0 0 1
    outer loop
      vertex 7.13541 -5.00267 1.65
      vertex 9.59999 -6.89999 1.65
      vertex 7.15659 -4.9715 1.65
    endloop
  endfacet
  facet normal 0 0 1
    outer loop
      vertex 8.89999 7.59999 1.65
      vertex 9.41028 7.37918 1.65
      vertex 9.37918 7.41028 1.65
    endloop
  endfacet
  facet normal -0 0 1
    outer loop
      vertex 7.1123 -5.03246 1.65
      vertex 9.59999 -6.89999 1.65
      vertex 7.13541 -5.00267 1.65
    endloop
  endfacet
  facet normal 0 0 1
    outer loop
      vertex 8.89999 7.59999 1.65
      vertex 9.37918 7.41028 1.65
      vertex 9.34619 7.43935 1.65
    endloop
  endfacet
  facet normal -0 0 1
    outer loop
      vertex 7.08737 -5.06071 1.65
      vertex 9.59999 -6.89999 1.65
      vertex 7.1123 -5.03246 1.65
    endloop
  endfacet
  facet normal 0 0 1
    outer loop
      vertex 8.89999 7.59999 1.65
      vertex 9.34619 7.43935 1.65
      vertex 9.31145 7.46631 1.65
    endloop
  endfacet
  facet normal 0 -0 1
    outer loop
      vertex 8.89999 -7.59999 1.65
      vertex 9.59999 -6.89999 1.65
      vertex 7.08737 -5.06071 1.65
    endloop
  endfacet
  facet normal 0 0 1
    outer loop
      vertex 8.89999 7.59999 1.65
      vertex 9.31145 7.46631 1.65
      vertex 9.27507 7.49103 1.65
    endloop
  endfacet
  facet normal 0 0 1
    outer loop
      vertex 9.59999 -6.89999 1.65
      vertex 8.89999 -7.59999 1.65
      vertex 9.59862 -6.94395 1.65
    endloop
  endfacet
  facet normal 0 0 1
    outer loop
      vertex 8.89999 7.59999 1.65
      vertex 9.27507 7.49103 1.65
      vertex 9.23723 7.51341 1.65
    endloop
  endfacet
  facet normal 0 0 1
    outer loop
      vertex 9.59862 -6.94395 1.65
      vertex 8.89999 -7.59999 1.65
      vertex 9.59447 -6.98773 1.65
    endloop
  endfacet
  facet normal 0 0 1
    outer loop
      vertex 8.89999 7.59999 1.65
      vertex 9.23723 7.51341 1.65
      vertex 9.19804 7.53337 1.65
    endloop
  endfacet
  facet normal 0 0 1
    outer loop
      vertex 9.5876 -7.03116 1.65
      vertex 8.89999 -7.59999 1.65
      vertex 9.578 -7.07408 1.65
    endloop
  endfacet
  facet normal 0 0 1
    outer loop
      vertex 8.89999 7.59999 1.65
      vertex 9.19804 7.53337 1.65
      vertex 9.15768 7.55084 1.65
    endloop
  endfacet
  facet normal 0 0 1
    outer loop
      vertex 9.578 -7.07408 1.65
      vertex 8.89999 -7.59999 1.65
      vertex 9.56573 -7.1163 1.65
    endloop
  endfacet
  facet normal 0 0 1
    outer loop
      vertex 8.89999 7.59999 1.65
      vertex 9.15768 7.55084 1.65
      vertex 9.1163 7.56573 1.65
    endloop
  endfacet
  facet normal 0 0 1
    outer loop
      vertex 9.56573 -7.1163 1.65
      vertex 8.89999 -7.59999 1.65
      vertex 9.55084 -7.15768 1.65
    endloop
  endfacet
  facet normal 0 0 1
    outer loop
      vertex 8.89999 7.59999 1.65
      vertex 9.1163 7.56573 1.65
      vertex 9.07408 7.578 1.65
    endloop
  endfacet
  facet normal 0 0 1
    outer loop
      vertex 9.55084 -7.15768 1.65
      vertex 8.89999 -7.59999 1.65
      vertex 9.53337 -7.19804 1.65
    endloop
  endfacet
  facet normal 0 0 1
    outer loop
      vertex 8.89999 7.59999 1.65
      vertex 9.07408 7.578 1.65
      vertex 9.03116 7.5876 1.65
    endloop
  endfacet
  facet normal 0 0 1
    outer loop
      vertex 9.51341 -7.23723 1.65
      vertex 8.89999 -7.59999 1.65
      vertex 9.49103 -7.27507 1.65
    endloop
  endfacet
  facet normal 0 0 1
    outer loop
      vertex 8.89999 7.59999 1.65
      vertex 9.03116 7.5876 1.65
      vertex 8.98773 7.59447 1.65
    endloop
  endfacet
  facet normal 0 0 1
    outer loop
      vertex 9.49103 -7.27507 1.65
      vertex 8.89999 -7.59999 1.65
      vertex 9.46631 -7.31145 1.65
    endloop
  endfacet
  facet normal 0 0 1
    outer loop
      vertex 8.89999 7.59999 1.65
      vertex 8.98773 7.59447 1.65
      vertex 8.94395 7.59862 1.65
    endloop
  endfacet
  facet normal 0 0 1
    outer loop
      vertex 9.46631 -7.31145 1.65
      vertex 8.89999 -7.59999 1.65
      vertex 9.43935 -7.34619 1.65
    endloop
  endfacet
  facet normal 0 0 1
    outer loop
      vertex 9.59999 6.89999 1.65
      vertex 8.89999 7.59999 1.65
      vertex 7.08737 5.06071 1.65
    endloop
  endfacet
  facet normal 0 0 1
    outer loop
      vertex 9.43935 -7.34619 1.65
      vertex 8.89999 -7.59999 1.65
      vertex 9.41028 -7.37918 1.65
    endloop
  endfacet
  facet normal 0 0 1
    outer loop
      vertex 9.37918 -7.41028 1.65
      vertex 8.89999 -7.59999 1.65
      vertex 9.34619 -7.43935 1.65
    endloop
  endfacet
  facet normal 0 0 1
    outer loop
      vertex 9.59999 6.89999 1.65
      vertex 7.24881 4.68767 1.65
      vertex 7.25 4.64999 1.65
    endloop
  endfacet
  facet normal 0 0 1
    outer loop
      vertex 9.59999 6.89999 1.65
      vertex 7.24527 4.72519 1.65
      vertex 7.24881 4.68767 1.65
    endloop
  endfacet
  facet normal 0 0 1
    outer loop
      vertex 9.59999 6.89999 1.65
      vertex 7.23936 4.76242 1.65
      vertex 7.24527 4.72519 1.65
    endloop
  endfacet
  facet normal 0 0 1
    outer loop
      vertex 9.59999 6.89999 1.65
      vertex 7.23114 4.79921 1.65
      vertex 7.23936 4.76242 1.65
    endloop
  endfacet
  facet normal 0 0 1
    outer loop
      vertex 9.59999 6.89999 1.65
      vertex 7.22063 4.8354 1.65
      vertex 7.23114 4.79921 1.65
    endloop
  endfacet
  facet normal 0 0 1
    outer loop
      vertex 9.59999 6.89999 1.65
      vertex 7.20786 4.87086 1.65
      vertex 7.22063 4.8354 1.65
    endloop
  endfacet
  facet normal 0 0 1
    outer loop
      vertex 9.59999 6.89999 1.65
      vertex 7.19289 4.90546 1.65
      vertex 7.20786 4.87086 1.65
    endloop
  endfacet
  facet normal 0 0 1
    outer loop
      vertex 9.59999 6.89999 1.65
      vertex 7.17578 4.93904 1.65
      vertex 7.19289 4.90546 1.65
    endloop
  endfacet
  facet normal 0 0 1
    outer loop
      vertex 9.59999 6.89999 1.65
      vertex 7.15659 4.9715 1.65
      vertex 7.17578 4.93904 1.65
    endloop
  endfacet
  facet normal 0 0 1
    outer loop
      vertex 9.59999 6.89999 1.65
      vertex 7.13541 5.00267 1.65
      vertex 7.15659 4.9715 1.65
    endloop
  endfacet
  facet normal 0 0 1
    outer loop
      vertex 9.59999 6.89999 1.65
      vertex 7.1123 5.03246 1.65
      vertex 7.13541 5.00267 1.65
    endloop
  endfacet
  facet normal 0 0 1
    outer loop
      vertex 9.59999 6.89999 1.65
      vertex 7.08737 5.06071 1.65
      vertex 7.1123 5.03246 1.65
    endloop
  endfacet
  facet normal 0 0 1
    outer loop
      vertex 8.89999 7.59999 1.65
      vertex 7.06071 5.08737 1.65
      vertex 7.08737 5.06071 1.65
    endloop
  endfacet
  facet normal 0 0 1
    outer loop
      vertex 8.89999 7.59999 1.65
      vertex 7.03246 5.1123 1.65
      vertex 7.06071 5.08737 1.65
    endloop
  endfacet
  facet normal 0 0 1
    outer loop
      vertex 8.89999 7.59999 1.65
      vertex 7.00267 5.13541 1.65
      vertex 7.03246 5.1123 1.65
    endloop
  endfacet
  facet normal 0 0 1
    outer loop
      vertex 8.89999 7.59999 1.65
      vertex 6.9715 5.15659 1.65
      vertex 7.00267 5.13541 1.65
    endloop
  endfacet
  facet normal 0 0 1
    outer loop
      vertex 8.89999 7.59999 1.65
      vertex 6.93904 5.17578 1.65
      vertex 6.9715 5.15659 1.65
    endloop
  endfacet
  facet normal 0 0 1
    outer loop
      vertex 8.89999 7.59999 1.65
      vertex 6.90546 5.19289 1.65
      vertex 6.93904 5.17578 1.65
    endloop
  endfacet
  facet normal 0 0 1
    outer loop
      vertex 8.89999 7.59999 1.65
      vertex 6.87086 5.20786 1.65
      vertex 6.90546 5.19289 1.65
    endloop
  endfacet
  facet normal 0 0 1
    outer loop
      vertex 8.89999 7.59999 1.65
      vertex 6.8354 5.22063 1.65
      vertex 6.87086 5.20786 1.65
    endloop
  endfacet
  facet normal 0 0 1
    outer loop
      vertex 8.89999 7.59999 1.65
      vertex 6.79921 5.23114 1.65
      vertex 6.8354 5.22063 1.65
    endloop
  endfacet
  facet normal 0 0 1
    outer loop
      vertex 8.89999 7.59999 1.65
      vertex 6.76242 5.23936 1.65
      vertex 6.79921 5.23114 1.65
    endloop
  endfacet
  facet normal 0 0 1
    outer loop
      vertex 8.89999 7.59999 1.65
      vertex 6.72519 5.24527 1.65
      vertex 6.76242 5.23936 1.65
    endloop
  endfacet
  facet normal 0 0 1
    outer loop
      vertex 8.89999 7.59999 1.65
      vertex 6.68767 5.24881 1.65
      vertex 6.72519 5.24527 1.65
    endloop
  endfacet
  facet normal 0 0 1
    outer loop
      vertex 8.89999 7.59999 1.65
      vertex 6.64999 5.25 1.65
      vertex 6.68767 5.24881 1.65
    endloop
  endfacet
  facet normal 0 0 1
    outer loop
      vertex 8.89999 7.59999 1.65
      vertex -6.64999 5.25 1.65
      vertex 6.64999 5.25 1.65
    endloop
  endfacet
  facet normal -0 0 1
    outer loop
      vertex -8.89999 7.59999 1.65
      vertex -6.64999 5.25 1.65
      vertex 8.89999 7.59999 1.65
    endloop
  endfacet
  facet normal 0 0 1
    outer loop
      vertex -6.64999 5.25 1.65
      vertex -8.89999 7.59999 1.65
      vertex -6.68767 5.24881 1.65
    endloop
  endfacet
  facet normal 0 0 1
    outer loop
      vertex -6.68767 5.24881 1.65
      vertex -8.89999 7.59999 1.65
      vertex -6.72519 5.24527 1.65
    endloop
  endfacet
  facet normal 0 0 1
    outer loop
      vertex -8.89999 7.59999 1.65
      vertex -6.76242 5.23936 1.65
      vertex -6.72519 5.24527 1.65
    endloop
  endfacet
  facet normal 0 0 1
    outer loop
      vertex -8.89999 7.59999 1.65
      vertex -6.79921 5.23114 1.65
      vertex -6.76242 5.23936 1.65
    endloop
  endfacet
  facet normal 0 0 1
    outer loop
      vertex -8.89999 7.59999 1.65
      vertex -6.8354 5.22063 1.65
      vertex -6.79921 5.23114 1.65
    endloop
  endfacet
  facet normal 0 0 1
    outer loop
      vertex -8.89999 7.59999 1.65
      vertex -6.87086 5.20786 1.65
      vertex -6.8354 5.22063 1.65
    endloop
  endfacet
  facet normal 0 0 1
    outer loop
      vertex -8.89999 7.59999 1.65
      vertex -6.90546 5.19289 1.65
      vertex -6.87086 5.20786 1.65
    endloop
  endfacet
  facet normal 0 0 1
    outer loop
      vertex -8.89999 7.59999 1.65
      vertex -6.93904 5.17578 1.65
      vertex -6.90546 5.19289 1.65
    endloop
  endfacet
  facet normal 0 0 1
    outer loop
      vertex -8.89999 7.59999 1.65
      vertex -6.9715 5.15659 1.65
      vertex -6.93904 5.17578 1.65
    endloop
  endfacet
  facet normal 0 0 1
    outer loop
      vertex -8.89999 7.59999 1.65
      vertex -7.00267 5.13541 1.65
      vertex -6.9715 5.15659 1.65
    endloop
  endfacet
  facet normal 0 0 1
    outer loop
      vertex -8.89999 7.59999 1.65
      vertex -7.03246 5.1123 1.65
      vertex -7.00267 5.13541 1.65
    endloop
  endfacet
  facet normal 0 0 1
    outer loop
      vertex -8.89999 7.59999 1.65
      vertex -7.06071 5.08737 1.65
      vertex -7.03246 5.1123 1.65
    endloop
  endfacet
  facet normal 0 0 1
    outer loop
      vertex -8.89999 7.59999 1.65
      vertex -7.08737 5.06071 1.65
      vertex -7.06071 5.08737 1.65
    endloop
  endfacet
  facet normal -0 0 1
    outer loop
      vertex -9.59999 6.89999 1.65
      vertex -7.08737 5.06071 1.65
      vertex -8.89999 7.59999 1.65
    endloop
  endfacet
  facet normal 0 0 1
    outer loop
      vertex -7.08737 5.06071 1.65
      vertex -9.59999 6.89999 1.65
      vertex -7.1123 5.03246 1.65
    endloop
  endfacet
  facet normal 0 0 1
    outer loop
      vertex -7.1123 5.03246 1.65
      vertex -9.59999 6.89999 1.65
      vertex -7.13541 5.00267 1.65
    endloop
  endfacet
  facet normal 0 0 1
    outer loop
      vertex -7.13541 5.00267 1.65
      vertex -9.59999 6.89999 1.65
      vertex -7.15659 4.9715 1.65
    endloop
  endfacet
  facet normal 0 0 1
    outer loop
      vertex -7.15659 4.9715 1.65
      vertex -9.59999 6.89999 1.65
      vertex -7.17578 4.93904 1.65
    endloop
  endfacet
  facet normal 0 0 1
    outer loop
      vertex -7.17578 4.93904 1.65
      vertex -9.59999 6.89999 1.65
      vertex -7.19289 4.90546 1.65
    endloop
  endfacet
  facet normal 0 0 1
    outer loop
      vertex -7.19289 4.90546 1.65
      vertex -9.59999 6.89999 1.65
      vertex -7.20786 4.87086 1.65
    endloop
  endfacet
  facet normal 0 0 1
    outer loop
      vertex -7.20786 4.87086 1.65
      vertex -9.59999 6.89999 1.65
      vertex -7.22063 4.8354 1.65
    endloop
  endfacet
  facet normal 0 0 1
    outer loop
      vertex -7.22063 4.8354 1.65
      vertex -9.59999 6.89999 1.65
      vertex -7.23114 4.79921 1.65
    endloop
  endfacet
  facet normal 0 0 1
    outer loop
      vertex -7.23114 4.79921 1.65
      vertex -9.59999 6.89999 1.65
      vertex -7.23936 4.76242 1.65
    endloop
  endfacet
  facet normal 0 0 1
    outer loop
      vertex -7.23936 4.76242 1.65
      vertex -9.59999 6.89999 1.65
      vertex -7.24527 4.72519 1.65
    endloop
  endfacet
  facet normal 0 0 1
    outer loop
      vertex -9.59999 3 1.65
      vertex -7.24527 4.72519 1.65
      vertex -9.59999 6.89999 1.65
    endloop
  endfacet
  facet normal 0 0 1
    outer loop
      vertex -7.24527 4.72519 1.65
      vertex -9.59999 3 1.65
      vertex -7.24881 4.68767 1.65
    endloop
  endfacet
  facet normal 0 0 1
    outer loop
      vertex -9.59999 6.89999 1.65
      vertex -8.89999 7.59999 1.65
      vertex -8.94395 7.59862 1.65
    endloop
  endfacet
  facet normal 0 0 1
    outer loop
      vertex -9.59999 6.89999 1.65
      vertex -8.94395 7.59862 1.65
      vertex -8.98773 7.59447 1.65
    endloop
  endfacet
  facet normal 0 0 1
    outer loop
      vertex -9.59999 6.89999 1.65
      vertex -8.98773 7.59447 1.65
      vertex -9.03116 7.5876 1.65
    endloop
  endfacet
  facet normal 0 0 1
    outer loop
      vertex -9.59999 6.89999 1.65
      vertex -9.03116 7.5876 1.65
      vertex -9.07408 7.578 1.65
    endloop
  endfacet
  facet normal 0 0 1
    outer loop
      vertex -9.59999 6.89999 1.65
      vertex -9.07408 7.578 1.65
      vertex -9.1163 7.56573 1.65
    endloop
  endfacet
  facet normal 0 0 1
    outer loop
      vertex -9.59999 6.89999 1.65
      vertex -9.1163 7.56573 1.65
      vertex -9.15768 7.55084 1.65
    endloop
  endfacet
  facet normal 0 0 1
    outer loop
      vertex -9.59999 6.89999 1.65
      vertex -9.15768 7.55084 1.65
      vertex -9.19804 7.53337 1.65
    endloop
  endfacet
  facet normal 0 0 1
    outer loop
      vertex -9.59999 6.89999 1.65
      vertex -9.19804 7.53337 1.65
      vertex -9.23723 7.51341 1.65
    endloop
  endfacet
  facet normal 0 0 1
    outer loop
      vertex -9.59999 6.89999 1.65
      vertex -9.23723 7.51341 1.65
      vertex -9.27507 7.49103 1.65
    endloop
  endfacet
  facet normal 0 0 1
    outer loop
      vertex -9.59999 6.89999 1.65
      vertex -9.27507 7.49103 1.65
      vertex -9.31145 7.46631 1.65
    endloop
  endfacet
  facet normal 0 0 1
    outer loop
      vertex -9.59999 6.89999 1.65
      vertex -9.31145 7.46631 1.65
      vertex -9.34619 7.43935 1.65
    endloop
  endfacet
  facet normal 0 0 1
    outer loop
      vertex -9.59999 6.89999 1.65
      vertex -9.34619 7.43935 1.65
      vertex -9.37918 7.41028 1.65
    endloop
  endfacet
  facet normal 0 0 1
    outer loop
      vertex -9.59999 6.89999 1.65
      vertex -9.37918 7.41028 1.65
      vertex -9.41028 7.37918 1.65
    endloop
  endfacet
  facet normal 0 0 1
    outer loop
      vertex -9.59999 6.89999 1.65
      vertex -9.41028 7.37918 1.65
      vertex -9.43935 7.34619 1.65
    endloop
  endfacet
  facet normal 0 0 1
    outer loop
      vertex -9.59999 6.89999 1.65
      vertex -9.43935 7.34619 1.65
      vertex -9.46631 7.31145 1.65
    endloop
  endfacet
  facet normal 0 0 1
    outer loop
      vertex -9.59999 6.89999 1.65
      vertex -9.46631 7.31145 1.65
      vertex -9.49103 7.27507 1.65
    endloop
  endfacet
  facet normal 0 0 1
    outer loop
      vertex -9.59999 6.89999 1.65
      vertex -9.49103 7.27507 1.65
      vertex -9.51341 7.23723 1.65
    endloop
  endfacet
  facet normal 0 0 1
    outer loop
      vertex -9.59999 6.89999 1.65
      vertex -9.51341 7.23723 1.65
      vertex -9.53337 7.19804 1.65
    endloop
  endfacet
  facet normal 0 0 1
    outer loop
      vertex -9.59999 6.89999 1.65
      vertex -9.53337 7.19804 1.65
      vertex -9.55084 7.15768 1.65
    endloop
  endfacet
  facet normal 0 0 1
    outer loop
      vertex -9.59999 6.89999 1.65
      vertex -9.55084 7.15768 1.65
      vertex -9.56573 7.1163 1.65
    endloop
  endfacet
  facet normal 0 0 1
    outer loop
      vertex -9.59999 6.89999 1.65
      vertex -9.56573 7.1163 1.65
      vertex -9.578 7.07408 1.65
    endloop
  endfacet
  facet normal 0 0 1
    outer loop
      vertex -9.59999 6.89999 1.65
      vertex -9.578 7.07408 1.65
      vertex -9.5876 7.03116 1.65
    endloop
  endfacet
  facet normal 0 0 1
    outer loop
      vertex -9.59999 6.89999 1.65
      vertex -9.5876 7.03116 1.65
      vertex -9.59447 6.98773 1.65
    endloop
  endfacet
  facet normal 0 0 1
    outer loop
      vertex -9.59999 6.89999 1.65
      vertex -9.59447 6.98773 1.65
      vertex -9.59862 6.94395 1.65
    endloop
  endfacet
  facet normal 0 0 1
    outer loop
      vertex -7.24881 4.68767 1.65
      vertex -9.59999 3 1.65
      vertex -7.25 4.64999 1.65
    endloop
  endfacet
  facet normal 0 0 1
    outer loop
      vertex -7.25 4.64999 1.65
      vertex -9.59999 3 1.65
      vertex -7.25 3 1.65
    endloop
  endfacet
  facet normal 0 0 1
    outer loop
      vertex 9.34619 -7.43935 1.65
      vertex 8.89999 -7.59999 1.65
      vertex 9.31145 -7.46631 1.65
    endloop
  endfacet
  facet normal 0 0 1
    outer loop
      vertex 9.31145 -7.46631 1.65
      vertex 8.89999 -7.59999 1.65
      vertex 9.27507 -7.49103 1.65
    endloop
  endfacet
  facet normal 0 0 1
    outer loop
      vertex 9.23723 -7.51341 1.65
      vertex 8.89999 -7.59999 1.65
      vertex 9.19804 -7.53337 1.65
    endloop
  endfacet
  facet normal 0 0 1
    outer loop
      vertex 9.19804 -7.53337 1.65
      vertex 8.89999 -7.59999 1.65
      vertex 9.15768 -7.55084 1.65
    endloop
  endfacet
  facet normal 0 0 1
    outer loop
      vertex 9.15768 -7.55084 1.65
      vertex 8.89999 -7.59999 1.65
      vertex 9.1163 -7.56573 1.65
    endloop
  endfacet
  facet normal 0 0 1
    outer loop
      vertex 9.1163 -7.56573 1.65
      vertex 8.89999 -7.59999 1.65
      vertex 9.07408 -7.578 1.65
    endloop
  endfacet
  facet normal 0 0 1
    outer loop
      vertex 9.03116 -7.5876 1.65
      vertex 8.89999 -7.59999 1.65
      vertex 8.98773 -7.59447 1.65
    endloop
  endfacet
  facet normal 0 0 1
    outer loop
      vertex 8.98773 -7.59447 1.65
      vertex 8.89999 -7.59999 1.65
      vertex 8.94395 -7.59862 1.65
    endloop
  endfacet
  facet normal 0 0 1
    outer loop
      vertex 9.07408 -7.578 1.65
      vertex 8.89999 -7.59999 1.65
      vertex 9.03116 -7.5876 1.65
    endloop
  endfacet
  facet normal 0 0 1
    outer loop
      vertex 9.27507 -7.49103 1.65
      vertex 8.89999 -7.59999 1.65
      vertex 9.23723 -7.51341 1.65
    endloop
  endfacet
  facet normal 0 0 1
    outer loop
      vertex 9.41028 -7.37918 1.65
      vertex 8.89999 -7.59999 1.65
      vertex 9.37918 -7.41028 1.65
    endloop
  endfacet
  facet normal 0 0 1
    outer loop
      vertex 9.53337 -7.19804 1.65
      vertex 8.89999 -7.59999 1.65
      vertex 9.51341 -7.23723 1.65
    endloop
  endfacet
  facet normal 0 0 1
    outer loop
      vertex 9.59447 -6.98773 1.65
      vertex 8.89999 -7.59999 1.65
      vertex 9.5876 -7.03116 1.65
    endloop
  endfacet
  facet normal -0 0 1
    outer loop
      vertex 7.06071 -5.08737 1.65
      vertex 8.89999 -7.59999 1.65
      vertex 7.08737 -5.06071 1.65
    endloop
  endfacet
  facet normal -0 0 1
    outer loop
      vertex 7.03246 -5.1123 1.65
      vertex 8.89999 -7.59999 1.65
      vertex 7.06071 -5.08737 1.65
    endloop
  endfacet
  facet normal -0 0 1
    outer loop
      vertex 7.00267 -5.13541 1.65
      vertex 8.89999 -7.59999 1.65
      vertex 7.03246 -5.1123 1.65
    endloop
  endfacet
  facet normal -0 0 1
    outer loop
      vertex 6.9715 -5.15659 1.65
      vertex 8.89999 -7.59999 1.65
      vertex 7.00267 -5.13541 1.65
    endloop
  endfacet
  facet normal -0 0 1
    outer loop
      vertex 6.93904 -5.17578 1.65
      vertex 8.89999 -7.59999 1.65
      vertex 6.9715 -5.15659 1.65
    endloop
  endfacet
  facet normal -0 0 1
    outer loop
      vertex 6.90546 -5.19289 1.65
      vertex 8.89999 -7.59999 1.65
      vertex 6.93904 -5.17578 1.65
    endloop
  endfacet
  facet normal -0 0 1
    outer loop
      vertex 6.87086 -5.20786 1.65
      vertex 8.89999 -7.59999 1.65
      vertex 6.90546 -5.19289 1.65
    endloop
  endfacet
  facet normal -0 0 1
    outer loop
      vertex 6.8354 -5.22063 1.65
      vertex 8.89999 -7.59999 1.65
      vertex 6.87086 -5.20786 1.65
    endloop
  endfacet
  facet normal -0 0 1
    outer loop
      vertex 6.79921 -5.23114 1.65
      vertex 8.89999 -7.59999 1.65
      vertex 6.8354 -5.22063 1.65
    endloop
  endfacet
  facet normal -0 0 1
    outer loop
      vertex 6.76242 -5.23936 1.65
      vertex 8.89999 -7.59999 1.65
      vertex 6.79921 -5.23114 1.65
    endloop
  endfacet
  facet normal -0 0 1
    outer loop
      vertex 6.72519 -5.24527 1.65
      vertex 8.89999 -7.59999 1.65
      vertex 6.76242 -5.23936 1.65
    endloop
  endfacet
  facet normal -0 0 1
    outer loop
      vertex 6.68767 -5.24881 1.65
      vertex 8.89999 -7.59999 1.65
      vertex 6.72519 -5.24527 1.65
    endloop
  endfacet
  facet normal -0 0 1
    outer loop
      vertex 6.64999 -5.25 1.65
      vertex 8.89999 -7.59999 1.65
      vertex 6.68767 -5.24881 1.65
    endloop
  endfacet
  facet normal -0 0 1
    outer loop
      vertex -6.64999 -5.25 1.65
      vertex 8.89999 -7.59999 1.65
      vertex 6.64999 -5.25 1.65
    endloop
  endfacet
  facet normal 0 0 1
    outer loop
      vertex -8.89999 -7.59999 1.65
      vertex -6.64999 -5.25 1.65
      vertex -6.68767 -5.24881 1.65
    endloop
  endfacet
  facet normal 0 0 1
    outer loop
      vertex -8.89999 -7.59999 1.65
      vertex -6.68767 -5.24881 1.65
      vertex -6.72519 -5.24527 1.65
    endloop
  endfacet
  facet normal 0 0 1
    outer loop
      vertex -6.64999 -5.25 1.65
      vertex -8.89999 -7.59999 1.65
      vertex 8.89999 -7.59999 1.65
    endloop
  endfacet
  facet normal 0 0 1
    outer loop
      vertex -6.76242 -5.23936 1.65
      vertex -8.89999 -7.59999 1.65
      vertex -6.72519 -5.24527 1.65
    endloop
  endfacet
  facet normal 0 0 1
    outer loop
      vertex -6.79921 -5.23114 1.65
      vertex -8.89999 -7.59999 1.65
      vertex -6.76242 -5.23936 1.65
    endloop
  endfacet
  facet normal 0 0 1
    outer loop
      vertex -6.8354 -5.22063 1.65
      vertex -8.89999 -7.59999 1.65
      vertex -6.79921 -5.23114 1.65
    endloop
  endfacet
  facet normal 0 0 1
    outer loop
      vertex -6.87086 -5.20786 1.65
      vertex -8.89999 -7.59999 1.65
      vertex -6.8354 -5.22063 1.65
    endloop
  endfacet
  facet normal 0 0 1
    outer loop
      vertex -6.90546 -5.19289 1.65
      vertex -8.89999 -7.59999 1.65
      vertex -6.87086 -5.20786 1.65
    endloop
  endfacet
  facet normal 0 0 1
    outer loop
      vertex -6.93904 -5.17578 1.65
      vertex -8.89999 -7.59999 1.65
      vertex -6.90546 -5.19289 1.65
    endloop
  endfacet
  facet normal 0 0 1
    outer loop
      vertex -6.9715 -5.15659 1.65
      vertex -8.89999 -7.59999 1.65
      vertex -6.93904 -5.17578 1.65
    endloop
  endfacet
  facet normal 0 0 1
    outer loop
      vertex -7.00267 -5.13541 1.65
      vertex -8.89999 -7.59999 1.65
      vertex -6.9715 -5.15659 1.65
    endloop
  endfacet
  facet normal 0 0 1
    outer loop
      vertex -7.03246 -5.1123 1.65
      vertex -8.89999 -7.59999 1.65
      vertex -7.00267 -5.13541 1.65
    endloop
  endfacet
  facet normal 0 0 1
    outer loop
      vertex -7.06071 -5.08737 1.65
      vertex -8.89999 -7.59999 1.65
      vertex -7.03246 -5.1123 1.65
    endloop
  endfacet
  facet normal 0 0 1
    outer loop
      vertex -7.08737 -5.06071 1.65
      vertex -8.89999 -7.59999 1.65
      vertex -7.06071 -5.08737 1.65
    endloop
  endfacet
  facet normal 0 0 1
    outer loop
      vertex -7.1123 -5.03246 1.65
      vertex -8.89999 -7.59999 1.65
      vertex -7.08737 -5.06071 1.65
    endloop
  endfacet
  facet normal 0 0 1
    outer loop
      vertex -7.13541 -5.00267 1.65
      vertex -8.89999 -7.59999 1.65
      vertex -7.1123 -5.03246 1.65
    endloop
  endfacet
  facet normal 0 0 1
    outer loop
      vertex -7.15659 -4.9715 1.65
      vertex -8.89999 -7.59999 1.65
      vertex -7.13541 -5.00267 1.65
    endloop
  endfacet
  facet normal 0 0 1
    outer loop
      vertex -7.17578 -4.93904 1.65
      vertex -8.89999 -7.59999 1.65
      vertex -7.15659 -4.9715 1.65
    endloop
  endfacet
  facet normal 0 0 1
    outer loop
      vertex -7.19289 -4.90546 1.65
      vertex -8.89999 -7.59999 1.65
      vertex -7.17578 -4.93904 1.65
    endloop
  endfacet
  facet normal 0 0 1
    outer loop
      vertex -7.20786 -4.87086 1.65
      vertex -8.89999 -7.59999 1.65
      vertex -7.19289 -4.90546 1.65
    endloop
  endfacet
  facet normal 0 0 1
    outer loop
      vertex -7.22063 -4.8354 1.65
      vertex -8.89999 -7.59999 1.65
      vertex -7.20786 -4.87086 1.65
    endloop
  endfacet
  facet normal 0 0 1
    outer loop
      vertex -7.23114 -4.79921 1.65
      vertex -8.89999 -7.59999 1.65
      vertex -7.22063 -4.8354 1.65
    endloop
  endfacet
  facet normal 0 0 1
    outer loop
      vertex -7.23936 -4.76242 1.65
      vertex -8.89999 -7.59999 1.65
      vertex -7.23114 -4.79921 1.65
    endloop
  endfacet
  facet normal 0 0 1
    outer loop
      vertex -7.24527 -4.72519 1.65
      vertex -8.89999 -7.59999 1.65
      vertex -7.23936 -4.76242 1.65
    endloop
  endfacet
  facet normal 0 0 1
    outer loop
      vertex -7.24881 -4.68767 1.65
      vertex -8.89999 -7.59999 1.65
      vertex -7.24527 -4.72519 1.65
    endloop
  endfacet
  facet normal 0 0 1
    outer loop
      vertex -8.89999 -7.59999 1.65
      vertex -7.24881 -4.68767 1.65
      vertex -7.25 -4.64999 1.65
    endloop
  endfacet
  facet normal -0.0311496 0.999515 0
    outer loop
      vertex -8.89999 7.59999 0
      vertex -8.94395 7.59862 1.65
      vertex -8.89999 7.59999 1.65
    endloop
  endfacet
  facet normal -0.0311496 0.999515 0
    outer loop
      vertex -8.94395 7.59862 1.65
      vertex -8.89999 7.59999 0
      vertex -8.94395 7.59862 0
    endloop
  endfacet
  facet normal 0.0311496 0.999515 -0
    outer loop
      vertex 8.94395 7.59862 0
      vertex 8.89999 7.59999 1.65
      vertex 8.94395 7.59862 1.65
    endloop
  endfacet
  facet normal 0.0311496 0.999515 0
    outer loop
      vertex 8.89999 7.59999 1.65
      vertex 8.94395 7.59862 0
      vertex 8.89999 7.59999 0
    endloop
  endfacet
  facet normal -0.661125 -0.750276 0
    outer loop
      vertex -9.37918 -7.41028 0
      vertex -9.34619 -7.43935 1.65
      vertex -9.37918 -7.41028 1.65
    endloop
  endfacet
  facet normal -0.661125 -0.750276 -0
    outer loop
      vertex -9.34619 -7.43935 1.65
      vertex -9.37918 -7.41028 0
      vertex -9.34619 -7.43935 0
    endloop
  endfacet
  facet normal 0 1 -0
    outer loop
      vertex 8.89999 7.59999 0
      vertex -8.89999 7.59999 1.65
      vertex 8.89999 7.59999 1.65
    endloop
  endfacet
  facet normal 0 1 0
    outer loop
      vertex -8.89999 7.59999 1.65
      vertex 8.89999 7.59999 0
      vertex -8.89999 7.59999 0
    endloop
  endfacet
  facet normal -1 0 0
    outer loop
      vertex -9.59999 3 0
      vertex -9.59999 6.89999 1.65
      vertex -9.59999 6.89999 0
    endloop
  endfacet
  facet normal -1 -0 0
    outer loop
      vertex -9.59999 6.89999 1.65
      vertex -9.59999 3 0
      vertex -9.59999 3 1.65
    endloop
  endfacet
  facet normal -1 0 0
    outer loop
      vertex -9.59999 -6.89999 0
      vertex -9.59999 -3 1.65
      vertex -9.59999 -3 0
    endloop
  endfacet
  facet normal -1 -0 0
    outer loop
      vertex -9.59999 -3 1.65
      vertex -9.59999 -6.89999 0
      vertex -9.59999 -6.89999 1.65
    endloop
  endfacet
  facet normal -0.338583 -0.940937 0
    outer loop
      vertex -9.15768 -7.55084 0
      vertex -9.1163 -7.56573 1.65
      vertex -9.15768 -7.55084 1.65
    endloop
  endfacet
  facet normal -0.338583 -0.940937 -0
    outer loop
      vertex -9.1163 -7.56573 1.65
      vertex -9.15768 -7.55084 0
      vertex -9.1163 -7.56573 0
    endloop
  endfacet
  facet normal 1 -0 0
    outer loop
      vertex 9.59999 -6.89999 1.65
      vertex 9.59999 6.89999 0
      vertex 9.59999 6.89999 1.65
    endloop
  endfacet
  facet normal 1 0 0
    outer loop
      vertex 9.59999 6.89999 0
      vertex 9.59999 -6.89999 1.65
      vertex 9.59999 -6.89999 0
    endloop
  endfacet
  facet normal 0.661125 0.750276 -0
    outer loop
      vertex 9.37918 7.41028 0
      vertex 9.34619 7.43935 1.65
      vertex 9.37918 7.41028 1.65
    endloop
  endfacet
  facet normal 0.661125 0.750276 0
    outer loop
      vertex 9.34619 7.43935 1.65
      vertex 9.37918 7.41028 0
      vertex 9.34619 7.43935 0
    endloop
  endfacet
  facet normal -0.218278 0.975887 0
    outer loop
      vertex -9.03116 7.5876 0
      vertex -9.07408 7.578 1.65
      vertex -9.03116 7.5876 1.65
    endloop
  endfacet
  facet normal -0.218278 0.975887 0
    outer loop
      vertex -9.07408 7.578 1.65
      vertex -9.03116 7.5876 0
      vertex -9.07408 7.578 0
    endloop
  endfacet
  facet normal -0.975887 0.218278 0
    outer loop
      vertex -9.5876 7.03116 0
      vertex -9.578 7.07408 1.65
      vertex -9.578 7.07408 0
    endloop
  endfacet
  facet normal -0.975887 0.218278 0
    outer loop
      vertex -9.578 7.07408 1.65
      vertex -9.5876 7.03116 0
      vertex -9.5876 7.03116 1.65
    endloop
  endfacet
  facet normal -0.61309 -0.790013 0
    outer loop
      vertex -9.34619 -7.43935 0
      vertex -9.31145 -7.46631 1.65
      vertex -9.34619 -7.43935 1.65
    endloop
  endfacet
  facet normal -0.61309 -0.790013 -0
    outer loop
      vertex -9.31145 -7.46631 1.65
      vertex -9.34619 -7.43935 0
      vertex -9.31145 -7.46631 0
    endloop
  endfacet
  facet normal 0.750276 -0.661125 0
    outer loop
      vertex 9.41028 -7.37918 1.65
      vertex 9.43935 -7.34619 0
      vertex 9.43935 -7.34619 1.65
    endloop
  endfacet
  facet normal 0.750276 -0.661125 0
    outer loop
      vertex 9.43935 -7.34619 0
      vertex 9.41028 -7.37918 1.65
      vertex 9.41028 -7.37918 0
    endloop
  endfacet
  facet normal 0.940937 -0.338583 0
    outer loop
      vertex 9.55084 -7.15768 1.65
      vertex 9.56573 -7.1163 0
      vertex 9.56573 -7.1163 1.65
    endloop
  endfacet
  facet normal 0.940937 -0.338583 0
    outer loop
      vertex 9.56573 -7.1163 0
      vertex 9.55084 -7.15768 1.65
      vertex 9.55084 -7.15768 0
    endloop
  endfacet
  facet normal 0.338583 0.940937 -0
    outer loop
      vertex 9.15768 7.55084 0
      vertex 9.1163 7.56573 1.65
      vertex 9.15768 7.55084 1.65
    endloop
  endfacet
  facet normal 0.338583 0.940937 0
    outer loop
      vertex 9.1163 7.56573 1.65
      vertex 9.15768 7.55084 0
      vertex 9.1163 7.56573 0
    endloop
  endfacet
  facet normal 0.397237 0.917716 -0
    outer loop
      vertex 9.19804 7.53337 0
      vertex 9.15768 7.55084 1.65
      vertex 9.19804 7.53337 1.65
    endloop
  endfacet
  facet normal 0.397237 0.917716 0
    outer loop
      vertex 9.15768 7.55084 1.65
      vertex 9.19804 7.53337 0
      vertex 9.15768 7.55084 0
    endloop
  endfacet
  facet normal 0.509066 0.860727 -0
    outer loop
      vertex 9.27507 7.49103 0
      vertex 9.23723 7.51341 1.65
      vertex 9.27507 7.49103 1.65
    endloop
  endfacet
  facet normal 0.509066 0.860727 0
    outer loop
      vertex 9.23723 7.51341 1.65
      vertex 9.27507 7.49103 0
      vertex 9.23723 7.51341 0
    endloop
  endfacet
  facet normal -0.509066 0.860727 0
    outer loop
      vertex -9.23723 7.51341 0
      vertex -9.27507 7.49103 1.65
      vertex -9.23723 7.51341 1.65
    endloop
  endfacet
  facet normal -0.509066 0.860727 0
    outer loop
      vertex -9.27507 7.49103 1.65
      vertex -9.23723 7.51341 0
      vertex -9.27507 7.49103 0
    endloop
  endfacet
  facet normal -0.999515 0.0311496 0
    outer loop
      vertex -9.59999 6.89999 0
      vertex -9.59862 6.94395 1.65
      vertex -9.59862 6.94395 0
    endloop
  endfacet
  facet normal -0.999515 0.0311496 0
    outer loop
      vertex -9.59862 6.94395 1.65
      vertex -9.59999 6.89999 0
      vertex -9.59999 6.89999 1.65
    endloop
  endfacet
  facet normal -0.453841 -0.891083 0
    outer loop
      vertex -9.23723 -7.51341 0
      vertex -9.19804 -7.53337 1.65
      vertex -9.23723 -7.51341 1.65
    endloop
  endfacet
  facet normal -0.453841 -0.891083 -0
    outer loop
      vertex -9.19804 -7.53337 1.65
      vertex -9.23723 -7.51341 0
      vertex -9.19804 -7.53337 0
    endloop
  endfacet
  facet normal -0.790013 -0.61309 0
    outer loop
      vertex -9.43935 -7.34619 0
      vertex -9.46631 -7.31145 1.65
      vertex -9.46631 -7.31145 0
    endloop
  endfacet
  facet normal -0.790013 -0.61309 0
    outer loop
      vertex -9.46631 -7.31145 1.65
      vertex -9.43935 -7.34619 0
      vertex -9.43935 -7.34619 1.65
    endloop
  endfacet
  facet normal -0.891083 -0.453841 0
    outer loop
      vertex -9.51341 -7.23723 0
      vertex -9.53337 -7.19804 1.65
      vertex -9.53337 -7.19804 0
    endloop
  endfacet
  facet normal -0.891083 -0.453841 0
    outer loop
      vertex -9.53337 -7.19804 1.65
      vertex -9.51341 -7.23723 0
      vertex -9.51341 -7.23723 1.65
    endloop
  endfacet
  facet normal -0.156243 -0.987719 0
    outer loop
      vertex -9.03116 -7.5876 0
      vertex -8.98773 -7.59447 1.65
      vertex -9.03116 -7.5876 1.65
    endloop
  endfacet
  facet normal -0.156243 -0.987719 -0
    outer loop
      vertex -8.98773 -7.59447 1.65
      vertex -9.03116 -7.5876 0
      vertex -8.98773 -7.59447 0
    endloop
  endfacet
  facet normal -0.0311496 -0.999515 0
    outer loop
      vertex -8.94395 -7.59862 0
      vertex -8.89999 -7.59999 1.65
      vertex -8.94395 -7.59862 1.65
    endloop
  endfacet
  facet normal -0.0311496 -0.999515 -0
    outer loop
      vertex -8.89999 -7.59999 1.65
      vertex -8.94395 -7.59862 0
      vertex -8.89999 -7.59999 0
    endloop
  endfacet
  facet normal -0.218278 -0.975887 0
    outer loop
      vertex -9.07408 -7.578 0
      vertex -9.03116 -7.5876 1.65
      vertex -9.07408 -7.578 1.65
    endloop
  endfacet
  facet normal -0.218278 -0.975887 -0
    outer loop
      vertex -9.03116 -7.5876 1.65
      vertex -9.07408 -7.578 0
      vertex -9.03116 -7.5876 0
    endloop
  endfacet
  facet normal 0.987719 -0.156243 0
    outer loop
      vertex 9.5876 -7.03116 1.65
      vertex 9.59447 -6.98773 0
      vertex 9.59447 -6.98773 1.65
    endloop
  endfacet
  facet normal 0.987719 -0.156243 0
    outer loop
      vertex 9.59447 -6.98773 0
      vertex 9.5876 -7.03116 1.65
      vertex 9.5876 -7.03116 0
    endloop
  endfacet
  facet normal 0.218278 0.975887 -0
    outer loop
      vertex 9.07408 7.578 0
      vertex 9.03116 7.5876 1.65
      vertex 9.07408 7.578 1.65
    endloop
  endfacet
  facet normal 0.218278 0.975887 0
    outer loop
      vertex 9.03116 7.5876 1.65
      vertex 9.07408 7.578 0
      vertex 9.03116 7.5876 0
    endloop
  endfacet
  facet normal 0.453841 0.891083 -0
    outer loop
      vertex 9.23723 7.51341 0
      vertex 9.19804 7.53337 1.65
      vertex 9.23723 7.51341 1.65
    endloop
  endfacet
  facet normal 0.453841 0.891083 0
    outer loop
      vertex 9.19804 7.53337 1.65
      vertex 9.23723 7.51341 0
      vertex 9.19804 7.53337 0
    endloop
  endfacet
  facet normal -0.338583 0.940937 0
    outer loop
      vertex -9.1163 7.56573 0
      vertex -9.15768 7.55084 1.65
      vertex -9.1163 7.56573 1.65
    endloop
  endfacet
  facet normal -0.338583 0.940937 0
    outer loop
      vertex -9.15768 7.55084 1.65
      vertex -9.1163 7.56573 0
      vertex -9.15768 7.55084 0
    endloop
  endfacet
  facet normal -0.827121 0.562024 0
    outer loop
      vertex -9.49103 7.27507 0
      vertex -9.46631 7.31145 1.65
      vertex -9.46631 7.31145 0
    endloop
  endfacet
  facet normal -0.827121 0.562024 0
    outer loop
      vertex -9.46631 7.31145 1.65
      vertex -9.49103 7.27507 0
      vertex -9.49103 7.27507 1.65
    endloop
  endfacet
  facet normal -0.96027 0.279074 0
    outer loop
      vertex -9.578 7.07408 0
      vertex -9.56573 7.1163 1.65
      vertex -9.56573 7.1163 0
    endloop
  endfacet
  facet normal -0.96027 0.279074 0
    outer loop
      vertex -9.56573 7.1163 1.65
      vertex -9.578 7.07408 0
      vertex -9.578 7.07408 1.65
    endloop
  endfacet
  facet normal -0.940937 0.338583 0
    outer loop
      vertex -9.56573 7.1163 0
      vertex -9.55084 7.15768 1.65
      vertex -9.55084 7.15768 0
    endloop
  endfacet
  facet normal -0.940937 0.338583 0
    outer loop
      vertex -9.55084 7.15768 1.65
      vertex -9.56573 7.1163 0
      vertex -9.56573 7.1163 1.65
    endloop
  endfacet
  facet normal -0.562024 -0.827121 0
    outer loop
      vertex -9.31145 -7.46631 0
      vertex -9.27507 -7.49103 1.65
      vertex -9.31145 -7.46631 1.65
    endloop
  endfacet
  facet normal -0.562024 -0.827121 -0
    outer loop
      vertex -9.27507 -7.49103 1.65
      vertex -9.31145 -7.46631 0
      vertex -9.27507 -7.49103 0
    endloop
  endfacet
  facet normal -0.397237 -0.917716 0
    outer loop
      vertex -9.19804 -7.53337 0
      vertex -9.15768 -7.55084 1.65
      vertex -9.19804 -7.53337 1.65
    endloop
  endfacet
  facet normal -0.397237 -0.917716 -0
    outer loop
      vertex -9.15768 -7.55084 1.65
      vertex -9.19804 -7.53337 0
      vertex -9.15768 -7.55084 0
    endloop
  endfacet
  facet normal -0.707107 -0.707107 0
    outer loop
      vertex -9.37918 -7.41028 0
      vertex -9.41028 -7.37918 1.65
      vertex -9.41028 -7.37918 0
    endloop
  endfacet
  facet normal -0.707107 -0.707107 0
    outer loop
      vertex -9.41028 -7.37918 1.65
      vertex -9.37918 -7.41028 0
      vertex -9.37918 -7.41028 1.65
    endloop
  endfacet
  facet normal 0 0 -1
    outer loop
      vertex -9.59999 3 0
      vertex -7.25 4.64999 0
      vertex -7.25 3 0
    endloop
  endfacet
  facet normal 0 0 -1
    outer loop
      vertex -7.25 4.64999 0
      vertex -9.59999 6.89999 0
      vertex -8.89999 7.59999 0
    endloop
  endfacet
  facet normal 0 0 -1
    outer loop
      vertex -8.89999 7.59999 0
      vertex -9.59999 6.89999 0
      vertex -8.94395 7.59862 0
    endloop
  endfacet
  facet normal 0 0 -1
    outer loop
      vertex -8.94395 7.59862 0
      vertex -9.59999 6.89999 0
      vertex -8.98773 7.59447 0
    endloop
  endfacet
  facet normal 0 0 -1
    outer loop
      vertex -8.98773 7.59447 0
      vertex -9.59999 6.89999 0
      vertex -9.03116 7.5876 0
    endloop
  endfacet
  facet normal 0 0 -1
    outer loop
      vertex -9.03116 7.5876 0
      vertex -9.59999 6.89999 0
      vertex -9.07408 7.578 0
    endloop
  endfacet
  facet normal 0 0 -1
    outer loop
      vertex -9.07408 7.578 0
      vertex -9.59999 6.89999 0
      vertex -9.1163 7.56573 0
    endloop
  endfacet
  facet normal 0 0 -1
    outer loop
      vertex -9.1163 7.56573 0
      vertex -9.59999 6.89999 0
      vertex -9.15768 7.55084 0
    endloop
  endfacet
  facet normal 0 0 -1
    outer loop
      vertex -9.15768 7.55084 0
      vertex -9.59999 6.89999 0
      vertex -9.19804 7.53337 0
    endloop
  endfacet
  facet normal 0 0 -1
    outer loop
      vertex -9.19804 7.53337 0
      vertex -9.59999 6.89999 0
      vertex -9.23723 7.51341 0
    endloop
  endfacet
  facet normal 0 0 -1
    outer loop
      vertex -9.23723 7.51341 0
      vertex -9.59999 6.89999 0
      vertex -9.27507 7.49103 0
    endloop
  endfacet
  facet normal 0 0 -1
    outer loop
      vertex -9.27507 7.49103 0
      vertex -9.59999 6.89999 0
      vertex -9.31145 7.46631 0
    endloop
  endfacet
  facet normal 0 0 -1
    outer loop
      vertex -9.31145 7.46631 0
      vertex -9.59999 6.89999 0
      vertex -9.34619 7.43935 0
    endloop
  endfacet
  facet normal 0 0 -1
    outer loop
      vertex -9.34619 7.43935 0
      vertex -9.59999 6.89999 0
      vertex -9.37918 7.41028 0
    endloop
  endfacet
  facet normal 0 0 -1
    outer loop
      vertex -9.37918 7.41028 0
      vertex -9.59999 6.89999 0
      vertex -9.41028 7.37918 0
    endloop
  endfacet
  facet normal 0 0 -1
    outer loop
      vertex -9.41028 7.37918 0
      vertex -9.59999 6.89999 0
      vertex -9.43935 7.34619 0
    endloop
  endfacet
  facet normal 0 0 -1
    outer loop
      vertex -9.43935 7.34619 0
      vertex -9.59999 6.89999 0
      vertex -9.46631 7.31145 0
    endloop
  endfacet
  facet normal 0 0 -1
    outer loop
      vertex -9.46631 7.31145 0
      vertex -9.59999 6.89999 0
      vertex -9.49103 7.27507 0
    endloop
  endfacet
  facet normal 0 0 -1
    outer loop
      vertex -9.49103 7.27507 0
      vertex -9.59999 6.89999 0
      vertex -9.51341 7.23723 0
    endloop
  endfacet
  facet normal 0 0 -1
    outer loop
      vertex -9.51341 7.23723 0
      vertex -9.59999 6.89999 0
      vertex -9.53337 7.19804 0
    endloop
  endfacet
  facet normal 0 0 -1
    outer loop
      vertex -9.53337 7.19804 0
      vertex -9.59999 6.89999 0
      vertex -9.55084 7.15768 0
    endloop
  endfacet
  facet normal 0 0 -1
    outer loop
      vertex -9.55084 7.15768 0
      vertex -9.59999 6.89999 0
      vertex -9.56573 7.1163 0
    endloop
  endfacet
  facet normal 0 0 -1
    outer loop
      vertex -9.56573 7.1163 0
      vertex -9.59999 6.89999 0
      vertex -9.578 7.07408 0
    endloop
  endfacet
  facet normal 0 0 -1
    outer loop
      vertex -9.578 7.07408 0
      vertex -9.59999 6.89999 0
      vertex -9.5876 7.03116 0
    endloop
  endfacet
  facet normal 0 0 -1
    outer loop
      vertex -9.5876 7.03116 0
      vertex -9.59999 6.89999 0
      vertex -9.59447 6.98773 0
    endloop
  endfacet
  facet normal -0 0 -1
    outer loop
      vertex -7.25 4.64999 0
      vertex -9.59999 3 0
      vertex -9.59999 6.89999 0
    endloop
  endfacet
  facet normal 0 0 -1
    outer loop
      vertex -9.59447 6.98773 0
      vertex -9.59999 6.89999 0
      vertex -9.59862 6.94395 0
    endloop
  endfacet
  facet normal 0 0 -1
    outer loop
      vertex 8.89999 -7.59999 0
      vertex 9.59999 -6.89999 0
      vertex 9.59862 -6.94395 0
    endloop
  endfacet
  facet normal 0 0 -1
    outer loop
      vertex 9.59999 -6.89999 0
      vertex 7.25 -4.64999 0
      vertex 9.59999 6.89999 0
    endloop
  endfacet
  facet normal 0 0 -1
    outer loop
      vertex 8.89999 -7.59999 0
      vertex 9.59862 -6.94395 0
      vertex 9.59447 -6.98773 0
    endloop
  endfacet
  facet normal 0 0 -1
    outer loop
      vertex 7.25 4.64999 0
      vertex 9.59999 6.89999 0
      vertex 7.25 -4.64999 0
    endloop
  endfacet
  facet normal 0 0 -1
    outer loop
      vertex 8.89999 -7.59999 0
      vertex 9.59447 -6.98773 0
      vertex 9.5876 -7.03116 0
    endloop
  endfacet
  facet normal 0 0 -1
    outer loop
      vertex 7.24881 4.68767 0
      vertex 9.59999 6.89999 0
      vertex 7.25 4.64999 0
    endloop
  endfacet
  facet normal 0 0 -1
    outer loop
      vertex 8.89999 -7.59999 0
      vertex 9.5876 -7.03116 0
      vertex 9.578 -7.07408 0
    endloop
  endfacet
  facet normal 0 0 -1
    outer loop
      vertex 7.24527 4.72519 0
      vertex 9.59999 6.89999 0
      vertex 7.24881 4.68767 0
    endloop
  endfacet
  facet normal 0 0 -1
    outer loop
      vertex 8.89999 -7.59999 0
      vertex 9.578 -7.07408 0
      vertex 9.56573 -7.1163 0
    endloop
  endfacet
  facet normal 0 0 -1
    outer loop
      vertex 7.23936 4.76242 0
      vertex 9.59999 6.89999 0
      vertex 7.24527 4.72519 0
    endloop
  endfacet
  facet normal 0 0 -1
    outer loop
      vertex 8.89999 -7.59999 0
      vertex 9.56573 -7.1163 0
      vertex 9.55084 -7.15768 0
    endloop
  endfacet
  facet normal 0 0 -1
    outer loop
      vertex 7.23114 4.79921 0
      vertex 9.59999 6.89999 0
      vertex 7.23936 4.76242 0
    endloop
  endfacet
  facet normal 0 0 -1
    outer loop
      vertex 8.89999 -7.59999 0
      vertex 9.55084 -7.15768 0
      vertex 9.53337 -7.19804 0
    endloop
  endfacet
  facet normal 0 0 -1
    outer loop
      vertex 7.22063 4.8354 0
      vertex 9.59999 6.89999 0
      vertex 7.23114 4.79921 0
    endloop
  endfacet
  facet normal 0 0 -1
    outer loop
      vertex 8.89999 -7.59999 0
      vertex 9.53337 -7.19804 0
      vertex 9.51341 -7.23723 0
    endloop
  endfacet
  facet normal 0 0 -1
    outer loop
      vertex 7.20786 4.87086 0
      vertex 9.59999 6.89999 0
      vertex 7.22063 4.8354 0
    endloop
  endfacet
  facet normal 0 0 -1
    outer loop
      vertex 8.89999 -7.59999 0
      vertex 9.51341 -7.23723 0
      vertex 9.49103 -7.27507 0
    endloop
  endfacet
  facet normal 0 0 -1
    outer loop
      vertex 7.19289 4.90546 0
      vertex 9.59999 6.89999 0
      vertex 7.20786 4.87086 0
    endloop
  endfacet
  facet normal 0 0 -1
    outer loop
      vertex 8.89999 -7.59999 0
      vertex 9.49103 -7.27507 0
      vertex 9.46631 -7.31145 0
    endloop
  endfacet
  facet normal 0 0 -1
    outer loop
      vertex 7.17578 4.93904 0
      vertex 9.59999 6.89999 0
      vertex 7.19289 4.90546 0
    endloop
  endfacet
  facet normal 0 0 -1
    outer loop
      vertex 8.89999 -7.59999 0
      vertex 9.46631 -7.31145 0
      vertex 9.43935 -7.34619 0
    endloop
  endfacet
  facet normal 0 0 -1
    outer loop
      vertex 7.15659 4.9715 0
      vertex 9.59999 6.89999 0
      vertex 7.17578 4.93904 0
    endloop
  endfacet
  facet normal 0 0 -1
    outer loop
      vertex 8.89999 -7.59999 0
      vertex 9.43935 -7.34619 0
      vertex 9.41028 -7.37918 0
    endloop
  endfacet
  facet normal 0 0 -1
    outer loop
      vertex 7.13541 5.00267 0
      vertex 9.59999 6.89999 0
      vertex 7.15659 4.9715 0
    endloop
  endfacet
  facet normal 0 0 -1
    outer loop
      vertex 8.89999 -7.59999 0
      vertex 9.41028 -7.37918 0
      vertex 9.37918 -7.41028 0
    endloop
  endfacet
  facet normal 0 0 -1
    outer loop
      vertex 7.1123 5.03246 0
      vertex 9.59999 6.89999 0
      vertex 7.13541 5.00267 0
    endloop
  endfacet
  facet normal 0 0 -1
    outer loop
      vertex 8.89999 -7.59999 0
      vertex 9.37918 -7.41028 0
      vertex 9.34619 -7.43935 0
    endloop
  endfacet
  facet normal 0 0 -1
    outer loop
      vertex 7.08737 5.06071 0
      vertex 9.59999 6.89999 0
      vertex 7.1123 5.03246 0
    endloop
  endfacet
  facet normal 0 0 -1
    outer loop
      vertex 8.89999 -7.59999 0
      vertex 9.34619 -7.43935 0
      vertex 9.31145 -7.46631 0
    endloop
  endfacet
  facet normal 0 -0 -1
    outer loop
      vertex 8.89999 7.59999 0
      vertex 9.59999 6.89999 0
      vertex 7.08737 5.06071 0
    endloop
  endfacet
  facet normal 0 0 -1
    outer loop
      vertex 8.89999 -7.59999 0
      vertex 9.31145 -7.46631 0
      vertex 9.27507 -7.49103 0
    endloop
  endfacet
  facet normal 0 0 -1
    outer loop
      vertex 9.59999 6.89999 0
      vertex 8.89999 7.59999 0
      vertex 9.59862 6.94395 0
    endloop
  endfacet
  facet normal 0 0 -1
    outer loop
      vertex 8.89999 -7.59999 0
      vertex 9.27507 -7.49103 0
      vertex 9.23723 -7.51341 0
    endloop
  endfacet
  facet normal 0 0 -1
    outer loop
      vertex 9.59862 6.94395 0
      vertex 8.89999 7.59999 0
      vertex 9.59447 6.98773 0
    endloop
  endfacet
  facet normal 0 0 -1
    outer loop
      vertex 8.89999 -7.59999 0
      vertex 9.23723 -7.51341 0
      vertex 9.19804 -7.53337 0
    endloop
  endfacet
  facet normal 0 0 -1
    outer loop
      vertex 9.5876 7.03116 0
      vertex 8.89999 7.59999 0
      vertex 9.578 7.07408 0
    endloop
  endfacet
  facet normal 0 0 -1
    outer loop
      vertex 8.89999 -7.59999 0
      vertex 9.19804 -7.53337 0
      vertex 9.15768 -7.55084 0
    endloop
  endfacet
  facet normal 0 0 -1
    outer loop
      vertex 9.578 7.07408 0
      vertex 8.89999 7.59999 0
      vertex 9.56573 7.1163 0
    endloop
  endfacet
  facet normal 0 0 -1
    outer loop
      vertex 8.89999 -7.59999 0
      vertex 9.15768 -7.55084 0
      vertex 9.1163 -7.56573 0
    endloop
  endfacet
  facet normal 0 0 -1
    outer loop
      vertex 9.56573 7.1163 0
      vertex 8.89999 7.59999 0
      vertex 9.55084 7.15768 0
    endloop
  endfacet
  facet normal 0 0 -1
    outer loop
      vertex 8.89999 -7.59999 0
      vertex 9.1163 -7.56573 0
      vertex 9.07408 -7.578 0
    endloop
  endfacet
  facet normal 0 0 -1
    outer loop
      vertex 9.55084 7.15768 0
      vertex 8.89999 7.59999 0
      vertex 9.53337 7.19804 0
    endloop
  endfacet
  facet normal 0 0 -1
    outer loop
      vertex 8.89999 -7.59999 0
      vertex 9.07408 -7.578 0
      vertex 9.03116 -7.5876 0
    endloop
  endfacet
  facet normal 0 0 -1
    outer loop
      vertex 9.51341 7.23723 0
      vertex 8.89999 7.59999 0
      vertex 9.49103 7.27507 0
    endloop
  endfacet
  facet normal 0 0 -1
    outer loop
      vertex 8.89999 -7.59999 0
      vertex 9.03116 -7.5876 0
      vertex 8.98773 -7.59447 0
    endloop
  endfacet
  facet normal 0 0 -1
    outer loop
      vertex 9.49103 7.27507 0
      vertex 8.89999 7.59999 0
      vertex 9.46631 7.31145 0
    endloop
  endfacet
  facet normal 0 0 -1
    outer loop
      vertex 8.89999 -7.59999 0
      vertex 8.98773 -7.59447 0
      vertex 8.94395 -7.59862 0
    endloop
  endfacet
  facet normal 0 0 -1
    outer loop
      vertex 9.46631 7.31145 0
      vertex 8.89999 7.59999 0
      vertex 9.43935 7.34619 0
    endloop
  endfacet
  facet normal -0 0 -1
    outer loop
      vertex 9.59999 -6.89999 0
      vertex 8.89999 -7.59999 0
      vertex 7.08737 -5.06071 0
    endloop
  endfacet
  facet normal 0 0 -1
    outer loop
      vertex 9.43935 7.34619 0
      vertex 8.89999 7.59999 0
      vertex 9.41028 7.37918 0
    endloop
  endfacet
  facet normal 0 0 -1
    outer loop
      vertex 9.37918 7.41028 0
      vertex 8.89999 7.59999 0
      vertex 9.34619 7.43935 0
    endloop
  endfacet
  facet normal 0 0 -1
    outer loop
      vertex 9.59999 -6.89999 0
      vertex 7.24881 -4.68767 0
      vertex 7.25 -4.64999 0
    endloop
  endfacet
  facet normal 0 0 -1
    outer loop
      vertex 9.59999 -6.89999 0
      vertex 7.24527 -4.72519 0
      vertex 7.24881 -4.68767 0
    endloop
  endfacet
  facet normal 0 0 -1
    outer loop
      vertex 9.59999 -6.89999 0
      vertex 7.23936 -4.76242 0
      vertex 7.24527 -4.72519 0
    endloop
  endfacet
  facet normal 0 0 -1
    outer loop
      vertex 9.59999 -6.89999 0
      vertex 7.23114 -4.79921 0
      vertex 7.23936 -4.76242 0
    endloop
  endfacet
  facet normal 0 0 -1
    outer loop
      vertex 9.59999 -6.89999 0
      vertex 7.22063 -4.8354 0
      vertex 7.23114 -4.79921 0
    endloop
  endfacet
  facet normal 0 0 -1
    outer loop
      vertex 9.59999 -6.89999 0
      vertex 7.20786 -4.87086 0
      vertex 7.22063 -4.8354 0
    endloop
  endfacet
  facet normal 0 0 -1
    outer loop
      vertex 9.59999 -6.89999 0
      vertex 7.19289 -4.90546 0
      vertex 7.20786 -4.87086 0
    endloop
  endfacet
  facet normal 0 0 -1
    outer loop
      vertex 9.59999 -6.89999 0
      vertex 7.17578 -4.93904 0
      vertex 7.19289 -4.90546 0
    endloop
  endfacet
  facet normal 0 0 -1
    outer loop
      vertex 9.59999 -6.89999 0
      vertex 7.15659 -4.9715 0
      vertex 7.17578 -4.93904 0
    endloop
  endfacet
  facet normal 0 0 -1
    outer loop
      vertex 9.59999 -6.89999 0
      vertex 7.13541 -5.00267 0
      vertex 7.15659 -4.9715 0
    endloop
  endfacet
  facet normal 0 0 -1
    outer loop
      vertex 9.59999 -6.89999 0
      vertex 7.1123 -5.03246 0
      vertex 7.13541 -5.00267 0
    endloop
  endfacet
  facet normal 0 0 -1
    outer loop
      vertex 9.59999 -6.89999 0
      vertex 7.08737 -5.06071 0
      vertex 7.1123 -5.03246 0
    endloop
  endfacet
  facet normal 0 0 -1
    outer loop
      vertex 8.89999 -7.59999 0
      vertex 7.06071 -5.08737 0
      vertex 7.08737 -5.06071 0
    endloop
  endfacet
  facet normal 0 0 -1
    outer loop
      vertex 8.89999 -7.59999 0
      vertex 7.03246 -5.1123 0
      vertex 7.06071 -5.08737 0
    endloop
  endfacet
  facet normal 0 0 -1
    outer loop
      vertex 8.89999 -7.59999 0
      vertex 7.00267 -5.13541 0
      vertex 7.03246 -5.1123 0
    endloop
  endfacet
  facet normal 0 0 -1
    outer loop
      vertex 8.89999 -7.59999 0
      vertex 6.9715 -5.15659 0
      vertex 7.00267 -5.13541 0
    endloop
  endfacet
  facet normal 0 0 -1
    outer loop
      vertex 8.89999 -7.59999 0
      vertex 6.93904 -5.17578 0
      vertex 6.9715 -5.15659 0
    endloop
  endfacet
  facet normal 0 0 -1
    outer loop
      vertex 8.89999 -7.59999 0
      vertex 6.90546 -5.19289 0
      vertex 6.93904 -5.17578 0
    endloop
  endfacet
  facet normal 0 0 -1
    outer loop
      vertex 8.89999 -7.59999 0
      vertex 6.87086 -5.20786 0
      vertex 6.90546 -5.19289 0
    endloop
  endfacet
  facet normal 0 0 -1
    outer loop
      vertex 8.89999 -7.59999 0
      vertex 6.8354 -5.22063 0
      vertex 6.87086 -5.20786 0
    endloop
  endfacet
  facet normal 0 0 -1
    outer loop
      vertex 8.89999 -7.59999 0
      vertex 6.79921 -5.23114 0
      vertex 6.8354 -5.22063 0
    endloop
  endfacet
  facet normal 0 0 -1
    outer loop
      vertex 8.89999 -7.59999 0
      vertex 6.76242 -5.23936 0
      vertex 6.79921 -5.23114 0
    endloop
  endfacet
  facet normal 0 0 -1
    outer loop
      vertex 8.89999 -7.59999 0
      vertex 6.72519 -5.24527 0
      vertex 6.76242 -5.23936 0
    endloop
  endfacet
  facet normal 0 0 -1
    outer loop
      vertex 8.89999 -7.59999 0
      vertex 6.68767 -5.24881 0
      vertex 6.72519 -5.24527 0
    endloop
  endfacet
  facet normal 0 0 -1
    outer loop
      vertex 8.89999 -7.59999 0
      vertex 6.64999 -5.25 0
      vertex 6.68767 -5.24881 0
    endloop
  endfacet
  facet normal 0 0 -1
    outer loop
      vertex 8.89999 -7.59999 0
      vertex -6.64999 -5.25 0
      vertex 6.64999 -5.25 0
    endloop
  endfacet
  facet normal 0 0 -1
    outer loop
      vertex -8.89999 -7.59999 0
      vertex -6.64999 -5.25 0
      vertex 8.89999 -7.59999 0
    endloop
  endfacet
  facet normal -0 0 -1
    outer loop
      vertex -6.64999 -5.25 0
      vertex -8.89999 -7.59999 0
      vertex -6.68767 -5.24881 0
    endloop
  endfacet
  facet normal -0 0 -1
    outer loop
      vertex -6.68767 -5.24881 0
      vertex -8.89999 -7.59999 0
      vertex -6.72519 -5.24527 0
    endloop
  endfacet
  facet normal 0 0 -1
    outer loop
      vertex -8.89999 -7.59999 0
      vertex -6.76242 -5.23936 0
      vertex -6.72519 -5.24527 0
    endloop
  endfacet
  facet normal 0 0 -1
    outer loop
      vertex -8.89999 -7.59999 0
      vertex -6.79921 -5.23114 0
      vertex -6.76242 -5.23936 0
    endloop
  endfacet
  facet normal 0 0 -1
    outer loop
      vertex -8.89999 -7.59999 0
      vertex -6.8354 -5.22063 0
      vertex -6.79921 -5.23114 0
    endloop
  endfacet
  facet normal 0 0 -1
    outer loop
      vertex -8.89999 -7.59999 0
      vertex -6.87086 -5.20786 0
      vertex -6.8354 -5.22063 0
    endloop
  endfacet
  facet normal 0 0 -1
    outer loop
      vertex -8.89999 -7.59999 0
      vertex -6.90546 -5.19289 0
      vertex -6.87086 -5.20786 0
    endloop
  endfacet
  facet normal 0 0 -1
    outer loop
      vertex -8.89999 -7.59999 0
      vertex -6.93904 -5.17578 0
      vertex -6.90546 -5.19289 0
    endloop
  endfacet
  facet normal 0 0 -1
    outer loop
      vertex -8.89999 -7.59999 0
      vertex -6.9715 -5.15659 0
      vertex -6.93904 -5.17578 0
    endloop
  endfacet
  facet normal 0 0 -1
    outer loop
      vertex -8.89999 -7.59999 0
      vertex -7.00267 -5.13541 0
      vertex -6.9715 -5.15659 0
    endloop
  endfacet
  facet normal 0 0 -1
    outer loop
      vertex -8.89999 -7.59999 0
      vertex -7.03246 -5.1123 0
      vertex -7.00267 -5.13541 0
    endloop
  endfacet
  facet normal 0 0 -1
    outer loop
      vertex -8.89999 -7.59999 0
      vertex -7.06071 -5.08737 0
      vertex -7.03246 -5.1123 0
    endloop
  endfacet
  facet normal 0 0 -1
    outer loop
      vertex -8.89999 -7.59999 0
      vertex -7.08737 -5.06071 0
      vertex -7.06071 -5.08737 0
    endloop
  endfacet
  facet normal 0 0 -1
    outer loop
      vertex -9.59999 -6.89999 0
      vertex -7.08737 -5.06071 0
      vertex -8.89999 -7.59999 0
    endloop
  endfacet
  facet normal -0 0 -1
    outer loop
      vertex -7.08737 -5.06071 0
      vertex -9.59999 -6.89999 0
      vertex -7.1123 -5.03246 0
    endloop
  endfacet
  facet normal -0 0 -1
    outer loop
      vertex -7.1123 -5.03246 0
      vertex -9.59999 -6.89999 0
      vertex -7.13541 -5.00267 0
    endloop
  endfacet
  facet normal -0 0 -1
    outer loop
      vertex -7.13541 -5.00267 0
      vertex -9.59999 -6.89999 0
      vertex -7.15659 -4.9715 0
    endloop
  endfacet
  facet normal -0 0 -1
    outer loop
      vertex -7.15659 -4.9715 0
      vertex -9.59999 -6.89999 0
      vertex -7.17578 -4.93904 0
    endloop
  endfacet
  facet normal -0 0 -1
    outer loop
      vertex -7.17578 -4.93904 0
      vertex -9.59999 -6.89999 0
      vertex -7.19289 -4.90546 0
    endloop
  endfacet
  facet normal -0 0 -1
    outer loop
      vertex -7.19289 -4.90546 0
      vertex -9.59999 -6.89999 0
      vertex -7.20786 -4.87086 0
    endloop
  endfacet
  facet normal -0 0 -1
    outer loop
      vertex -7.20786 -4.87086 0
      vertex -9.59999 -6.89999 0
      vertex -7.22063 -4.8354 0
    endloop
  endfacet
  facet normal -0 0 -1
    outer loop
      vertex -7.22063 -4.8354 0
      vertex -9.59999 -6.89999 0
      vertex -7.23114 -4.79921 0
    endloop
  endfacet
  facet normal -0 0 -1
    outer loop
      vertex -7.23114 -4.79921 0
      vertex -9.59999 -6.89999 0
      vertex -7.23936 -4.76242 0
    endloop
  endfacet
  facet normal -0 0 -1
    outer loop
      vertex -7.23936 -4.76242 0
      vertex -9.59999 -6.89999 0
      vertex -7.24527 -4.72519 0
    endloop
  endfacet
  facet normal 0 0 -1
    outer loop
      vertex -9.59999 -3 0
      vertex -7.24527 -4.72519 0
      vertex -9.59999 -6.89999 0
    endloop
  endfacet
  facet normal 0 0 -1
    outer loop
      vertex -7.24527 -4.72519 0
      vertex -9.59999 -3 0
      vertex -7.24881 -4.68767 0
    endloop
  endfacet
  facet normal 0 0 -1
    outer loop
      vertex -9.59999 -6.89999 0
      vertex -8.89999 -7.59999 0
      vertex -8.94395 -7.59862 0
    endloop
  endfacet
  facet normal 0 0 -1
    outer loop
      vertex -9.59999 -6.89999 0
      vertex -8.94395 -7.59862 0
      vertex -8.98773 -7.59447 0
    endloop
  endfacet
  facet normal 0 0 -1
    outer loop
      vertex -9.59999 -6.89999 0
      vertex -8.98773 -7.59447 0
      vertex -9.03116 -7.5876 0
    endloop
  endfacet
  facet normal 0 0 -1
    outer loop
      vertex -9.59999 -6.89999 0
      vertex -9.03116 -7.5876 0
      vertex -9.07408 -7.578 0
    endloop
  endfacet
  facet normal 0 0 -1
    outer loop
      vertex -9.59999 -6.89999 0
      vertex -9.07408 -7.578 0
      vertex -9.1163 -7.56573 0
    endloop
  endfacet
  facet normal 0 0 -1
    outer loop
      vertex -9.59999 -6.89999 0
      vertex -9.1163 -7.56573 0
      vertex -9.15768 -7.55084 0
    endloop
  endfacet
  facet normal 0 0 -1
    outer loop
      vertex -9.59999 -6.89999 0
      vertex -9.15768 -7.55084 0
      vertex -9.19804 -7.53337 0
    endloop
  endfacet
  facet normal 0 0 -1
    outer loop
      vertex -9.59999 -6.89999 0
      vertex -9.19804 -7.53337 0
      vertex -9.23723 -7.51341 0
    endloop
  endfacet
  facet normal 0 0 -1
    outer loop
      vertex -9.59999 -6.89999 0
      vertex -9.23723 -7.51341 0
      vertex -9.27507 -7.49103 0
    endloop
  endfacet
  facet normal 0 0 -1
    outer loop
      vertex -9.59999 -6.89999 0
      vertex -9.27507 -7.49103 0
      vertex -9.31145 -7.46631 0
    endloop
  endfacet
  facet normal 0 0 -1
    outer loop
      vertex -9.59999 -6.89999 0
      vertex -9.31145 -7.46631 0
      vertex -9.34619 -7.43935 0
    endloop
  endfacet
  facet normal 0 0 -1
    outer loop
      vertex -9.59999 -6.89999 0
      vertex -9.34619 -7.43935 0
      vertex -9.37918 -7.41028 0
    endloop
  endfacet
  facet normal 0 0 -1
    outer loop
      vertex -9.59999 -6.89999 0
      vertex -9.37918 -7.41028 0
      vertex -9.41028 -7.37918 0
    endloop
  endfacet
  facet normal 0 0 -1
    outer loop
      vertex -9.59999 -6.89999 0
      vertex -9.41028 -7.37918 0
      vertex -9.43935 -7.34619 0
    endloop
  endfacet
  facet normal 0 0 -1
    outer loop
      vertex -9.59999 -6.89999 0
      vertex -9.43935 -7.34619 0
      vertex -9.46631 -7.31145 0
    endloop
  endfacet
  facet normal 0 0 -1
    outer loop
      vertex -9.59999 -6.89999 0
      vertex -9.46631 -7.31145 0
      vertex -9.49103 -7.27507 0
    endloop
  endfacet
  facet normal 0 0 -1
    outer loop
      vertex -9.59999 -6.89999 0
      vertex -9.49103 -7.27507 0
      vertex -9.51341 -7.23723 0
    endloop
  endfacet
  facet normal 0 0 -1
    outer loop
      vertex -9.59999 -6.89999 0
      vertex -9.51341 -7.23723 0
      vertex -9.53337 -7.19804 0
    endloop
  endfacet
  facet normal 0 0 -1
    outer loop
      vertex -9.59999 -6.89999 0
      vertex -9.53337 -7.19804 0
      vertex -9.55084 -7.15768 0
    endloop
  endfacet
  facet normal 0 0 -1
    outer loop
      vertex -9.59999 -6.89999 0
      vertex -9.55084 -7.15768 0
      vertex -9.56573 -7.1163 0
    endloop
  endfacet
  facet normal 0 0 -1
    outer loop
      vertex -9.59999 -6.89999 0
      vertex -9.56573 -7.1163 0
      vertex -9.578 -7.07408 0
    endloop
  endfacet
  facet normal 0 0 -1
    outer loop
      vertex -9.59999 -6.89999 0
      vertex -9.578 -7.07408 0
      vertex -9.5876 -7.03116 0
    endloop
  endfacet
  facet normal 0 0 -1
    outer loop
      vertex -9.59999 -6.89999 0
      vertex -9.5876 -7.03116 0
      vertex -9.59447 -6.98773 0
    endloop
  endfacet
  facet normal 0 0 -1
    outer loop
      vertex -9.59999 -6.89999 0
      vertex -9.59447 -6.98773 0
      vertex -9.59862 -6.94395 0
    endloop
  endfacet
  facet normal 0 0 -1
    outer loop
      vertex -7.24881 -4.68767 0
      vertex -9.59999 -3 0
      vertex -7.25 -4.64999 0
    endloop
  endfacet
  facet normal 0 0 -1
    outer loop
      vertex -7.25 -4.64999 0
      vertex -9.59999 -3 0
      vertex -7.25 -3 0
    endloop
  endfacet
  facet normal 0 0 -1
    outer loop
      vertex 9.34619 7.43935 0
      vertex 8.89999 7.59999 0
      vertex 9.31145 7.46631 0
    endloop
  endfacet
  facet normal 0 0 -1
    outer loop
      vertex 9.31145 7.46631 0
      vertex 8.89999 7.59999 0
      vertex 9.27507 7.49103 0
    endloop
  endfacet
  facet normal 0 0 -1
    outer loop
      vertex 9.23723 7.51341 0
      vertex 8.89999 7.59999 0
      vertex 9.19804 7.53337 0
    endloop
  endfacet
  facet normal 0 0 -1
    outer loop
      vertex 9.19804 7.53337 0
      vertex 8.89999 7.59999 0
      vertex 9.15768 7.55084 0
    endloop
  endfacet
  facet normal 0 0 -1
    outer loop
      vertex 9.15768 7.55084 0
      vertex 8.89999 7.59999 0
      vertex 9.1163 7.56573 0
    endloop
  endfacet
  facet normal 0 0 -1
    outer loop
      vertex 9.1163 7.56573 0
      vertex 8.89999 7.59999 0
      vertex 9.07408 7.578 0
    endloop
  endfacet
  facet normal 0 0 -1
    outer loop
      vertex 9.03116 7.5876 0
      vertex 8.89999 7.59999 0
      vertex 8.98773 7.59447 0
    endloop
  endfacet
  facet normal 0 0 -1
    outer loop
      vertex 8.98773 7.59447 0
      vertex 8.89999 7.59999 0
      vertex 8.94395 7.59862 0
    endloop
  endfacet
  facet normal 0 0 -1
    outer loop
      vertex 9.07408 7.578 0
      vertex 8.89999 7.59999 0
      vertex 9.03116 7.5876 0
    endloop
  endfacet
  facet normal 0 0 -1
    outer loop
      vertex 9.27507 7.49103 0
      vertex 8.89999 7.59999 0
      vertex 9.23723 7.51341 0
    endloop
  endfacet
  facet normal 0 0 -1
    outer loop
      vertex 9.41028 7.37918 0
      vertex 8.89999 7.59999 0
      vertex 9.37918 7.41028 0
    endloop
  endfacet
  facet normal 0 0 -1
    outer loop
      vertex 9.53337 7.19804 0
      vertex 8.89999 7.59999 0
      vertex 9.51341 7.23723 0
    endloop
  endfacet
  facet normal 0 0 -1
    outer loop
      vertex 9.59447 6.98773 0
      vertex 8.89999 7.59999 0
      vertex 9.5876 7.03116 0
    endloop
  endfacet
  facet normal 0 0 -1
    outer loop
      vertex 7.06071 5.08737 0
      vertex 8.89999 7.59999 0
      vertex 7.08737 5.06071 0
    endloop
  endfacet
  facet normal 0 0 -1
    outer loop
      vertex 7.03246 5.1123 0
      vertex 8.89999 7.59999 0
      vertex 7.06071 5.08737 0
    endloop
  endfacet
  facet normal 0 0 -1
    outer loop
      vertex 7.00267 5.13541 0
      vertex 8.89999 7.59999 0
      vertex 7.03246 5.1123 0
    endloop
  endfacet
  facet normal 0 0 -1
    outer loop
      vertex 6.9715 5.15659 0
      vertex 8.89999 7.59999 0
      vertex 7.00267 5.13541 0
    endloop
  endfacet
  facet normal 0 0 -1
    outer loop
      vertex 6.93904 5.17578 0
      vertex 8.89999 7.59999 0
      vertex 6.9715 5.15659 0
    endloop
  endfacet
  facet normal 0 0 -1
    outer loop
      vertex 6.90546 5.19289 0
      vertex 8.89999 7.59999 0
      vertex 6.93904 5.17578 0
    endloop
  endfacet
  facet normal 0 0 -1
    outer loop
      vertex 6.87086 5.20786 0
      vertex 8.89999 7.59999 0
      vertex 6.90546 5.19289 0
    endloop
  endfacet
  facet normal 0 0 -1
    outer loop
      vertex 6.8354 5.22063 0
      vertex 8.89999 7.59999 0
      vertex 6.87086 5.20786 0
    endloop
  endfacet
  facet normal 0 0 -1
    outer loop
      vertex 6.79921 5.23114 0
      vertex 8.89999 7.59999 0
      vertex 6.8354 5.22063 0
    endloop
  endfacet
  facet normal 0 0 -1
    outer loop
      vertex 6.76242 5.23936 0
      vertex 8.89999 7.59999 0
      vertex 6.79921 5.23114 0
    endloop
  endfacet
  facet normal 0 0 -1
    outer loop
      vertex 6.72519 5.24527 0
      vertex 8.89999 7.59999 0
      vertex 6.76242 5.23936 0
    endloop
  endfacet
  facet normal 0 0 -1
    outer loop
      vertex 6.68767 5.24881 0
      vertex 8.89999 7.59999 0
      vertex 6.72519 5.24527 0
    endloop
  endfacet
  facet normal 0 0 -1
    outer loop
      vertex 6.64999 5.25 0
      vertex 8.89999 7.59999 0
      vertex 6.68767 5.24881 0
    endloop
  endfacet
  facet normal 0 0 -1
    outer loop
      vertex -6.64999 5.25 0
      vertex 8.89999 7.59999 0
      vertex 6.64999 5.25 0
    endloop
  endfacet
  facet normal 0 0 -1
    outer loop
      vertex -8.89999 7.59999 0
      vertex -6.64999 5.25 0
      vertex -6.68767 5.24881 0
    endloop
  endfacet
  facet normal 0 0 -1
    outer loop
      vertex -8.89999 7.59999 0
      vertex -6.68767 5.24881 0
      vertex -6.72519 5.24527 0
    endloop
  endfacet
  facet normal 0 0 -1
    outer loop
      vertex -6.64999 5.25 0
      vertex -8.89999 7.59999 0
      vertex 8.89999 7.59999 0
    endloop
  endfacet
  facet normal 0 0 -1
    outer loop
      vertex -6.76242 5.23936 0
      vertex -8.89999 7.59999 0
      vertex -6.72519 5.24527 0
    endloop
  endfacet
  facet normal 0 0 -1
    outer loop
      vertex -6.79921 5.23114 0
      vertex -8.89999 7.59999 0
      vertex -6.76242 5.23936 0
    endloop
  endfacet
  facet normal 0 0 -1
    outer loop
      vertex -6.8354 5.22063 0
      vertex -8.89999 7.59999 0
      vertex -6.79921 5.23114 0
    endloop
  endfacet
  facet normal 0 0 -1
    outer loop
      vertex -6.87086 5.20786 0
      vertex -8.89999 7.59999 0
      vertex -6.8354 5.22063 0
    endloop
  endfacet
  facet normal 0 0 -1
    outer loop
      vertex -6.90546 5.19289 0
      vertex -8.89999 7.59999 0
      vertex -6.87086 5.20786 0
    endloop
  endfacet
  facet normal 0 0 -1
    outer loop
      vertex -6.93904 5.17578 0
      vertex -8.89999 7.59999 0
      vertex -6.90546 5.19289 0
    endloop
  endfacet
  facet normal 0 0 -1
    outer loop
      vertex -6.9715 5.15659 0
      vertex -8.89999 7.59999 0
      vertex -6.93904 5.17578 0
    endloop
  endfacet
  facet normal 0 0 -1
    outer loop
      vertex -7.00267 5.13541 0
      vertex -8.89999 7.59999 0
      vertex -6.9715 5.15659 0
    endloop
  endfacet
  facet normal 0 0 -1
    outer loop
      vertex -7.03246 5.1123 0
      vertex -8.89999 7.59999 0
      vertex -7.00267 5.13541 0
    endloop
  endfacet
  facet normal 0 0 -1
    outer loop
      vertex -7.06071 5.08737 0
      vertex -8.89999 7.59999 0
      vertex -7.03246 5.1123 0
    endloop
  endfacet
  facet normal 0 0 -1
    outer loop
      vertex -7.08737 5.06071 0
      vertex -8.89999 7.59999 0
      vertex -7.06071 5.08737 0
    endloop
  endfacet
  facet normal 0 0 -1
    outer loop
      vertex -7.1123 5.03246 0
      vertex -8.89999 7.59999 0
      vertex -7.08737 5.06071 0
    endloop
  endfacet
  facet normal 0 0 -1
    outer loop
      vertex -7.13541 5.00267 0
      vertex -8.89999 7.59999 0
      vertex -7.1123 5.03246 0
    endloop
  endfacet
  facet normal 0 0 -1
    outer loop
      vertex -7.15659 4.9715 0
      vertex -8.89999 7.59999 0
      vertex -7.13541 5.00267 0
    endloop
  endfacet
  facet normal 0 0 -1
    outer loop
      vertex -7.17578 4.93904 0
      vertex -8.89999 7.59999 0
      vertex -7.15659 4.9715 0
    endloop
  endfacet
  facet normal 0 0 -1
    outer loop
      vertex -7.19289 4.90546 0
      vertex -8.89999 7.59999 0
      vertex -7.17578 4.93904 0
    endloop
  endfacet
  facet normal 0 0 -1
    outer loop
      vertex -7.20786 4.87086 0
      vertex -8.89999 7.59999 0
      vertex -7.19289 4.90546 0
    endloop
  endfacet
  facet normal 0 0 -1
    outer loop
      vertex -7.22063 4.8354 0
      vertex -8.89999 7.59999 0
      vertex -7.20786 4.87086 0
    endloop
  endfacet
  facet normal 0 0 -1
    outer loop
      vertex -7.23114 4.79921 0
      vertex -8.89999 7.59999 0
      vertex -7.22063 4.8354 0
    endloop
  endfacet
  facet normal 0 0 -1
    outer loop
      vertex -7.23936 4.76242 0
      vertex -8.89999 7.59999 0
      vertex -7.23114 4.79921 0
    endloop
  endfacet
  facet normal 0 0 -1
    outer loop
      vertex -7.24527 4.72519 0
      vertex -8.89999 7.59999 0
      vertex -7.23936 4.76242 0
    endloop
  endfacet
  facet normal 0 0 -1
    outer loop
      vertex -7.24881 4.68767 0
      vertex -8.89999 7.59999 0
      vertex -7.24527 4.72519 0
    endloop
  endfacet
  facet normal 0 0 -1
    outer loop
      vertex -8.89999 7.59999 0
      vertex -7.24881 4.68767 0
      vertex -7.25 4.64999 0
    endloop
  endfacet
  facet normal -0.0943691 -0.995537 0
    outer loop
      vertex -8.98773 -7.59447 0
      vertex -8.94395 -7.59862 1.65
      vertex -8.98773 -7.59447 1.65
    endloop
  endfacet
  facet normal -0.0943691 -0.995537 -0
    outer loop
      vertex -8.94395 -7.59862 1.65
      vertex -8.98773 -7.59447 0
      vertex -8.94395 -7.59862 0
    endloop
  endfacet
  facet normal -0.279074 -0.96027 0
    outer loop
      vertex -9.1163 -7.56573 0
      vertex -9.07408 -7.578 1.65
      vertex -9.1163 -7.56573 1.65
    endloop
  endfacet
  facet normal -0.279074 -0.96027 -0
    outer loop
      vertex -9.07408 -7.578 1.65
      vertex -9.1163 -7.56573 0
      vertex -9.07408 -7.578 0
    endloop
  endfacet
  facet normal 0.860727 -0.509066 0
    outer loop
      vertex 9.49103 -7.27507 1.65
      vertex 9.51341 -7.23723 0
      vertex 9.51341 -7.23723 1.65
    endloop
  endfacet
  facet normal 0.860727 -0.509066 0
    outer loop
      vertex 9.51341 -7.23723 0
      vertex 9.49103 -7.27507 1.65
      vertex 9.49103 -7.27507 0
    endloop
  endfacet
  facet normal 0.917716 -0.397237 0
    outer loop
      vertex 9.53337 -7.19804 1.65
      vertex 9.55084 -7.15768 0
      vertex 9.55084 -7.15768 1.65
    endloop
  endfacet
  facet normal 0.917716 -0.397237 0
    outer loop
      vertex 9.55084 -7.15768 0
      vertex 9.53337 -7.19804 1.65
      vertex 9.53337 -7.19804 0
    endloop
  endfacet
  facet normal 0.999515 -0.0311496 0
    outer loop
      vertex 9.59862 -6.94395 1.65
      vertex 9.59999 -6.89999 0
      vertex 9.59999 -6.89999 1.65
    endloop
  endfacet
  facet normal 0.999515 -0.0311496 0
    outer loop
      vertex 9.59999 -6.89999 0
      vertex 9.59862 -6.94395 1.65
      vertex 9.59862 -6.94395 0
    endloop
  endfacet
  facet normal 0.156243 -0.987719 0
    outer loop
      vertex 8.98773 -7.59447 0
      vertex 9.03116 -7.5876 1.65
      vertex 8.98773 -7.59447 1.65
    endloop
  endfacet
  facet normal 0.156243 -0.987719 0
    outer loop
      vertex 9.03116 -7.5876 1.65
      vertex 8.98773 -7.59447 0
      vertex 9.03116 -7.5876 0
    endloop
  endfacet
  facet normal 0.156243 0.987719 -0
    outer loop
      vertex 9.03116 7.5876 0
      vertex 8.98773 7.59447 1.65
      vertex 9.03116 7.5876 1.65
    endloop
  endfacet
  facet normal 0.156243 0.987719 0
    outer loop
      vertex 8.98773 7.59447 1.65
      vertex 9.03116 7.5876 0
      vertex 8.98773 7.59447 0
    endloop
  endfacet
  facet normal 0.0943691 0.995537 -0
    outer loop
      vertex 8.98773 7.59447 0
      vertex 8.94395 7.59862 1.65
      vertex 8.98773 7.59447 1.65
    endloop
  endfacet
  facet normal 0.0943691 0.995537 0
    outer loop
      vertex 8.94395 7.59862 1.65
      vertex 8.98773 7.59447 0
      vertex 8.94395 7.59862 0
    endloop
  endfacet
  facet normal 0.279074 0.96027 -0
    outer loop
      vertex 9.1163 7.56573 0
      vertex 9.07408 7.578 1.65
      vertex 9.1163 7.56573 1.65
    endloop
  endfacet
  facet normal 0.279074 0.96027 0
    outer loop
      vertex 9.07408 7.578 1.65
      vertex 9.1163 7.56573 0
      vertex 9.07408 7.578 0
    endloop
  endfacet
  facet normal 0.562024 0.827121 -0
    outer loop
      vertex 9.31145 7.46631 0
      vertex 9.27507 7.49103 1.65
      vertex 9.31145 7.46631 1.65
    endloop
  endfacet
  facet normal 0.562024 0.827121 0
    outer loop
      vertex 9.27507 7.49103 1.65
      vertex 9.31145 7.46631 0
      vertex 9.27507 7.49103 0
    endloop
  endfacet
  facet normal 0.61309 0.790013 -0
    outer loop
      vertex 9.34619 7.43935 0
      vertex 9.31145 7.46631 1.65
      vertex 9.34619 7.43935 1.65
    endloop
  endfacet
  facet normal 0.61309 0.790013 0
    outer loop
      vertex 9.31145 7.46631 1.65
      vertex 9.34619 7.43935 0
      vertex 9.31145 7.46631 0
    endloop
  endfacet
  facet normal -0.562024 0.827121 0
    outer loop
      vertex -9.27507 7.49103 0
      vertex -9.31145 7.46631 1.65
      vertex -9.27507 7.49103 1.65
    endloop
  endfacet
  facet normal -0.562024 0.827121 0
    outer loop
      vertex -9.31145 7.46631 1.65
      vertex -9.27507 7.49103 0
      vertex -9.31145 7.46631 0
    endloop
  endfacet
  facet normal -0.279074 0.96027 0
    outer loop
      vertex -9.07408 7.578 0
      vertex -9.1163 7.56573 1.65
      vertex -9.07408 7.578 1.65
    endloop
  endfacet
  facet normal -0.279074 0.96027 0
    outer loop
      vertex -9.1163 7.56573 1.65
      vertex -9.07408 7.578 0
      vertex -9.1163 7.56573 0
    endloop
  endfacet
  facet normal -0.707107 0.707107 0
    outer loop
      vertex -9.41028 7.37918 0
      vertex -9.37918 7.41028 1.65
      vertex -9.37918 7.41028 0
    endloop
  endfacet
  facet normal -0.707107 0.707107 0
    outer loop
      vertex -9.37918 7.41028 1.65
      vertex -9.41028 7.37918 0
      vertex -9.41028 7.37918 1.65
    endloop
  endfacet
  facet normal -0.917716 0.397237 0
    outer loop
      vertex -9.55084 7.15768 0
      vertex -9.53337 7.19804 1.65
      vertex -9.53337 7.19804 0
    endloop
  endfacet
  facet normal -0.917716 0.397237 0
    outer loop
      vertex -9.53337 7.19804 1.65
      vertex -9.55084 7.15768 0
      vertex -9.55084 7.15768 1.65
    endloop
  endfacet
  facet normal -0.995537 0.0943691 0
    outer loop
      vertex -9.59862 6.94395 0
      vertex -9.59447 6.98773 1.65
      vertex -9.59447 6.98773 0
    endloop
  endfacet
  facet normal -0.995537 0.0943691 0
    outer loop
      vertex -9.59447 6.98773 1.65
      vertex -9.59862 6.94395 0
      vertex -9.59862 6.94395 1.65
    endloop
  endfacet
  facet normal -0.987719 0.156243 0
    outer loop
      vertex -9.59447 6.98773 0
      vertex -9.5876 7.03116 1.65
      vertex -9.5876 7.03116 0
    endloop
  endfacet
  facet normal -0.987719 0.156243 0
    outer loop
      vertex -9.5876 7.03116 1.65
      vertex -9.59447 6.98773 0
      vertex -9.59447 6.98773 1.65
    endloop
  endfacet
  facet normal -0.509066 -0.860727 0
    outer loop
      vertex -9.27507 -7.49103 0
      vertex -9.23723 -7.51341 1.65
      vertex -9.27507 -7.49103 1.65
    endloop
  endfacet
  facet normal -0.509066 -0.860727 -0
    outer loop
      vertex -9.23723 -7.51341 1.65
      vertex -9.27507 -7.49103 0
      vertex -9.23723 -7.51341 0
    endloop
  endfacet
  facet normal -0.750276 -0.661125 0
    outer loop
      vertex -9.41028 -7.37918 0
      vertex -9.43935 -7.34619 1.65
      vertex -9.43935 -7.34619 0
    endloop
  endfacet
  facet normal -0.750276 -0.661125 0
    outer loop
      vertex -9.43935 -7.34619 1.65
      vertex -9.41028 -7.37918 0
      vertex -9.41028 -7.37918 1.65
    endloop
  endfacet
  facet normal -0.860727 -0.509066 0
    outer loop
      vertex -9.49103 -7.27507 0
      vertex -9.51341 -7.23723 1.65
      vertex -9.51341 -7.23723 0
    endloop
  endfacet
  facet normal -0.860727 -0.509066 0
    outer loop
      vertex -9.51341 -7.23723 1.65
      vertex -9.49103 -7.27507 0
      vertex -9.49103 -7.27507 1.65
    endloop
  endfacet
  facet normal 0.891083 0.453841 0
    outer loop
      vertex 9.53337 7.19804 1.65
      vertex 9.51341 7.23723 0
      vertex 9.51341 7.23723 1.65
    endloop
  endfacet
  facet normal 0.891083 0.453841 0
    outer loop
      vertex 9.51341 7.23723 0
      vertex 9.53337 7.19804 1.65
      vertex 9.53337 7.19804 0
    endloop
  endfacet
  facet normal 0.827121 0.562024 0
    outer loop
      vertex 9.49103 7.27507 1.65
      vertex 9.46631 7.31145 0
      vertex 9.46631 7.31145 1.65
    endloop
  endfacet
  facet normal 0.827121 0.562024 0
    outer loop
      vertex 9.46631 7.31145 0
      vertex 9.49103 7.27507 1.65
      vertex 9.49103 7.27507 0
    endloop
  endfacet
  facet normal 0.987719 0.156243 0
    outer loop
      vertex 9.59447 6.98773 1.65
      vertex 9.5876 7.03116 0
      vertex 9.5876 7.03116 1.65
    endloop
  endfacet
  facet normal 0.987719 0.156243 0
    outer loop
      vertex 9.5876 7.03116 0
      vertex 9.59447 6.98773 1.65
      vertex 9.59447 6.98773 0
    endloop
  endfacet
  facet normal 0.999515 0.0311496 0
    outer loop
      vertex 9.59999 6.89999 1.65
      vertex 9.59862 6.94395 0
      vertex 9.59862 6.94395 1.65
    endloop
  endfacet
  facet normal 0.999515 0.0311496 0
    outer loop
      vertex 9.59862 6.94395 0
      vertex 9.59999 6.89999 1.65
      vertex 9.59999 6.89999 0
    endloop
  endfacet
  facet normal 0.917716 0.397237 0
    outer loop
      vertex 9.55084 7.15768 1.65
      vertex 9.53337 7.19804 0
      vertex 9.53337 7.19804 1.65
    endloop
  endfacet
  facet normal 0.917716 0.397237 0
    outer loop
      vertex 9.53337 7.19804 0
      vertex 9.55084 7.15768 1.65
      vertex 9.55084 7.15768 0
    endloop
  endfacet
  facet normal 0.827121 -0.562024 0
    outer loop
      vertex 9.46631 -7.31145 1.65
      vertex 9.49103 -7.27507 0
      vertex 9.49103 -7.27507 1.65
    endloop
  endfacet
  facet normal 0.827121 -0.562024 0
    outer loop
      vertex 9.49103 -7.27507 0
      vertex 9.46631 -7.31145 1.65
      vertex 9.46631 -7.31145 0
    endloop
  endfacet
  facet normal 0.891083 -0.453841 0
    outer loop
      vertex 9.51341 -7.23723 1.65
      vertex 9.53337 -7.19804 0
      vertex 9.53337 -7.19804 1.65
    endloop
  endfacet
  facet normal 0.891083 -0.453841 0
    outer loop
      vertex 9.53337 -7.19804 0
      vertex 9.51341 -7.23723 1.65
      vertex 9.51341 -7.23723 0
    endloop
  endfacet
  facet normal 0.975887 -0.218278 0
    outer loop
      vertex 9.578 -7.07408 1.65
      vertex 9.5876 -7.03116 0
      vertex 9.5876 -7.03116 1.65
    endloop
  endfacet
  facet normal 0.975887 -0.218278 0
    outer loop
      vertex 9.5876 -7.03116 0
      vertex 9.578 -7.07408 1.65
      vertex 9.578 -7.07408 0
    endloop
  endfacet
  facet normal 0.707107 -0.707107 0
    outer loop
      vertex 9.37918 -7.41028 1.65
      vertex 9.41028 -7.37918 0
      vertex 9.41028 -7.37918 1.65
    endloop
  endfacet
  facet normal 0.707107 -0.707107 0
    outer loop
      vertex 9.41028 -7.37918 0
      vertex 9.37918 -7.41028 1.65
      vertex 9.37918 -7.41028 0
    endloop
  endfacet
  facet normal 0.218278 -0.975887 0
    outer loop
      vertex 9.03116 -7.5876 0
      vertex 9.07408 -7.578 1.65
      vertex 9.03116 -7.5876 1.65
    endloop
  endfacet
  facet normal 0.218278 -0.975887 0
    outer loop
      vertex 9.07408 -7.578 1.65
      vertex 9.03116 -7.5876 0
      vertex 9.07408 -7.578 0
    endloop
  endfacet
  facet normal -0.453841 0.891083 0
    outer loop
      vertex -9.19804 7.53337 0
      vertex -9.23723 7.51341 1.65
      vertex -9.19804 7.53337 1.65
    endloop
  endfacet
  facet normal -0.453841 0.891083 0
    outer loop
      vertex -9.23723 7.51341 1.65
      vertex -9.19804 7.53337 0
      vertex -9.23723 7.51341 0
    endloop
  endfacet
  facet normal -0.661125 0.750276 0
    outer loop
      vertex -9.34619 7.43935 0
      vertex -9.37918 7.41028 1.65
      vertex -9.34619 7.43935 1.65
    endloop
  endfacet
  facet normal -0.661125 0.750276 0
    outer loop
      vertex -9.37918 7.41028 1.65
      vertex -9.34619 7.43935 0
      vertex -9.37918 7.41028 0
    endloop
  endfacet
  facet normal -0.61309 0.790013 0
    outer loop
      vertex -9.31145 7.46631 0
      vertex -9.34619 7.43935 1.65
      vertex -9.31145 7.46631 1.65
    endloop
  endfacet
  facet normal -0.61309 0.790013 0
    outer loop
      vertex -9.34619 7.43935 1.65
      vertex -9.31145 7.46631 0
      vertex -9.34619 7.43935 0
    endloop
  endfacet
  facet normal -0.860727 0.509066 0
    outer loop
      vertex -9.51341 7.23723 0
      vertex -9.49103 7.27507 1.65
      vertex -9.49103 7.27507 0
    endloop
  endfacet
  facet normal -0.860727 0.509066 0
    outer loop
      vertex -9.49103 7.27507 1.65
      vertex -9.51341 7.23723 0
      vertex -9.51341 7.23723 1.65
    endloop
  endfacet
  facet normal -0.940937 -0.338583 0
    outer loop
      vertex -9.55084 -7.15768 0
      vertex -9.56573 -7.1163 1.65
      vertex -9.56573 -7.1163 0
    endloop
  endfacet
  facet normal -0.940937 -0.338583 0
    outer loop
      vertex -9.56573 -7.1163 1.65
      vertex -9.55084 -7.15768 0
      vertex -9.55084 -7.15768 1.65
    endloop
  endfacet
  facet normal -0.917716 -0.397237 0
    outer loop
      vertex -9.53337 -7.19804 0
      vertex -9.55084 -7.15768 1.65
      vertex -9.55084 -7.15768 0
    endloop
  endfacet
  facet normal -0.917716 -0.397237 0
    outer loop
      vertex -9.55084 -7.15768 1.65
      vertex -9.53337 -7.19804 0
      vertex -9.53337 -7.19804 1.65
    endloop
  endfacet
  facet normal -0.827121 -0.562024 0
    outer loop
      vertex -9.46631 -7.31145 0
      vertex -9.49103 -7.27507 1.65
      vertex -9.49103 -7.27507 0
    endloop
  endfacet
  facet normal -0.827121 -0.562024 0
    outer loop
      vertex -9.49103 -7.27507 1.65
      vertex -9.46631 -7.31145 0
      vertex -9.46631 -7.31145 1.65
    endloop
  endfacet
  facet normal -0.999515 -0.0311496 0
    outer loop
      vertex -9.59862 -6.94395 0
      vertex -9.59999 -6.89999 1.65
      vertex -9.59999 -6.89999 0
    endloop
  endfacet
  facet normal -0.999515 -0.0311496 0
    outer loop
      vertex -9.59999 -6.89999 1.65
      vertex -9.59862 -6.94395 0
      vertex -9.59862 -6.94395 1.65
    endloop
  endfacet
  facet normal -0.975887 -0.218278 0
    outer loop
      vertex -9.578 -7.07408 0
      vertex -9.5876 -7.03116 1.65
      vertex -9.5876 -7.03116 0
    endloop
  endfacet
  facet normal -0.975887 -0.218278 0
    outer loop
      vertex -9.5876 -7.03116 1.65
      vertex -9.578 -7.07408 0
      vertex -9.578 -7.07408 1.65
    endloop
  endfacet
  facet normal -0.96027 -0.279074 0
    outer loop
      vertex -9.56573 -7.1163 0
      vertex -9.578 -7.07408 1.65
      vertex -9.578 -7.07408 0
    endloop
  endfacet
  facet normal -0.96027 -0.279074 0
    outer loop
      vertex -9.578 -7.07408 1.65
      vertex -9.56573 -7.1163 0
      vertex -9.56573 -7.1163 1.65
    endloop
  endfacet
  facet normal 0.707107 0.707107 0
    outer loop
      vertex 9.41028 7.37918 1.65
      vertex 9.37918 7.41028 0
      vertex 9.37918 7.41028 1.65
    endloop
  endfacet
  facet normal 0.707107 0.707107 0
    outer loop
      vertex 9.37918 7.41028 0
      vertex 9.41028 7.37918 1.65
      vertex 9.41028 7.37918 0
    endloop
  endfacet
  facet normal 0.750276 0.661125 0
    outer loop
      vertex 9.43935 7.34619 1.65
      vertex 9.41028 7.37918 0
      vertex 9.41028 7.37918 1.65
    endloop
  endfacet
  facet normal 0.750276 0.661125 0
    outer loop
      vertex 9.41028 7.37918 0
      vertex 9.43935 7.34619 1.65
      vertex 9.43935 7.34619 0
    endloop
  endfacet
  facet normal 0.790013 0.61309 0
    outer loop
      vertex 9.46631 7.31145 1.65
      vertex 9.43935 7.34619 0
      vertex 9.43935 7.34619 1.65
    endloop
  endfacet
  facet normal 0.790013 0.61309 0
    outer loop
      vertex 9.43935 7.34619 0
      vertex 9.46631 7.31145 1.65
      vertex 9.46631 7.31145 0
    endloop
  endfacet
  facet normal 0.860727 0.509066 0
    outer loop
      vertex 9.51341 7.23723 1.65
      vertex 9.49103 7.27507 0
      vertex 9.49103 7.27507 1.65
    endloop
  endfacet
  facet normal 0.860727 0.509066 0
    outer loop
      vertex 9.49103 7.27507 0
      vertex 9.51341 7.23723 1.65
      vertex 9.51341 7.23723 0
    endloop
  endfacet
  facet normal 0.995537 0.0943691 0
    outer loop
      vertex 9.59862 6.94395 1.65
      vertex 9.59447 6.98773 0
      vertex 9.59447 6.98773 1.65
    endloop
  endfacet
  facet normal 0.995537 0.0943691 0
    outer loop
      vertex 9.59447 6.98773 0
      vertex 9.59862 6.94395 1.65
      vertex 9.59862 6.94395 0
    endloop
  endfacet
  facet normal 0.96027 0.279074 0
    outer loop
      vertex 9.578 7.07408 1.65
      vertex 9.56573 7.1163 0
      vertex 9.56573 7.1163 1.65
    endloop
  endfacet
  facet normal 0.96027 0.279074 0
    outer loop
      vertex 9.56573 7.1163 0
      vertex 9.578 7.07408 1.65
      vertex 9.578 7.07408 0
    endloop
  endfacet
  facet normal 0.975887 0.218278 0
    outer loop
      vertex 9.5876 7.03116 1.65
      vertex 9.578 7.07408 0
      vertex 9.578 7.07408 1.65
    endloop
  endfacet
  facet normal 0.975887 0.218278 0
    outer loop
      vertex 9.578 7.07408 0
      vertex 9.5876 7.03116 1.65
      vertex 9.5876 7.03116 0
    endloop
  endfacet
  facet normal 0.940937 0.338583 0
    outer loop
      vertex 9.56573 7.1163 1.65
      vertex 9.55084 7.15768 0
      vertex 9.55084 7.15768 1.65
    endloop
  endfacet
  facet normal 0.940937 0.338583 0
    outer loop
      vertex 9.55084 7.15768 0
      vertex 9.56573 7.1163 1.65
      vertex 9.56573 7.1163 0
    endloop
  endfacet
  facet normal 0.790013 -0.61309 0
    outer loop
      vertex 9.43935 -7.34619 1.65
      vertex 9.46631 -7.31145 0
      vertex 9.46631 -7.31145 1.65
    endloop
  endfacet
  facet normal 0.790013 -0.61309 0
    outer loop
      vertex 9.46631 -7.31145 0
      vertex 9.43935 -7.34619 1.65
      vertex 9.43935 -7.34619 0
    endloop
  endfacet
  facet normal 0.96027 -0.279074 0
    outer loop
      vertex 9.56573 -7.1163 1.65
      vertex 9.578 -7.07408 0
      vertex 9.578 -7.07408 1.65
    endloop
  endfacet
  facet normal 0.96027 -0.279074 0
    outer loop
      vertex 9.578 -7.07408 0
      vertex 9.56573 -7.1163 1.65
      vertex 9.56573 -7.1163 0
    endloop
  endfacet
  facet normal 0.995537 -0.0943691 0
    outer loop
      vertex 9.59447 -6.98773 1.65
      vertex 9.59862 -6.94395 0
      vertex 9.59862 -6.94395 1.65
    endloop
  endfacet
  facet normal 0.995537 -0.0943691 0
    outer loop
      vertex 9.59862 -6.94395 0
      vertex 9.59447 -6.98773 1.65
      vertex 9.59447 -6.98773 0
    endloop
  endfacet
  facet normal 0.509066 -0.860727 0
    outer loop
      vertex 9.23723 -7.51341 0
      vertex 9.27507 -7.49103 1.65
      vertex 9.23723 -7.51341 1.65
    endloop
  endfacet
  facet normal 0.509066 -0.860727 0
    outer loop
      vertex 9.27507 -7.49103 1.65
      vertex 9.23723 -7.51341 0
      vertex 9.27507 -7.49103 0
    endloop
  endfacet
  facet normal 0.61309 -0.790013 0
    outer loop
      vertex 9.31145 -7.46631 0
      vertex 9.34619 -7.43935 1.65
      vertex 9.31145 -7.46631 1.65
    endloop
  endfacet
  facet normal 0.61309 -0.790013 0
    outer loop
      vertex 9.34619 -7.43935 1.65
      vertex 9.31145 -7.46631 0
      vertex 9.34619 -7.43935 0
    endloop
  endfacet
  facet normal 0.397237 -0.917716 0
    outer loop
      vertex 9.15768 -7.55084 0
      vertex 9.19804 -7.53337 1.65
      vertex 9.15768 -7.55084 1.65
    endloop
  endfacet
  facet normal 0.397237 -0.917716 0
    outer loop
      vertex 9.19804 -7.53337 1.65
      vertex 9.15768 -7.55084 0
      vertex 9.19804 -7.53337 0
    endloop
  endfacet
  facet normal 0.453841 -0.891083 0
    outer loop
      vertex 9.19804 -7.53337 0
      vertex 9.23723 -7.51341 1.65
      vertex 9.19804 -7.53337 1.65
    endloop
  endfacet
  facet normal 0.453841 -0.891083 0
    outer loop
      vertex 9.23723 -7.51341 1.65
      vertex 9.19804 -7.53337 0
      vertex 9.23723 -7.51341 0
    endloop
  endfacet
  facet normal 0.279074 -0.96027 0
    outer loop
      vertex 9.07408 -7.578 0
      vertex 9.1163 -7.56573 1.65
      vertex 9.07408 -7.578 1.65
    endloop
  endfacet
  facet normal 0.279074 -0.96027 0
    outer loop
      vertex 9.1163 -7.56573 1.65
      vertex 9.07408 -7.578 0
      vertex 9.1163 -7.56573 0
    endloop
  endfacet
  facet normal -0.397237 0.917716 0
    outer loop
      vertex -9.15768 7.55084 0
      vertex -9.19804 7.53337 1.65
      vertex -9.15768 7.55084 1.65
    endloop
  endfacet
  facet normal -0.397237 0.917716 0
    outer loop
      vertex -9.19804 7.53337 1.65
      vertex -9.15768 7.55084 0
      vertex -9.19804 7.53337 0
    endloop
  endfacet
  facet normal -0.891083 0.453841 0
    outer loop
      vertex -9.53337 7.19804 0
      vertex -9.51341 7.23723 1.65
      vertex -9.51341 7.23723 0
    endloop
  endfacet
  facet normal -0.891083 0.453841 0
    outer loop
      vertex -9.51341 7.23723 1.65
      vertex -9.53337 7.19804 0
      vertex -9.53337 7.19804 1.65
    endloop
  endfacet
  facet normal -0.790013 0.61309 0
    outer loop
      vertex -9.46631 7.31145 0
      vertex -9.43935 7.34619 1.65
      vertex -9.43935 7.34619 0
    endloop
  endfacet
  facet normal -0.790013 0.61309 0
    outer loop
      vertex -9.43935 7.34619 1.65
      vertex -9.46631 7.31145 0
      vertex -9.46631 7.31145 1.65
    endloop
  endfacet
  facet normal -0.750276 0.661125 0
    outer loop
      vertex -9.43935 7.34619 0
      vertex -9.41028 7.37918 1.65
      vertex -9.41028 7.37918 0
    endloop
  endfacet
  facet normal -0.750276 0.661125 0
    outer loop
      vertex -9.41028 7.37918 1.65
      vertex -9.43935 7.34619 0
      vertex -9.43935 7.34619 1.65
    endloop
  endfacet
  facet normal -0.995537 -0.0943691 0
    outer loop
      vertex -9.59447 -6.98773 0
      vertex -9.59862 -6.94395 1.65
      vertex -9.59862 -6.94395 0
    endloop
  endfacet
  facet normal -0.995537 -0.0943691 0
    outer loop
      vertex -9.59862 -6.94395 1.65
      vertex -9.59447 -6.98773 0
      vertex -9.59447 -6.98773 1.65
    endloop
  endfacet
  facet normal 0.562024 -0.827121 0
    outer loop
      vertex 9.27507 -7.49103 0
      vertex 9.31145 -7.46631 1.65
      vertex 9.27507 -7.49103 1.65
    endloop
  endfacet
  facet normal 0.562024 -0.827121 0
    outer loop
      vertex 9.31145 -7.46631 1.65
      vertex 9.27507 -7.49103 0
      vertex 9.31145 -7.46631 0
    endloop
  endfacet
  facet normal 0.661125 -0.750276 0
    outer loop
      vertex 9.34619 -7.43935 0
      vertex 9.37918 -7.41028 1.65
      vertex 9.34619 -7.43935 1.65
    endloop
  endfacet
  facet normal 0.661125 -0.750276 0
    outer loop
      vertex 9.37918 -7.41028 1.65
      vertex 9.34619 -7.43935 0
      vertex 9.37918 -7.41028 0
    endloop
  endfacet
  facet normal 0.338583 -0.940937 0
    outer loop
      vertex 9.1163 -7.56573 0
      vertex 9.15768 -7.55084 1.65
      vertex 9.1163 -7.56573 1.65
    endloop
  endfacet
  facet normal 0.338583 -0.940937 0
    outer loop
      vertex 9.15768 -7.55084 1.65
      vertex 9.1163 -7.56573 0
      vertex 9.15768 -7.55084 0
    endloop
  endfacet
  facet normal -0.156243 0.987719 0
    outer loop
      vertex -8.98773 7.59447 0
      vertex -9.03116 7.5876 1.65
      vertex -8.98773 7.59447 1.65
    endloop
  endfacet
  facet normal -0.156243 0.987719 0
    outer loop
      vertex -9.03116 7.5876 1.65
      vertex -8.98773 7.59447 0
      vertex -9.03116 7.5876 0
    endloop
  endfacet
  facet normal -0.0943691 0.995537 0
    outer loop
      vertex -8.94395 7.59862 0
      vertex -8.98773 7.59447 1.65
      vertex -8.94395 7.59862 1.65
    endloop
  endfacet
  facet normal -0.0943691 0.995537 0
    outer loop
      vertex -8.98773 7.59447 1.65
      vertex -8.94395 7.59862 0
      vertex -8.98773 7.59447 0
    endloop
  endfacet
  facet normal -0.987719 -0.156243 0
    outer loop
      vertex -9.5876 -7.03116 0
      vertex -9.59447 -6.98773 1.65
      vertex -9.59447 -6.98773 0
    endloop
  endfacet
  facet normal -0.987719 -0.156243 0
    outer loop
      vertex -9.59447 -6.98773 1.65
      vertex -9.5876 -7.03116 0
      vertex -9.5876 -7.03116 1.65
    endloop
  endfacet
  facet normal -0.15678 0.987634 0
    outer loop
      vertex 6.76242 -5.23936 0
      vertex 6.72519 -5.24527 1.65
      vertex 6.76242 -5.23936 1.65
    endloop
  endfacet
  facet normal -0.15678 0.987634 0
    outer loop
      vertex 6.72519 -5.24527 1.65
      vertex 6.76242 -5.23936 0
      vertex 6.72519 -5.24527 0
    endloop
  endfacet
  facet normal -0.0939325 0.995579 0
    outer loop
      vertex 6.72519 -5.24527 0
      vertex 6.68767 -5.24881 1.65
      vertex 6.72519 -5.24527 1.65
    endloop
  endfacet
  facet normal -0.0939325 0.995579 0
    outer loop
      vertex 6.68767 -5.24881 1.65
      vertex 6.72519 -5.24527 0
      vertex 6.68767 -5.24881 0
    endloop
  endfacet
  facet normal 1 -0 0
    outer loop
      vertex -7.25 3 1.65
      vertex -7.25 4.64999 0
      vertex -7.25 4.64999 1.65
    endloop
  endfacet
  facet normal 1 0 0
    outer loop
      vertex -7.25 4.64999 0
      vertex -7.25 3 1.65
      vertex -7.25 3 0
    endloop
  endfacet
  facet normal 1 -0 0
    outer loop
      vertex -7.25 -4.64999 1.65
      vertex -7.25 -3 0
      vertex -7.25 -3 1.65
    endloop
  endfacet
  facet normal 1 0 0
    outer loop
      vertex -7.25 -3 0
      vertex -7.25 -4.64999 1.65
      vertex -7.25 -4.64999 0
    endloop
  endfacet
  facet normal -0.031566 0.999502 0
    outer loop
      vertex 6.68767 -5.24881 0
      vertex 6.64999 -5.25 1.65
      vertex 6.68767 -5.24881 1.65
    endloop
  endfacet
  facet normal -0.031566 0.999502 0
    outer loop
      vertex 6.64999 -5.25 1.65
      vertex 6.68767 -5.24881 0
      vertex 6.64999 -5.25 0
    endloop
  endfacet
  facet normal -0.612949 -0.790123 0
    outer loop
      vertex 7.00267 5.13541 0
      vertex 7.03246 5.1123 1.65
      vertex 7.00267 5.13541 1.65
    endloop
  endfacet
  facet normal -0.612949 -0.790123 -0
    outer loop
      vertex 7.03246 5.1123 1.65
      vertex 7.00267 5.13541 0
      vertex 7.03246 5.1123 0
    endloop
  endfacet
  facet normal 0 1 -0
    outer loop
      vertex 6.64999 -5.25 0
      vertex -6.64999 -5.25 1.65
      vertex 6.64999 -5.25 1.65
    endloop
  endfacet
  facet normal 0 1 0
    outer loop
      vertex -6.64999 -5.25 1.65
      vertex 6.64999 -5.25 0
      vertex -6.64999 -5.25 0
    endloop
  endfacet
  facet normal 0 -1 0
    outer loop
      vertex -6.64999 5.25 0
      vertex 6.64999 5.25 1.65
      vertex -6.64999 5.25 1.65
    endloop
  endfacet
  facet normal 0 -1 -0
    outer loop
      vertex 6.64999 5.25 1.65
      vertex -6.64999 5.25 0
      vertex 6.64999 5.25 0
    endloop
  endfacet
  facet normal 0.031566 -0.999502 0
    outer loop
      vertex -6.68767 5.24881 0
      vertex -6.64999 5.25 1.65
      vertex -6.68767 5.24881 1.65
    endloop
  endfacet
  facet normal 0.031566 -0.999502 0
    outer loop
      vertex -6.64999 5.25 1.65
      vertex -6.68767 5.24881 0
      vertex -6.64999 5.25 0
    endloop
  endfacet
  facet normal -1 0 0
    outer loop
      vertex 7.25 -4.64999 0
      vertex 7.25 4.64999 1.65
      vertex 7.25 4.64999 0
    endloop
  endfacet
  facet normal -1 -0 0
    outer loop
      vertex 7.25 4.64999 1.65
      vertex 7.25 -4.64999 0
      vertex 7.25 -4.64999 1.65
    endloop
  endfacet
  facet normal 0.0939325 -0.995579 0
    outer loop
      vertex -6.72519 5.24527 0
      vertex -6.68767 5.24881 1.65
      vertex -6.72519 5.24527 1.65
    endloop
  endfacet
  facet normal 0.0939325 -0.995579 0
    outer loop
      vertex -6.68767 5.24881 1.65
      vertex -6.72519 5.24527 0
      vertex -6.68767 5.24881 0
    endloop
  endfacet
  facet normal -0.338823 -0.94085 0
    outer loop
      vertex 6.8354 5.22063 0
      vertex 6.87086 5.20786 1.65
      vertex 6.8354 5.22063 1.65
    endloop
  endfacet
  facet normal -0.338823 -0.94085 -0
    outer loop
      vertex 6.87086 5.20786 1.65
      vertex 6.8354 5.22063 0
      vertex 6.87086 5.20786 0
    endloop
  endfacet
  facet normal -0.15678 -0.987634 0
    outer loop
      vertex 6.72519 5.24527 0
      vertex 6.76242 5.23936 1.65
      vertex 6.72519 5.24527 1.65
    endloop
  endfacet
  facet normal -0.15678 -0.987634 -0
    outer loop
      vertex 6.76242 5.23936 1.65
      vertex 6.72519 5.24527 0
      vertex 6.76242 5.23936 0
    endloop
  endfacet
  facet normal 0.612949 0.790123 -0
    outer loop
      vertex -7.00267 -5.13541 0
      vertex -7.03246 -5.1123 1.65
      vertex -7.00267 -5.13541 1.65
    endloop
  endfacet
  facet normal 0.612949 0.790123 0
    outer loop
      vertex -7.03246 -5.1123 1.65
      vertex -7.00267 -5.13541 0
      vertex -7.03246 -5.1123 0
    endloop
  endfacet
  facet normal 0.0939325 0.995579 -0
    outer loop
      vertex -6.68767 -5.24881 0
      vertex -6.72519 -5.24527 1.65
      vertex -6.68767 -5.24881 1.65
    endloop
  endfacet
  facet normal 0.0939325 0.995579 0
    outer loop
      vertex -6.72519 -5.24527 1.65
      vertex -6.68767 -5.24881 0
      vertex -6.72519 -5.24527 0
    endloop
  endfacet
  facet normal 0.15678 0.987634 -0
    outer loop
      vertex -6.72519 -5.24527 0
      vertex -6.76242 -5.23936 1.65
      vertex -6.72519 -5.24527 1.65
    endloop
  endfacet
  facet normal 0.15678 0.987634 0
    outer loop
      vertex -6.76242 -5.23936 1.65
      vertex -6.72519 -5.24527 0
      vertex -6.76242 -5.23936 0
    endloop
  endfacet
  facet normal 0.278889 0.960323 -0
    outer loop
      vertex -6.79921 -5.23114 0
      vertex -6.8354 -5.22063 1.65
      vertex -6.79921 -5.23114 1.65
    endloop
  endfacet
  facet normal 0.278889 0.960323 0
    outer loop
      vertex -6.8354 -5.22063 1.65
      vertex -6.79921 -5.23114 0
      vertex -6.8354 -5.22063 0
    endloop
  endfacet
  facet normal -0.562027 -0.827119 0
    outer loop
      vertex 6.9715 5.15659 0
      vertex 7.00267 5.13541 1.65
      vertex 6.9715 5.15659 1.65
    endloop
  endfacet
  facet normal -0.562027 -0.827119 -0
    outer loop
      vertex 7.00267 5.13541 1.65
      vertex 6.9715 5.15659 0
      vertex 7.00267 5.13541 0
    endloop
  endfacet
  facet normal -0.031566 -0.999502 0
    outer loop
      vertex 6.64999 5.25 0
      vertex 6.68767 5.24881 1.65
      vertex 6.64999 5.25 1.65
    endloop
  endfacet
  facet normal -0.031566 -0.999502 -0
    outer loop
      vertex 6.68767 5.24881 1.65
      vertex 6.64999 5.25 0
      vertex 6.68767 5.24881 0
    endloop
  endfacet
  facet normal -0.0939325 -0.995579 0
    outer loop
      vertex 6.68767 5.24881 0
      vertex 6.72519 5.24527 1.65
      vertex 6.68767 5.24881 1.65
    endloop
  endfacet
  facet normal -0.0939325 -0.995579 -0
    outer loop
      vertex 6.72519 5.24527 1.65
      vertex 6.68767 5.24881 0
      vertex 6.72519 5.24527 0
    endloop
  endfacet
  facet normal -0.278889 -0.960323 0
    outer loop
      vertex 6.79921 5.23114 0
      vertex 6.8354 5.22063 1.65
      vertex 6.79921 5.23114 1.65
    endloop
  endfacet
  facet normal -0.278889 -0.960323 -0
    outer loop
      vertex 6.8354 5.22063 1.65
      vertex 6.79921 5.23114 0
      vertex 6.8354 5.22063 0
    endloop
  endfacet
  facet normal -0.891005 0.453993 0
    outer loop
      vertex 7.17578 -4.93904 0
      vertex 7.19289 -4.90546 1.65
      vertex 7.19289 -4.90546 0
    endloop
  endfacet
  facet normal -0.891005 0.453993 0
    outer loop
      vertex 7.19289 -4.90546 1.65
      vertex 7.17578 -4.93904 0
      vertex 7.17578 -4.93904 1.65
    endloop
  endfacet
  facet normal -0.999502 0.031566 0
    outer loop
      vertex 7.24881 -4.68767 0
      vertex 7.25 -4.64999 1.65
      vertex 7.25 -4.64999 0
    endloop
  endfacet
  facet normal -0.999502 0.031566 0
    outer loop
      vertex 7.25 -4.64999 1.65
      vertex 7.24881 -4.68767 0
      vertex 7.24881 -4.68767 1.65
    endloop
  endfacet
  facet normal -0.397086 0.917781 0
    outer loop
      vertex 6.90546 -5.19289 0
      vertex 6.87086 -5.20786 1.65
      vertex 6.90546 -5.19289 1.65
    endloop
  endfacet
  facet normal -0.397086 0.917781 0
    outer loop
      vertex 6.87086 -5.20786 1.65
      vertex 6.90546 -5.19289 0
      vertex 6.87086 -5.20786 0
    endloop
  endfacet
  facet normal -0.707107 0.707107 0
    outer loop
      vertex 7.06071 -5.08737 0
      vertex 7.08737 -5.06071 1.65
      vertex 7.08737 -5.06071 0
    endloop
  endfacet
  facet normal -0.707107 0.707107 0
    outer loop
      vertex 7.08737 -5.06071 1.65
      vertex 7.06071 -5.08737 0
      vertex 7.06071 -5.08737 1.65
    endloop
  endfacet
  facet normal -0.790123 -0.612949 0
    outer loop
      vertex 7.13541 5.00267 0
      vertex 7.1123 5.03246 1.65
      vertex 7.1123 5.03246 0
    endloop
  endfacet
  facet normal -0.790123 -0.612949 0
    outer loop
      vertex 7.1123 5.03246 1.65
      vertex 7.13541 5.00267 0
      vertex 7.13541 5.00267 1.65
    endloop
  endfacet
  facet normal 0.278889 -0.960323 0
    outer loop
      vertex -6.8354 5.22063 0
      vertex -6.79921 5.23114 1.65
      vertex -6.8354 5.22063 1.65
    endloop
  endfacet
  facet normal 0.278889 -0.960323 0
    outer loop
      vertex -6.79921 5.23114 1.65
      vertex -6.8354 5.22063 0
      vertex -6.79921 5.23114 0
    endloop
  endfacet
  facet normal 0.999502 -0.031566 0
    outer loop
      vertex -7.25 4.64999 1.65
      vertex -7.24881 4.68767 0
      vertex -7.24881 4.68767 1.65
    endloop
  endfacet
  facet normal 0.999502 -0.031566 0
    outer loop
      vertex -7.24881 4.68767 0
      vertex -7.25 4.64999 1.65
      vertex -7.25 4.64999 0
    endloop
  endfacet
  facet normal 0.860821 0.508908 0
    outer loop
      vertex -7.15659 -4.9715 1.65
      vertex -7.17578 -4.93904 0
      vertex -7.17578 -4.93904 1.65
    endloop
  endfacet
  facet normal 0.860821 0.508908 0
    outer loop
      vertex -7.17578 -4.93904 0
      vertex -7.15659 -4.9715 1.65
      vertex -7.15659 -4.9715 0
    endloop
  endfacet
  facet normal 0.987634 0.15678 0
    outer loop
      vertex -7.23936 -4.76242 1.65
      vertex -7.24527 -4.72519 0
      vertex -7.24527 -4.72519 1.65
    endloop
  endfacet
  facet normal 0.987634 0.15678 0
    outer loop
      vertex -7.24527 -4.72519 0
      vertex -7.23936 -4.76242 1.65
      vertex -7.23936 -4.76242 0
    endloop
  endfacet
  facet normal 0.891005 0.453993 0
    outer loop
      vertex -7.17578 -4.93904 1.65
      vertex -7.19289 -4.90546 0
      vertex -7.19289 -4.90546 1.65
    endloop
  endfacet
  facet normal 0.891005 0.453993 0
    outer loop
      vertex -7.19289 -4.90546 0
      vertex -7.17578 -4.93904 1.65
      vertex -7.17578 -4.93904 0
    endloop
  endfacet
  facet normal 0.661674 0.749791 -0
    outer loop
      vertex -7.03246 -5.1123 0
      vertex -7.06071 -5.08737 1.65
      vertex -7.03246 -5.1123 1.65
    endloop
  endfacet
  facet normal 0.661674 0.749791 0
    outer loop
      vertex -7.06071 -5.08737 1.65
      vertex -7.03246 -5.1123 0
      vertex -7.06071 -5.08737 0
    endloop
  endfacet
  facet normal 0.917781 0.397086 0
    outer loop
      vertex -7.19289 -4.90546 1.65
      vertex -7.20786 -4.87086 0
      vertex -7.20786 -4.87086 1.65
    endloop
  endfacet
  facet normal 0.917781 0.397086 0
    outer loop
      vertex -7.20786 -4.87086 0
      vertex -7.19289 -4.90546 1.65
      vertex -7.19289 -4.90546 0
    endloop
  endfacet
  facet normal 0.960323 0.278889 0
    outer loop
      vertex -7.22063 -4.8354 1.65
      vertex -7.23114 -4.79921 0
      vertex -7.23114 -4.79921 1.65
    endloop
  endfacet
  facet normal 0.960323 0.278889 0
    outer loop
      vertex -7.23114 -4.79921 0
      vertex -7.22063 -4.8354 1.65
      vertex -7.22063 -4.8354 0
    endloop
  endfacet
  facet normal 0.562027 0.827119 -0
    outer loop
      vertex -6.9715 -5.15659 0
      vertex -7.00267 -5.13541 1.65
      vertex -6.9715 -5.15659 1.65
    endloop
  endfacet
  facet normal 0.562027 0.827119 0
    outer loop
      vertex -7.00267 -5.13541 1.65
      vertex -6.9715 -5.15659 0
      vertex -7.00267 -5.13541 0
    endloop
  endfacet
  facet normal 0.453993 0.891005 -0
    outer loop
      vertex -6.90546 -5.19289 0
      vertex -6.93904 -5.17578 1.65
      vertex -6.90546 -5.19289 1.65
    endloop
  endfacet
  facet normal 0.453993 0.891005 0
    outer loop
      vertex -6.93904 -5.17578 1.65
      vertex -6.90546 -5.19289 0
      vertex -6.93904 -5.17578 0
    endloop
  endfacet
  facet normal 0.338823 0.94085 -0
    outer loop
      vertex -6.8354 -5.22063 0
      vertex -6.87086 -5.20786 1.65
      vertex -6.8354 -5.22063 1.65
    endloop
  endfacet
  facet normal 0.338823 0.94085 0
    outer loop
      vertex -6.87086 -5.20786 1.65
      vertex -6.8354 -5.22063 0
      vertex -6.87086 -5.20786 0
    endloop
  endfacet
  facet normal 0.397086 0.917781 -0
    outer loop
      vertex -6.87086 -5.20786 0
      vertex -6.90546 -5.19289 1.65
      vertex -6.87086 -5.20786 1.65
    endloop
  endfacet
  facet normal 0.397086 0.917781 0
    outer loop
      vertex -6.90546 -5.19289 1.65
      vertex -6.87086 -5.20786 0
      vertex -6.90546 -5.19289 0
    endloop
  endfacet
  facet normal 0.031566 0.999502 -0
    outer loop
      vertex -6.64999 -5.25 0
      vertex -6.68767 -5.24881 1.65
      vertex -6.64999 -5.25 1.65
    endloop
  endfacet
  facet normal 0.031566 0.999502 0
    outer loop
      vertex -6.68767 -5.24881 1.65
      vertex -6.64999 -5.25 0
      vertex -6.68767 -5.24881 0
    endloop
  endfacet
  facet normal 0.218054 0.975937 -0
    outer loop
      vertex -6.76242 -5.23936 0
      vertex -6.79921 -5.23114 1.65
      vertex -6.76242 -5.23936 1.65
    endloop
  endfacet
  facet normal 0.218054 0.975937 0
    outer loop
      vertex -6.79921 -5.23114 1.65
      vertex -6.76242 -5.23936 0
      vertex -6.79921 -5.23114 0
    endloop
  endfacet
  facet normal -0.508908 -0.860821 0
    outer loop
      vertex 6.93904 5.17578 0
      vertex 6.9715 5.15659 1.65
      vertex 6.93904 5.17578 1.65
    endloop
  endfacet
  facet normal -0.508908 -0.860821 -0
    outer loop
      vertex 6.9715 5.15659 1.65
      vertex 6.93904 5.17578 0
      vertex 6.9715 5.15659 0
    endloop
  endfacet
  facet normal -0.453993 -0.891005 0
    outer loop
      vertex 6.90546 5.19289 0
      vertex 6.93904 5.17578 1.65
      vertex 6.90546 5.19289 1.65
    endloop
  endfacet
  facet normal -0.453993 -0.891005 -0
    outer loop
      vertex 6.93904 5.17578 1.65
      vertex 6.90546 5.19289 0
      vertex 6.93904 5.17578 0
    endloop
  endfacet
  facet normal -0.397086 -0.917781 0
    outer loop
      vertex 6.87086 5.20786 0
      vertex 6.90546 5.19289 1.65
      vertex 6.87086 5.20786 1.65
    endloop
  endfacet
  facet normal -0.397086 -0.917781 -0
    outer loop
      vertex 6.90546 5.19289 1.65
      vertex 6.87086 5.20786 0
      vertex 6.90546 5.19289 0
    endloop
  endfacet
  facet normal -0.987634 0.15678 0
    outer loop
      vertex 7.23936 -4.76242 0
      vertex 7.24527 -4.72519 1.65
      vertex 7.24527 -4.72519 0
    endloop
  endfacet
  facet normal -0.987634 0.15678 0
    outer loop
      vertex 7.24527 -4.72519 1.65
      vertex 7.23936 -4.76242 0
      vertex 7.23936 -4.76242 1.65
    endloop
  endfacet
  facet normal -0.790123 0.612949 0
    outer loop
      vertex 7.1123 -5.03246 0
      vertex 7.13541 -5.00267 1.65
      vertex 7.13541 -5.00267 0
    endloop
  endfacet
  facet normal -0.790123 0.612949 0
    outer loop
      vertex 7.13541 -5.00267 1.65
      vertex 7.1123 -5.03246 0
      vertex 7.1123 -5.03246 1.65
    endloop
  endfacet
  facet normal -0.960323 0.278889 0
    outer loop
      vertex 7.22063 -4.8354 0
      vertex 7.23114 -4.79921 1.65
      vertex 7.23114 -4.79921 0
    endloop
  endfacet
  facet normal -0.960323 0.278889 0
    outer loop
      vertex 7.23114 -4.79921 1.65
      vertex 7.22063 -4.8354 0
      vertex 7.22063 -4.8354 1.65
    endloop
  endfacet
  facet normal -0.995579 0.0939325 0
    outer loop
      vertex 7.24527 -4.72519 0
      vertex 7.24881 -4.68767 1.65
      vertex 7.24881 -4.68767 0
    endloop
  endfacet
  facet normal -0.995579 0.0939325 0
    outer loop
      vertex 7.24881 -4.68767 1.65
      vertex 7.24527 -4.72519 0
      vertex 7.24527 -4.72519 1.65
    endloop
  endfacet
  facet normal -0.612949 0.790123 0
    outer loop
      vertex 7.03246 -5.1123 0
      vertex 7.00267 -5.13541 1.65
      vertex 7.03246 -5.1123 1.65
    endloop
  endfacet
  facet normal -0.612949 0.790123 0
    outer loop
      vertex 7.00267 -5.13541 1.65
      vertex 7.03246 -5.1123 0
      vertex 7.00267 -5.13541 0
    endloop
  endfacet
  facet normal -0.661674 0.749791 0
    outer loop
      vertex 7.06071 -5.08737 0
      vertex 7.03246 -5.1123 1.65
      vertex 7.06071 -5.08737 1.65
    endloop
  endfacet
  facet normal -0.661674 0.749791 0
    outer loop
      vertex 7.03246 -5.1123 1.65
      vertex 7.06071 -5.08737 0
      vertex 7.03246 -5.1123 0
    endloop
  endfacet
  facet normal -0.218054 0.975937 0
    outer loop
      vertex 6.79921 -5.23114 0
      vertex 6.76242 -5.23936 1.65
      vertex 6.79921 -5.23114 1.65
    endloop
  endfacet
  facet normal -0.218054 0.975937 0
    outer loop
      vertex 6.76242 -5.23936 1.65
      vertex 6.79921 -5.23114 0
      vertex 6.76242 -5.23936 0
    endloop
  endfacet
  facet normal -0.338823 0.94085 0
    outer loop
      vertex 6.87086 -5.20786 0
      vertex 6.8354 -5.22063 1.65
      vertex 6.87086 -5.20786 1.65
    endloop
  endfacet
  facet normal -0.338823 0.94085 0
    outer loop
      vertex 6.8354 -5.22063 1.65
      vertex 6.87086 -5.20786 0
      vertex 6.8354 -5.22063 0
    endloop
  endfacet
  facet normal -0.278889 0.960323 0
    outer loop
      vertex 6.8354 -5.22063 0
      vertex 6.79921 -5.23114 1.65
      vertex 6.8354 -5.22063 1.65
    endloop
  endfacet
  facet normal -0.278889 0.960323 0
    outer loop
      vertex 6.79921 -5.23114 1.65
      vertex 6.8354 -5.22063 0
      vertex 6.79921 -5.23114 0
    endloop
  endfacet
  facet normal -0.995579 -0.0939325 0
    outer loop
      vertex 7.24881 4.68767 0
      vertex 7.24527 4.72519 1.65
      vertex 7.24527 4.72519 0
    endloop
  endfacet
  facet normal -0.995579 -0.0939325 0
    outer loop
      vertex 7.24527 4.72519 1.65
      vertex 7.24881 4.68767 0
      vertex 7.24881 4.68767 1.65
    endloop
  endfacet
  facet normal -0.960323 -0.278889 0
    outer loop
      vertex 7.23114 4.79921 0
      vertex 7.22063 4.8354 1.65
      vertex 7.22063 4.8354 0
    endloop
  endfacet
  facet normal -0.960323 -0.278889 0
    outer loop
      vertex 7.22063 4.8354 1.65
      vertex 7.23114 4.79921 0
      vertex 7.23114 4.79921 1.65
    endloop
  endfacet
  facet normal -0.891005 -0.453993 0
    outer loop
      vertex 7.19289 4.90546 0
      vertex 7.17578 4.93904 1.65
      vertex 7.17578 4.93904 0
    endloop
  endfacet
  facet normal -0.891005 -0.453993 0
    outer loop
      vertex 7.17578 4.93904 1.65
      vertex 7.19289 4.90546 0
      vertex 7.19289 4.90546 1.65
    endloop
  endfacet
  facet normal 0.218054 -0.975937 0
    outer loop
      vertex -6.79921 5.23114 0
      vertex -6.76242 5.23936 1.65
      vertex -6.79921 5.23114 1.65
    endloop
  endfacet
  facet normal 0.218054 -0.975937 0
    outer loop
      vertex -6.76242 5.23936 1.65
      vertex -6.79921 5.23114 0
      vertex -6.76242 5.23936 0
    endloop
  endfacet
  facet normal 0.397086 -0.917781 0
    outer loop
      vertex -6.90546 5.19289 0
      vertex -6.87086 5.20786 1.65
      vertex -6.90546 5.19289 1.65
    endloop
  endfacet
  facet normal 0.397086 -0.917781 0
    outer loop
      vertex -6.87086 5.20786 1.65
      vertex -6.90546 5.19289 0
      vertex -6.87086 5.20786 0
    endloop
  endfacet
  facet normal 0.661674 -0.749791 0
    outer loop
      vertex -7.06071 5.08737 0
      vertex -7.03246 5.1123 1.65
      vertex -7.06071 5.08737 1.65
    endloop
  endfacet
  facet normal 0.661674 -0.749791 0
    outer loop
      vertex -7.03246 5.1123 1.65
      vertex -7.06071 5.08737 0
      vertex -7.03246 5.1123 0
    endloop
  endfacet
  facet normal 0.94085 -0.338823 0
    outer loop
      vertex -7.22063 4.8354 1.65
      vertex -7.20786 4.87086 0
      vertex -7.20786 4.87086 1.65
    endloop
  endfacet
  facet normal 0.94085 -0.338823 0
    outer loop
      vertex -7.20786 4.87086 0
      vertex -7.22063 4.8354 1.65
      vertex -7.22063 4.8354 0
    endloop
  endfacet
  facet normal 0.960323 -0.278889 0
    outer loop
      vertex -7.23114 4.79921 1.65
      vertex -7.22063 4.8354 0
      vertex -7.22063 4.8354 1.65
    endloop
  endfacet
  facet normal 0.960323 -0.278889 0
    outer loop
      vertex -7.22063 4.8354 0
      vertex -7.23114 4.79921 1.65
      vertex -7.23114 4.79921 0
    endloop
  endfacet
  facet normal 0.975937 -0.218054 0
    outer loop
      vertex -7.23936 4.76242 1.65
      vertex -7.23114 4.79921 0
      vertex -7.23114 4.79921 1.65
    endloop
  endfacet
  facet normal 0.975937 -0.218054 0
    outer loop
      vertex -7.23114 4.79921 0
      vertex -7.23936 4.76242 1.65
      vertex -7.23936 4.76242 0
    endloop
  endfacet
  facet normal 0.995579 -0.0939325 0
    outer loop
      vertex -7.24881 4.68767 1.65
      vertex -7.24527 4.72519 0
      vertex -7.24527 4.72519 1.65
    endloop
  endfacet
  facet normal 0.995579 -0.0939325 0
    outer loop
      vertex -7.24527 4.72519 0
      vertex -7.24881 4.68767 1.65
      vertex -7.24881 4.68767 0
    endloop
  endfacet
  facet normal 0.749791 0.661674 0
    outer loop
      vertex -7.08737 -5.06071 1.65
      vertex -7.1123 -5.03246 0
      vertex -7.1123 -5.03246 1.65
    endloop
  endfacet
  facet normal 0.749791 0.661674 0
    outer loop
      vertex -7.1123 -5.03246 0
      vertex -7.08737 -5.06071 1.65
      vertex -7.08737 -5.06071 0
    endloop
  endfacet
  facet normal 0.999502 0.031566 0
    outer loop
      vertex -7.24881 -4.68767 1.65
      vertex -7.25 -4.64999 0
      vertex -7.25 -4.64999 1.65
    endloop
  endfacet
  facet normal 0.999502 0.031566 0
    outer loop
      vertex -7.25 -4.64999 0
      vertex -7.24881 -4.68767 1.65
      vertex -7.24881 -4.68767 0
    endloop
  endfacet
  facet normal 0.790123 0.612949 0
    outer loop
      vertex -7.1123 -5.03246 1.65
      vertex -7.13541 -5.00267 0
      vertex -7.13541 -5.00267 1.65
    endloop
  endfacet
  facet normal 0.790123 0.612949 0
    outer loop
      vertex -7.13541 -5.00267 0
      vertex -7.1123 -5.03246 1.65
      vertex -7.1123 -5.03246 0
    endloop
  endfacet
  facet normal 0.707107 0.707107 0
    outer loop
      vertex -7.06071 -5.08737 1.65
      vertex -7.08737 -5.06071 0
      vertex -7.08737 -5.06071 1.65
    endloop
  endfacet
  facet normal 0.707107 0.707107 0
    outer loop
      vertex -7.08737 -5.06071 0
      vertex -7.06071 -5.08737 1.65
      vertex -7.06071 -5.08737 0
    endloop
  endfacet
  facet normal 0.995579 0.0939325 0
    outer loop
      vertex -7.24527 -4.72519 1.65
      vertex -7.24881 -4.68767 0
      vertex -7.24881 -4.68767 1.65
    endloop
  endfacet
  facet normal 0.995579 0.0939325 0
    outer loop
      vertex -7.24881 -4.68767 0
      vertex -7.24527 -4.72519 1.65
      vertex -7.24527 -4.72519 0
    endloop
  endfacet
  facet normal 0.94085 0.338823 0
    outer loop
      vertex -7.20786 -4.87086 1.65
      vertex -7.22063 -4.8354 0
      vertex -7.22063 -4.8354 1.65
    endloop
  endfacet
  facet normal 0.94085 0.338823 0
    outer loop
      vertex -7.22063 -4.8354 0
      vertex -7.20786 -4.87086 1.65
      vertex -7.20786 -4.87086 0
    endloop
  endfacet
  facet normal 0.508908 0.860821 -0
    outer loop
      vertex -6.93904 -5.17578 0
      vertex -6.9715 -5.15659 1.65
      vertex -6.93904 -5.17578 1.65
    endloop
  endfacet
  facet normal 0.508908 0.860821 0
    outer loop
      vertex -6.9715 -5.15659 1.65
      vertex -6.93904 -5.17578 0
      vertex -6.9715 -5.15659 0
    endloop
  endfacet
  facet normal -0.218054 -0.975937 0
    outer loop
      vertex 6.76242 5.23936 0
      vertex 6.79921 5.23114 1.65
      vertex 6.76242 5.23936 1.65
    endloop
  endfacet
  facet normal -0.218054 -0.975937 -0
    outer loop
      vertex 6.79921 5.23114 1.65
      vertex 6.76242 5.23936 0
      vertex 6.79921 5.23114 0
    endloop
  endfacet
  facet normal -0.827119 0.562027 0
    outer loop
      vertex 7.13541 -5.00267 0
      vertex 7.15659 -4.9715 1.65
      vertex 7.15659 -4.9715 0
    endloop
  endfacet
  facet normal -0.827119 0.562027 0
    outer loop
      vertex 7.15659 -4.9715 1.65
      vertex 7.13541 -5.00267 0
      vertex 7.13541 -5.00267 1.65
    endloop
  endfacet
  facet normal -0.94085 0.338823 0
    outer loop
      vertex 7.20786 -4.87086 0
      vertex 7.22063 -4.8354 1.65
      vertex 7.22063 -4.8354 0
    endloop
  endfacet
  facet normal -0.94085 0.338823 0
    outer loop
      vertex 7.22063 -4.8354 1.65
      vertex 7.20786 -4.87086 0
      vertex 7.20786 -4.87086 1.65
    endloop
  endfacet
  facet normal -0.975937 0.218054 0
    outer loop
      vertex 7.23114 -4.79921 0
      vertex 7.23936 -4.76242 1.65
      vertex 7.23936 -4.76242 0
    endloop
  endfacet
  facet normal -0.975937 0.218054 0
    outer loop
      vertex 7.23936 -4.76242 1.65
      vertex 7.23114 -4.79921 0
      vertex 7.23114 -4.79921 1.65
    endloop
  endfacet
  facet normal -0.749791 0.661674 0
    outer loop
      vertex 7.08737 -5.06071 0
      vertex 7.1123 -5.03246 1.65
      vertex 7.1123 -5.03246 0
    endloop
  endfacet
  facet normal -0.749791 0.661674 0
    outer loop
      vertex 7.1123 -5.03246 1.65
      vertex 7.08737 -5.06071 0
      vertex 7.08737 -5.06071 1.65
    endloop
  endfacet
  facet normal -0.508908 0.860821 0
    outer loop
      vertex 6.9715 -5.15659 0
      vertex 6.93904 -5.17578 1.65
      vertex 6.9715 -5.15659 1.65
    endloop
  endfacet
  facet normal -0.508908 0.860821 0
    outer loop
      vertex 6.93904 -5.17578 1.65
      vertex 6.9715 -5.15659 0
      vertex 6.93904 -5.17578 0
    endloop
  endfacet
  facet normal -0.562027 0.827119 0
    outer loop
      vertex 7.00267 -5.13541 0
      vertex 6.9715 -5.15659 1.65
      vertex 7.00267 -5.13541 1.65
    endloop
  endfacet
  facet normal -0.562027 0.827119 0
    outer loop
      vertex 6.9715 -5.15659 1.65
      vertex 7.00267 -5.13541 0
      vertex 6.9715 -5.15659 0
    endloop
  endfacet
  facet normal -0.453993 0.891005 0
    outer loop
      vertex 6.93904 -5.17578 0
      vertex 6.90546 -5.19289 1.65
      vertex 6.93904 -5.17578 1.65
    endloop
  endfacet
  facet normal -0.453993 0.891005 0
    outer loop
      vertex 6.90546 -5.19289 1.65
      vertex 6.93904 -5.17578 0
      vertex 6.90546 -5.19289 0
    endloop
  endfacet
  facet normal -0.917781 -0.397086 0
    outer loop
      vertex 7.20786 4.87086 0
      vertex 7.19289 4.90546 1.65
      vertex 7.19289 4.90546 0
    endloop
  endfacet
  facet normal -0.917781 -0.397086 0
    outer loop
      vertex 7.19289 4.90546 1.65
      vertex 7.20786 4.87086 0
      vertex 7.20786 4.87086 1.65
    endloop
  endfacet
  facet normal -0.987634 -0.15678 0
    outer loop
      vertex 7.24527 4.72519 0
      vertex 7.23936 4.76242 1.65
      vertex 7.23936 4.76242 0
    endloop
  endfacet
  facet normal -0.987634 -0.15678 0
    outer loop
      vertex 7.23936 4.76242 1.65
      vertex 7.24527 4.72519 0
      vertex 7.24527 4.72519 1.65
    endloop
  endfacet
  facet normal -0.999502 -0.031566 0
    outer loop
      vertex 7.25 4.64999 0
      vertex 7.24881 4.68767 1.65
      vertex 7.24881 4.68767 0
    endloop
  endfacet
  facet normal -0.999502 -0.031566 0
    outer loop
      vertex 7.24881 4.68767 1.65
      vertex 7.25 4.64999 0
      vertex 7.25 4.64999 1.65
    endloop
  endfacet
  facet normal -0.975937 -0.218054 0
    outer loop
      vertex 7.23936 4.76242 0
      vertex 7.23114 4.79921 1.65
      vertex 7.23114 4.79921 0
    endloop
  endfacet
  facet normal -0.975937 -0.218054 0
    outer loop
      vertex 7.23114 4.79921 1.65
      vertex 7.23936 4.76242 0
      vertex 7.23936 4.76242 1.65
    endloop
  endfacet
  facet normal -0.860821 -0.508908 0
    outer loop
      vertex 7.17578 4.93904 0
      vertex 7.15659 4.9715 1.65
      vertex 7.15659 4.9715 0
    endloop
  endfacet
  facet normal -0.860821 -0.508908 0
    outer loop
      vertex 7.15659 4.9715 1.65
      vertex 7.17578 4.93904 0
      vertex 7.17578 4.93904 1.65
    endloop
  endfacet
  facet normal -0.827119 -0.562027 0
    outer loop
      vertex 7.15659 4.9715 0
      vertex 7.13541 5.00267 1.65
      vertex 7.13541 5.00267 0
    endloop
  endfacet
  facet normal -0.827119 -0.562027 0
    outer loop
      vertex 7.13541 5.00267 1.65
      vertex 7.15659 4.9715 0
      vertex 7.15659 4.9715 1.65
    endloop
  endfacet
  facet normal -0.749791 -0.661674 0
    outer loop
      vertex 7.1123 5.03246 0
      vertex 7.08737 5.06071 1.65
      vertex 7.08737 5.06071 0
    endloop
  endfacet
  facet normal -0.749791 -0.661674 0
    outer loop
      vertex 7.08737 5.06071 1.65
      vertex 7.1123 5.03246 0
      vertex 7.1123 5.03246 1.65
    endloop
  endfacet
  facet normal -0.661674 -0.749791 0
    outer loop
      vertex 7.03246 5.1123 0
      vertex 7.06071 5.08737 1.65
      vertex 7.03246 5.1123 1.65
    endloop
  endfacet
  facet normal -0.661674 -0.749791 -0
    outer loop
      vertex 7.06071 5.08737 1.65
      vertex 7.03246 5.1123 0
      vertex 7.06071 5.08737 0
    endloop
  endfacet
  facet normal -0.707107 -0.707107 0
    outer loop
      vertex 7.08737 5.06071 0
      vertex 7.06071 5.08737 1.65
      vertex 7.06071 5.08737 0
    endloop
  endfacet
  facet normal -0.707107 -0.707107 0
    outer loop
      vertex 7.06071 5.08737 1.65
      vertex 7.08737 5.06071 0
      vertex 7.08737 5.06071 1.65
    endloop
  endfacet
  facet normal 0.338823 -0.94085 0
    outer loop
      vertex -6.87086 5.20786 0
      vertex -6.8354 5.22063 1.65
      vertex -6.87086 5.20786 1.65
    endloop
  endfacet
  facet normal 0.338823 -0.94085 0
    outer loop
      vertex -6.8354 5.22063 1.65
      vertex -6.87086 5.20786 0
      vertex -6.8354 5.22063 0
    endloop
  endfacet
  facet normal 0.453993 -0.891005 0
    outer loop
      vertex -6.93904 5.17578 0
      vertex -6.90546 5.19289 1.65
      vertex -6.93904 5.17578 1.65
    endloop
  endfacet
  facet normal 0.453993 -0.891005 0
    outer loop
      vertex -6.90546 5.19289 1.65
      vertex -6.93904 5.17578 0
      vertex -6.90546 5.19289 0
    endloop
  endfacet
  facet normal 0.749791 -0.661674 0
    outer loop
      vertex -7.1123 5.03246 1.65
      vertex -7.08737 5.06071 0
      vertex -7.08737 5.06071 1.65
    endloop
  endfacet
  facet normal 0.749791 -0.661674 0
    outer loop
      vertex -7.08737 5.06071 0
      vertex -7.1123 5.03246 1.65
      vertex -7.1123 5.03246 0
    endloop
  endfacet
  facet normal 0.917781 -0.397086 0
    outer loop
      vertex -7.20786 4.87086 1.65
      vertex -7.19289 4.90546 0
      vertex -7.19289 4.90546 1.65
    endloop
  endfacet
  facet normal 0.917781 -0.397086 0
    outer loop
      vertex -7.19289 4.90546 0
      vertex -7.20786 4.87086 1.65
      vertex -7.20786 4.87086 0
    endloop
  endfacet
  facet normal 0.827119 -0.562027 0
    outer loop
      vertex -7.15659 4.9715 1.65
      vertex -7.13541 5.00267 0
      vertex -7.13541 5.00267 1.65
    endloop
  endfacet
  facet normal 0.827119 -0.562027 0
    outer loop
      vertex -7.13541 5.00267 0
      vertex -7.15659 4.9715 1.65
      vertex -7.15659 4.9715 0
    endloop
  endfacet
  facet normal 0.790123 -0.612949 0
    outer loop
      vertex -7.13541 5.00267 1.65
      vertex -7.1123 5.03246 0
      vertex -7.1123 5.03246 1.65
    endloop
  endfacet
  facet normal 0.790123 -0.612949 0
    outer loop
      vertex -7.1123 5.03246 0
      vertex -7.13541 5.00267 1.65
      vertex -7.13541 5.00267 0
    endloop
  endfacet
  facet normal 0.987634 -0.15678 0
    outer loop
      vertex -7.24527 4.72519 1.65
      vertex -7.23936 4.76242 0
      vertex -7.23936 4.76242 1.65
    endloop
  endfacet
  facet normal 0.987634 -0.15678 0
    outer loop
      vertex -7.23936 4.76242 0
      vertex -7.24527 4.72519 1.65
      vertex -7.24527 4.72519 0
    endloop
  endfacet
  facet normal 0.827119 0.562027 0
    outer loop
      vertex -7.13541 -5.00267 1.65
      vertex -7.15659 -4.9715 0
      vertex -7.15659 -4.9715 1.65
    endloop
  endfacet
  facet normal 0.827119 0.562027 0
    outer loop
      vertex -7.15659 -4.9715 0
      vertex -7.13541 -5.00267 1.65
      vertex -7.13541 -5.00267 0
    endloop
  endfacet
  facet normal 0.975937 0.218054 0
    outer loop
      vertex -7.23114 -4.79921 1.65
      vertex -7.23936 -4.76242 0
      vertex -7.23936 -4.76242 1.65
    endloop
  endfacet
  facet normal 0.975937 0.218054 0
    outer loop
      vertex -7.23936 -4.76242 0
      vertex -7.23114 -4.79921 1.65
      vertex -7.23114 -4.79921 0
    endloop
  endfacet
  facet normal -0.860821 0.508908 0
    outer loop
      vertex 7.15659 -4.9715 0
      vertex 7.17578 -4.93904 1.65
      vertex 7.17578 -4.93904 0
    endloop
  endfacet
  facet normal -0.860821 0.508908 0
    outer loop
      vertex 7.17578 -4.93904 1.65
      vertex 7.15659 -4.9715 0
      vertex 7.15659 -4.9715 1.65
    endloop
  endfacet
  facet normal -0.917781 0.397086 0
    outer loop
      vertex 7.19289 -4.90546 0
      vertex 7.20786 -4.87086 1.65
      vertex 7.20786 -4.87086 0
    endloop
  endfacet
  facet normal -0.917781 0.397086 0
    outer loop
      vertex 7.20786 -4.87086 1.65
      vertex 7.19289 -4.90546 0
      vertex 7.19289 -4.90546 1.65
    endloop
  endfacet
  facet normal -0.94085 -0.338823 0
    outer loop
      vertex 7.22063 4.8354 0
      vertex 7.20786 4.87086 1.65
      vertex 7.20786 4.87086 0
    endloop
  endfacet
  facet normal -0.94085 -0.338823 0
    outer loop
      vertex 7.20786 4.87086 1.65
      vertex 7.22063 4.8354 0
      vertex 7.22063 4.8354 1.65
    endloop
  endfacet
  facet normal 0.612949 -0.790123 0
    outer loop
      vertex -7.03246 5.1123 0
      vertex -7.00267 5.13541 1.65
      vertex -7.03246 5.1123 1.65
    endloop
  endfacet
  facet normal 0.612949 -0.790123 0
    outer loop
      vertex -7.00267 5.13541 1.65
      vertex -7.03246 5.1123 0
      vertex -7.00267 5.13541 0
    endloop
  endfacet
  facet normal 0.891005 -0.453993 0
    outer loop
      vertex -7.19289 4.90546 1.65
      vertex -7.17578 4.93904 0
      vertex -7.17578 4.93904 1.65
    endloop
  endfacet
  facet normal 0.891005 -0.453993 0
    outer loop
      vertex -7.17578 4.93904 0
      vertex -7.19289 4.90546 1.65
      vertex -7.19289 4.90546 0
    endloop
  endfacet
  facet normal 0.860821 -0.508908 0
    outer loop
      vertex -7.17578 4.93904 1.65
      vertex -7.15659 4.9715 0
      vertex -7.15659 4.9715 1.65
    endloop
  endfacet
  facet normal 0.860821 -0.508908 0
    outer loop
      vertex -7.15659 4.9715 0
      vertex -7.17578 4.93904 1.65
      vertex -7.17578 4.93904 0
    endloop
  endfacet
  facet normal 0.707107 -0.707107 0
    outer loop
      vertex -7.08737 5.06071 1.65
      vertex -7.06071 5.08737 0
      vertex -7.06071 5.08737 1.65
    endloop
  endfacet
  facet normal 0.707107 -0.707107 0
    outer loop
      vertex -7.06071 5.08737 0
      vertex -7.08737 5.06071 1.65
      vertex -7.08737 5.06071 0
    endloop
  endfacet
  facet normal 0.15678 -0.987634 0
    outer loop
      vertex -6.76242 5.23936 0
      vertex -6.72519 5.24527 1.65
      vertex -6.76242 5.23936 1.65
    endloop
  endfacet
  facet normal 0.15678 -0.987634 0
    outer loop
      vertex -6.72519 5.24527 1.65
      vertex -6.76242 5.23936 0
      vertex -6.72519 5.24527 0
    endloop
  endfacet
  facet normal 0.562027 -0.827119 0
    outer loop
      vertex -7.00267 5.13541 0
      vertex -6.9715 5.15659 1.65
      vertex -7.00267 5.13541 1.65
    endloop
  endfacet
  facet normal 0.562027 -0.827119 0
    outer loop
      vertex -6.9715 5.15659 1.65
      vertex -7.00267 5.13541 0
      vertex -6.9715 5.15659 0
    endloop
  endfacet
  facet normal 0.508908 -0.860821 0
    outer loop
      vertex -6.9715 5.15659 0
      vertex -6.93904 5.17578 1.65
      vertex -6.9715 5.15659 1.65
    endloop
  endfacet
  facet normal 0.508908 -0.860821 0
    outer loop
      vertex -6.93904 5.17578 1.65
      vertex -6.9715 5.15659 0
      vertex -6.93904 5.17578 0
    endloop
  endfacet
  facet normal 0 1 -0
    outer loop
      vertex -7.25 -3 0
      vertex -9.59999 -3 1.65
      vertex -7.25 -3 1.65
    endloop
  endfacet
  facet normal 0 1 0
    outer loop
      vertex -9.59999 -3 1.65
      vertex -7.25 -3 0
      vertex -9.59999 -3 0
    endloop
  endfacet
  facet normal 0 -1 0
    outer loop
      vertex -9.59999 3 0
      vertex -7.25 3 1.65
      vertex -9.59999 3 1.65
    endloop
  endfacet
  facet normal 0 -1 -0
    outer loop
      vertex -7.25 3 1.65
      vertex -9.59999 3 0
      vertex -7.25 3 0
    endloop
  endfacet
endsolid OpenSCAD_Model
